[{"model": "accounts.accounttype", "pk": 1, "fields": {"name": "\u0641\u0631\u0648\u0634", "programingName": "sale", "nature": "bes", "usage": "incomeStatement"}}, {"model": "accounts.accounttype", "pk": 2, "fields": {"name": "\u0628\u0631\u06af\u0634\u062a \u0627\u0632 \u0641\u0631\u0648\u0634 \u0648 \u062a\u062e\u0641\u06cc\u0641\u0627\u062a", "programingName": "backFromSaleAndDiscounts", "nature": "bed", "usage": "incomeStatement"}}, {"model": "accounts.accounttype", "pk": 3, "fields": {"name": "\u062f\u0631\u0622\u0645\u062f \u0647\u0627\u06cc \u0639\u0645\u0644\u06cc\u0627\u062a\u06cc", "programingName": "operatingIncomes", "nature": "bes", "usage": "incomeStatement"}}, {"model": "accounts.accounttype", "pk": 4, "fields": {"name": "\u0628\u0647\u0627\u06cc \u062a\u0645\u0627\u0645 \u0634\u062f\u0647 \u06a9\u0627\u0644\u0627\u06cc \u0641\u0631\u0648\u0634 \u0631\u0641\u062a\u0647 \u0648 \u062e\u062f\u0645\u0627\u062a \u0627\u0631\u0627\u0626\u0647 \u0634\u062f\u0647", "programingName": "soldProductValue", "nature": "bed", "usage": "incomeStatement"}}, {"model": "accounts.accounttype", "pk": 11, "fields": {"name": "\u0647\u0632\u06cc\u0646\u0647 \u0647\u0627\u06cc \u0639\u0645\u0644\u06cc\u0627\u062a\u06cc", "programingName": "operatingCosts", "nature": "bed", "usage": "incomeStatement"}}, {"model": "accounts.accounttype", "pk": 12, "fields": {"name": "\u062f\u0631\u0622\u0645\u062f \u063a\u06cc\u0631 \u0639\u0645\u0644\u06cc\u0627\u062a\u06cc", "programingName": "nonOperatingIncomes", "nature": "bes", "usage": "incomeStatement"}}, {"model": "accounts.accounttype", "pk": 13, "fields": {"name": "\u0647\u0632\u06cc\u0646\u0647 \u0647\u0627\u06cc \u063a\u06cc\u0631 \u0639\u0645\u0644\u06cc\u0627\u062a\u06cc", "programingName": "nonOperatingCosts", "nature": "bed", "usage": "incomeStatement"}}, {"model": "accounts.accounttype", "pk": 14, "fields": {"name": "\u0646\u0642\u062f \u0648 \u0628\u0627\u0646\u06a9", "programingName": "cacheAndBank", "nature": "bed", "usage": "balanceSheet"}}, {"model": "accounts.accounttype", "pk": 15, "fields": {"name": "\u0633\u0631\u0645\u0627\u06cc\u0647 \u06af\u0630\u0627\u0631\u06cc \u0647\u0627\u06cc \u06a9\u0648\u062a\u0627\u0647 \u0645\u062f\u062a", "programingName": "shortTimeInvestments", "nature": "bed", "usage": "balanceSheet"}}, {"model": "accounts.accounttype", "pk": 16, "fields": {"name": "\u062d\u0633\u0627\u0628 \u0647\u0627 \u0648 \u0627\u0633\u0646\u0627\u062f \u062f\u0631\u06cc\u0627\u0641\u062a\u0646\u06cc \u062a\u062c\u0627\u0631\u06cc", "programingName": "commercialAccountsAndReceivables", "nature": "bed", "usage": "balanceSheet"}}, {"model": "accounts.accounttype", "pk": 17, "fields": {"name": "\u0633\u0627\u06cc\u0631 \u062d\u0633\u0627\u0628 \u0647\u0627\u06cc \u0648 \u0627\u0633\u0646\u0627\u062f \u062f\u0631\u06cc\u0627\u0641\u062a\u0646\u06cc", "programingName": "otherAccountsAndReceivables", "nature": "bed", "usage": "balanceSheet"}}, {"model": "accounts.accounttype", "pk": 18, "fields": {"name": "\u0645\u0648\u062c\u0648\u062f\u06cc \u0645\u0648\u0627\u062f \u0648 \u06a9\u0627\u0644\u0627", "programingName": "inventories", "nature": "bed", "usage": "balanceSheet"}}, {"model": "accounts.accounttype", "pk": 19, "fields": {"name": "\u0633\u0641\u0627\u0631\u0634\u0627\u062a \u0648 \u067e\u06cc\u0634 \u067e\u0631\u062f\u0627\u062e\u062a \u0647\u0627", "programingName": "ordersAndPrepayments", "nature": "bed", "usage": "balanceSheet"}}, {"model": "accounts.accounttype", "pk": 20, "fields": {"name": "\u062f\u0627\u0631\u0627\u06cc\u06cc \u0647\u0627\u06cc \u062b\u0627\u0628\u062a \u0645\u0634\u0647\u0648\u062f", "programingName": "evidentFixedAssets", "nature": "bed", "usage": "balanceSheet"}}, {"model": "accounts.accounttype", "pk": 21, "fields": {"name": "\u062f\u0627\u0631\u0627\u06cc\u06cc \u0647\u0627\u06cc \u0646\u0627 \u0645\u0634\u0647\u0648\u062f", "programingName": "notEvidentAssets", "nature": "bed", "usage": "balanceSheet"}}, {"model": "accounts.accounttype", "pk": 22, "fields": {"name": "\u0633\u0631\u0645\u0627\u06cc\u0647 \u06af\u0630\u0627\u0631\u06cc \u0647\u0627\u06cc \u0628\u0644\u0646\u062f \u0645\u062f\u062a", "programingName": "longTimeInvestments", "nature": "bed", "usage": "balanceSheet"}}, {"model": "accounts.accounttype", "pk": 23, "fields": {"name": "\u0633\u0627\u06cc\u0631 \u062f\u0627\u0631\u0627\u06cc\u06cc \u0647\u0627", "programingName": "otherAssets", "nature": "bed", "usage": "balanceSheet"}}, {"model": "accounts.accounttype", "pk": 24, "fields": {"name": "\u062d\u0633\u0627\u0628 \u0647\u0627 \u0648 \u0627\u0633\u0646\u0627\u062f \u067e\u0631\u062f\u0627\u062e\u062a\u0646\u06cc \u062a\u062c\u0627\u0631\u06cc", "programingName": "businessAccountsAndPayableDocuments", "nature": "bes", "usage": "balanceSheet"}}, {"model": "accounts.accounttype", "pk": 25, "fields": {"name": "\u0633\u0627\u06cc\u0631 \u062d\u0633\u0627\u0628 \u0647\u0627 \u0648 \u0627\u0633\u0646\u0627\u062f \u067e\u0631\u062f\u0627\u062e\u062a\u06cc", "programingName": "otherAccountsAndPayableDocuments", "nature": "bes", "usage": "balanceSheet"}}, {"model": "accounts.accounttype", "pk": 26, "fields": {"name": "\u067e\u06cc\u0634 \u062f\u0631\u06cc\u0627\u0641\u062a \u0647\u0627", "programingName": "prepayments", "nature": "bes", "usage": "balanceSheet"}}, {"model": "accounts.accounttype", "pk": 27, "fields": {"name": "\u0627\u0646\u0648\u0627\u0639 \u0630\u062e\u06cc\u0631\u0647 \u0647\u0627", "programingName": "saveTypes", "nature": "bes", "usage": "balanceSheet"}}, {"model": "accounts.accounttype", "pk": 28, "fields": {"name": "\u0633\u0648\u062f \u0633\u0647\u0627\u0645 \u067e\u0631\u062f\u0627\u062e\u062a\u06cc", "programingName": "paidDividends", "nature": "bes", "usage": "balanceSheet"}}, {"model": "accounts.accounttype", "pk": 29, "fields": {"name": "\u062a\u0633\u0647\u06cc\u0644\u0627\u062a \u0645\u0627\u0644\u06cc \u067e\u0631\u062f\u0627\u062e\u062a\u0646\u06cc", "programingName": "receivableFunds", "nature": "bes", "usage": "balanceSheet"}}, {"model": "accounts.accounttype", "pk": 30, "fields": {"name": "\u062d\u0633\u0627\u0628 \u0647\u0627 \u0648 \u0627\u0633\u0646\u0627\u062f \u067e\u0631\u062f\u0627\u062e\u062a\u0646\u06cc \u0628\u0644\u0646\u062f \u0645\u062f\u062a", "programingName": "longtermAccountsAndPayableDocuments", "nature": "bes", "usage": "balanceSheet"}}, {"model": "accounts.accounttype", "pk": 31, "fields": {"name": "\u062a\u0633\u0647\u06cc\u0644\u0627\u062a \u0645\u0627\u0644\u06cc \u067e\u0631\u062f\u0627\u062e\u062a\u0646\u06cc \u0628\u0644\u0646\u062f \u0645\u062f\u062a", "programingName": "longtermReceivableFunds", "nature": "bes", "usage": "balanceSheet"}}, {"model": "accounts.accounttype", "pk": 32, "fields": {"name": "\u0630\u062e\u06cc\u0631\u0647 \u0645\u0632\u0627\u06cc\u0627\u06cc \u067e\u0627\u06cc\u0627\u0646 \u062e\u062f\u0645\u062a \u06a9\u0627\u0631\u06a9\u0646\u0627\u0646", "programingName": "savedEndingServiceBenefits", "nature": "bes", "usage": "balanceSheet"}}, {"model": "accounts.accounttype", "pk": 33, "fields": {"name": "\u0633\u0631\u0645\u0627\u06cc\u0647", "programingName": "fund", "nature": "bes", "usage": "balanceSheet"}}, {"model": "accounts.accounttype", "pk": 34, "fields": {"name": "\u0627\u0646\u062f\u0648\u062e\u062a\u0647 \u0647\u0627", "programingName": "savings", "nature": "bes", "usage": "balanceSheet"}}, {"model": "accounts.accounttype", "pk": 36, "fields": {"name": "\u0633\u0648\u062f (\u0632\u06cc\u0627\u0646) \u0627\u0646\u0628\u0627\u0634\u062a\u0647", "programingName": "accumulatedProfit", "nature": "bes", "usage": "balanceSheet"}}, {"model": "accounts.accounttype", "pk": 37, "fields": {"name": "\u0628\u062f\u0648\u0646 \u0646\u0648\u0639", "programingName": "noType", "nature": "non", "usage": "none"}}, {"model": "accounts.accounttype", "pk": 38, "fields": {"name": "\u0627\u0633\u062a\u0647\u0644\u0627\u06a9 \u0627\u0646\u0628\u0627\u0634\u062a\u0647", "programingName": "accumulatedDepreciation", "nature": "bes", "usage": "balanceSheet"}}, {"model": "accounts.accounttype", "pk": 39, "fields": {"name": "\u062d\u0633\u0627\u0628\u0647\u0627\u06cc \u0627\u0646\u062a\u0638\u0627\u0645\u06cc \u0648 \u06a9\u0646\u062a\u0631\u0644\u06cc", "programingName": "controlAccounts", "nature": "non", "usage": "none"}}, {"model": "accounts.account", "pk": 1, "fields": {"name": "\u062f\u0627\u0631\u0627\u06cc\u06cc \u0647\u0627\u06cc \u062c\u0627\u0631\u06cc", "code": "1", "explanation": null, "is_disabled": false, "max_bed": null, "max_bes": null, "max_bed_with_sanad": null, "max_bes_with_sanad": null, "created_at": null, "updated_at": null, "level": 0, "type": null, "costCenterGroup": null, "floatAccountGroup": null, "parent": null}}, {"model": "accounts.account", "pk": 2, "fields": {"name": "\u062f\u0627\u0631\u0627\u06cc\u06cc \u0647\u0627\u06cc \u063a\u06cc\u0631\u062c\u0627\u0631\u06cc", "code": "2", "explanation": null, "is_disabled": false, "max_bed": null, "max_bes": null, "max_bed_with_sanad": null, "max_bes_with_sanad": null, "created_at": "2019-02-09", "updated_at": null, "level": 0, "type": null, "costCenterGroup": null, "floatAccountGroup": null, "parent": null}}, {"model": "accounts.account", "pk": 3, "fields": {"name": "\u0628\u062f\u0647\u06cc \u0647\u0627\u06cc \u062c\u0627\u0631\u06cc", "code": "3", "explanation": null, "is_disabled": false, "max_bed": null, "max_bes": null, "max_bed_with_sanad": null, "max_bes_with_sanad": null, "created_at": null, "updated_at": null, "level": 0, "type": null, "costCenterGroup": null, "floatAccountGroup": null, "parent": null}}, {"model": "accounts.account", "pk": 4, "fields": {"name": "\u0628\u062f\u0647\u06cc \u0647\u0627\u06cc \u0628\u0644\u0646\u062f\u0645\u062a", "code": "4", "explanation": null, "is_disabled": false, "max_bed": null, "max_bes": null, "max_bed_with_sanad": null, "max_bes_with_sanad": null, "created_at": null, "updated_at": null, "level": 0, "type": null, "costCenterGroup": null, "floatAccountGroup": null, "parent": null}}, {"model": "accounts.account", "pk": 5, "fields": {"name": "\u0633\u0631\u0645\u0627\u06cc\u0647 \u0648 \u062d\u0642\u0648\u0642 \u0635\u0627\u062d\u0628\u0627\u0646 \u0633\u0647\u0627\u0645", "code": "5", "explanation": null, "is_disabled": false, "max_bed": null, "max_bes": null, "max_bed_with_sanad": null, "max_bes_with_sanad": null, "created_at": "2019-04-02", "updated_at": null, "level": 0, "type": null, "costCenterGroup": null, "floatAccountGroup": null, "parent": null}}, {"model": "accounts.account", "pk": 6, "fields": {"name": "\u062f\u0631\u0627\u0645\u062f\u0647\u0627", "code": "6", "explanation": null, "is_disabled": false, "max_bed": null, "max_bes": null, "max_bed_with_sanad": null, "max_bes_with_sanad": null, "created_at": null, "updated_at": null, "level": 0, "type": null, "costCenterGroup": null, "floatAccountGroup": null, "parent": null}}, {"model": "accounts.account", "pk": 7, "fields": {"name": "\u0628\u0647\u0627\u06cc \u062a\u0645\u0627\u0645 \u0634\u062f\u0647 \u06a9\u0627\u0644\u0627\u06cc \u0641\u0631\u0648\u0634 \u0631\u0641\u062a\u0647 \u0648\u062e\u062f\u0645\u0627\u062a \u0627\u0631\u0627\u0626\u0647 \u0634\u062f\u0647", "code": "7", "explanation": null, "is_disabled": false, "max_bed": null, "max_bes": null, "max_bed_with_sanad": null, "max_bes_with_sanad": null, "created_at": null, "updated_at": null, "level": 0, "type": null, "costCenterGroup": null, "floatAccountGroup": null, "parent": null}}, {"model": "accounts.account", "pk": 8, "fields": {"name": "\u0647\u0632\u06cc\u0646\u0647", "code": "8", "explanation": null, "is_disabled": false, "max_bed": null, "max_bes": null, "max_bed_with_sanad": null, "max_bes_with_sanad": null, "created_at": null, "updated_at": null, "level": 0, "type": null, "costCenterGroup": null, "floatAccountGroup": null, "parent": null}}, {"model": "accounts.account", "pk": 9, "fields": {"name": "\u0633\u0627\u06cc\u0631\u062d\u0633\u0627\u0628\u0647\u0627", "code": "9", "explanation": null, "is_disabled": false, "max_bed": null, "max_bes": null, "max_bed_with_sanad": null, "max_bes_with_sanad": null, "created_at": null, "updated_at": null, "level": 0, "type": null, "costCenterGroup": null, "floatAccountGroup": null, "parent": null}}, {"model": "accounts.account", "pk": 10, "fields": {"name": "\u0645\u0648\u062c\u0648\u062f\u06cc \u0646\u0642\u062f\u0648\u0628\u0627\u0646\u06a9", "code": "101", "explanation": null, "is_disabled": false, "max_bed": null, "max_bes": null, "max_bed_with_sanad": null, "max_bes_with_sanad": null, "created_at": "2019-03-08", "updated_at": null, "level": 1, "type": 14, "costCenterGroup": null, "floatAccountGroup": null, "parent": 1}}, {"model": "accounts.account", "pk": 11, "fields": {"name": "\u0633\u0631\u0645\u0627\u06cc\u0647 \u06af\u0630\u0627\u0631\u06cc \u0647\u0627\u06cc \u06a9\u0648\u062a\u0627\u0647 \u0645\u062f\u062a", "code": "102", "explanation": null, "is_disabled": false, "max_bed": null, "max_bes": null, "max_bed_with_sanad": null, "max_bes_with_sanad": null, "created_at": "2019-03-08", "updated_at": null, "level": 1, "type": 15, "costCenterGroup": null, "floatAccountGroup": null, "parent": 1}}, {"model": "accounts.account", "pk": 12, "fields": {"name": "\u062d\u0633\u0627\u0628 \u0647\u0627\u06cc \u062f\u0631\u06cc\u0627\u0641\u062a\u0646\u06cc \u062a\u062c\u0627\u0631\u06cc", "code": "103", "explanation": null, "is_disabled": false, "max_bed": null, "max_bes": null, "max_bed_with_sanad": null, "max_bes_with_sanad": null, "created_at": "2019-03-11", "updated_at": null, "level": 1, "type": 16, "costCenterGroup": null, "floatAccountGroup": null, "parent": 1}}, {"model": "accounts.account", "pk": 13, "fields": {"name": "\u0627\u0633\u0646\u0627\u062f\u062f\u0631\u06cc\u0627\u0641\u062a\u0646\u06cc", "code": "104", "explanation": null, "is_disabled": false, "max_bed": null, "max_bes": null, "max_bed_with_sanad": null, "max_bes_with_sanad": null, "created_at": "2019-03-08", "updated_at": null, "level": 1, "type": 16, "costCenterGroup": null, "floatAccountGroup": null, "parent": 1}}, {"model": "accounts.account", "pk": 14, "fields": {"name": "\u0633\u0627\u06cc\u0631\u062d\u0633\u0627\u0628 \u0647\u0627\u06cc \u062f\u0631\u06cc\u0627\u0641\u062a\u0646\u06cc", "code": "105", "explanation": null, "is_disabled": false, "max_bed": null, "max_bes": null, "max_bed_with_sanad": null, "max_bes_with_sanad": null, "created_at": "2019-03-08", "updated_at": null, "level": 1, "type": 16, "costCenterGroup": null, "floatAccountGroup": null, "parent": 1}}, {"model": "accounts.account", "pk": 15, "fields": {"name": "\u0645\u0648\u062c\u0648\u062f\u06cc \u0645\u0648\u0627\u062f\u0648\u06a9\u0627\u0644\u0627", "code": "106", "explanation": null, "is_disabled": false, "max_bed": null, "max_bes": null, "max_bed_with_sanad": null, "max_bes_with_sanad": null, "created_at": "2019-03-08", "updated_at": null, "level": 1, "type": 18, "costCenterGroup": null, "floatAccountGroup": null, "parent": 1}}, {"model": "accounts.account", "pk": 16, "fields": {"name": "\u0633\u0641\u0627\u0631\u0634\u0627\u062a \u0648\u067e\u06cc\u0634 \u067e\u0631\u062f\u0627\u062e\u062a\u0647\u0627", "code": "107", "explanation": null, "is_disabled": false, "max_bed": null, "max_bes": null, "max_bed_with_sanad": null, "max_bes_with_sanad": null, "created_at": "2019-03-08", "updated_at": null, "level": 1, "type": 19, "costCenterGroup": null, "floatAccountGroup": null, "parent": 1}}, {"model": "accounts.account", "pk": 17, "fields": {"name": "\u062f\u0627\u0631\u0627\u06cc\u06cc \u0647\u0627\u06cc \u062b\u0627\u0628\u062a \u0645\u0634\u0647\u0648\u062f", "code": "201", "explanation": null, "is_disabled": false, "max_bed": null, "max_bes": null, "max_bed_with_sanad": null, "max_bes_with_sanad": null, "created_at": "2019-03-11", "updated_at": null, "level": 1, "type": 20, "costCenterGroup": null, "floatAccountGroup": null, "parent": 2}}, {"model": "accounts.account", "pk": 18, "fields": {"name": "\u0627\u0633\u062a\u0647\u0644\u0627\u06a9 \u0627\u0646\u0628\u0627\u0634\u062a\u0647 \u062f\u0627\u0631\u0627\u06cc\u06cc \u0647\u0627\u06cc \u062b\u0627\u0628\u062a \u0645\u0634\u0647\u0648\u062f", "code": "202", "explanation": null, "is_disabled": false, "max_bed": null, "max_bes": null, "max_bed_with_sanad": null, "max_bes_with_sanad": null, "created_at": "2019-03-12", "updated_at": null, "level": 1, "type": 38, "costCenterGroup": null, "floatAccountGroup": null, "parent": 2}}, {"model": "accounts.account", "pk": 19, "fields": {"name": "\u062f\u0627\u0631\u0627\u06cc\u06cc \u0647\u0627\u06cc \u0646\u0627\u0645\u0634\u0647\u0648\u062f", "code": "203", "explanation": null, "is_disabled": false, "max_bed": null, "max_bes": null, "max_bed_with_sanad": null, "max_bes_with_sanad": null, "created_at": "2019-03-08", "updated_at": null, "level": 1, "type": 21, "costCenterGroup": null, "floatAccountGroup": null, "parent": 2}}, {"model": "accounts.account", "pk": 20, "fields": {"name": "\u0633\u0631\u0645\u0627\u06cc\u0647 \u06af\u0630\u0627\u0631\u06cc \u0647\u0627\u06cc \u0628\u0644\u0646\u062f\u0645\u062f\u062a", "code": "204", "explanation": null, "is_disabled": false, "max_bed": null, "max_bes": null, "max_bed_with_sanad": null, "max_bes_with_sanad": null, "created_at": "2019-03-08", "updated_at": null, "level": 1, "type": 22, "costCenterGroup": null, "floatAccountGroup": null, "parent": 2}}, {"model": "accounts.account", "pk": 21, "fields": {"name": "\u0633\u0627\u06cc\u0631\u062f\u0627\u0631\u0627\u06cc\u06cc \u0647\u0627\u06cc \u063a\u06cc\u0631\u062c\u0627\u0631\u06cc", "code": "205", "explanation": null, "is_disabled": false, "max_bed": null, "max_bes": null, "max_bed_with_sanad": null, "max_bes_with_sanad": null, "created_at": "2019-03-08", "updated_at": null, "level": 1, "type": 23, "costCenterGroup": null, "floatAccountGroup": null, "parent": 2}}, {"model": "accounts.account", "pk": 22, "fields": {"name": "\u062d\u0633\u0627\u0628 \u0647\u0627\u06cc \u067e\u0631\u062f\u0627\u062e\u062a\u0646\u06cc", "code": "301", "explanation": null, "is_disabled": false, "max_bed": null, "max_bes": null, "max_bed_with_sanad": null, "max_bes_with_sanad": null, "created_at": "2019-03-10", "updated_at": null, "level": 1, "type": 24, "costCenterGroup": null, "floatAccountGroup": null, "parent": 3}}, {"model": "accounts.account", "pk": 23, "fields": {"name": "\u0627\u0633\u0646\u0627\u062f\u067e\u0631\u062f\u0627\u062e\u062a\u0646\u06cc \u062a\u062c\u0627\u0631\u06cc", "code": "302", "explanation": null, "is_disabled": false, "max_bed": null, "max_bes": null, "max_bed_with_sanad": null, "max_bes_with_sanad": null, "created_at": "2019-03-08", "updated_at": null, "level": 1, "type": 24, "costCenterGroup": null, "floatAccountGroup": null, "parent": 3}}, {"model": "accounts.account", "pk": 24, "fields": {"name": "\u0633\u0627\u06cc\u0631\u062d\u0633\u0627\u0628 \u0647\u0627\u06cc \u067e\u0631\u062f\u0627\u062e\u062a\u0646\u06cc", "code": "303", "explanation": null, "is_disabled": false, "max_bed": null, "max_bes": null, "max_bed_with_sanad": null, "max_bes_with_sanad": null, "created_at": "2019-03-08", "updated_at": null, "level": 1, "type": 25, "costCenterGroup": null, "floatAccountGroup": null, "parent": 3}}, {"model": "accounts.account", "pk": 25, "fields": {"name": "\u0633\u0641\u0627\u0631\u0634\u0627\u062a \u0648\u067e\u06cc\u0634 \u062f\u0631\u06cc\u0627\u0641\u062a \u0647\u0627", "code": "304", "explanation": null, "is_disabled": false, "max_bed": null, "max_bes": null, "max_bed_with_sanad": null, "max_bes_with_sanad": null, "created_at": "2019-03-08", "updated_at": null, "level": 1, "type": 26, "costCenterGroup": null, "floatAccountGroup": null, "parent": 3}}, {"model": "accounts.account", "pk": 27, "fields": {"name": "\u0633\u067e\u0631\u062f\u0647 \u0647\u0627\u06cc \u067e\u0631\u062f\u0627\u062e\u062a\u0646\u06cc", "code": "306", "explanation": null, "is_disabled": false, "max_bed": null, "max_bes": null, "max_bed_with_sanad": null, "max_bes_with_sanad": null, "created_at": "2019-03-08", "updated_at": null, "level": 1, "type": 24, "costCenterGroup": null, "floatAccountGroup": null, "parent": 3}}, {"model": "accounts.account", "pk": 28, "fields": {"name": "\u062a\u0633\u0647\u06cc\u0644\u0627\u062a \u0648\u0627\u0639\u062a\u0628\u0627\u0631\u0627\u062a \u0645\u0627\u0644\u06cc \u062f\u0631\u06cc\u0627\u0641\u062a\u06cc \u06a9\u0648\u062a\u0627\u0647 \u0645\u062f\u062a", "code": "307", "explanation": null, "is_disabled": false, "max_bed": null, "max_bes": null, "max_bed_with_sanad": null, "max_bes_with_sanad": null, "created_at": "2019-03-08", "updated_at": null, "level": 1, "type": 29, "costCenterGroup": null, "floatAccountGroup": null, "parent": 3}}, {"model": "accounts.account", "pk": 30, "fields": {"name": "\u062d\u0633\u0627\u0628 \u0647\u0627\u06cc \u0628\u0644\u0646\u062f\u0645\u062f\u062a \u067e\u0631\u062f\u0627\u062e\u062a\u0646\u06cc", "code": "401", "explanation": null, "is_disabled": false, "max_bed": null, "max_bes": null, "max_bed_with_sanad": null, "max_bes_with_sanad": null, "created_at": "2019-03-08", "updated_at": null, "level": 1, "type": 30, "costCenterGroup": null, "floatAccountGroup": null, "parent": 4}}, {"model": "accounts.account", "pk": 31, "fields": {"name": "\u0627\u0633\u0646\u0627\u062f\u0628\u0644\u0646\u062f\u0645\u062f\u062a \u067e\u0631\u062f\u0627\u062e\u062a\u0646\u06cc", "code": "402", "explanation": null, "is_disabled": false, "max_bed": null, "max_bes": null, "max_bed_with_sanad": null, "max_bes_with_sanad": null, "created_at": "2019-03-08", "updated_at": null, "level": 1, "type": 30, "costCenterGroup": null, "floatAccountGroup": null, "parent": 4}}, {"model": "accounts.account", "pk": 32, "fields": {"name": "\u062a\u0633\u0647\u06cc\u0644\u0627\u062a \u0648\u0627\u0639\u062a\u0628\u0627\u0631\u0627\u062a \u0645\u0627\u0644\u06cc \u067e\u0631\u062f\u0627\u062e\u062a\u0646\u06cc \u0628\u0644\u0646\u062f \u0645\u062f\u062a", "code": "403", "explanation": null, "is_disabled": false, "max_bed": null, "max_bes": null, "max_bed_with_sanad": null, "max_bes_with_sanad": null, "created_at": "2019-04-02", "updated_at": null, "level": 1, "type": 31, "costCenterGroup": null, "floatAccountGroup": null, "parent": 4}}, {"model": "accounts.account", "pk": 33, "fields": {"name": "\u0630\u062e\u06cc\u0631\u0647 \u0645\u0632\u0627\u06cc\u0627\u06cc \u067e\u0627\u06cc\u0627\u0646 \u062e\u062f\u0645\u062a \u06a9\u0627\u0631\u06a9\u0646\u0627\u0646", "code": "404", "explanation": null, "is_disabled": false, "max_bed": null, "max_bes": null, "max_bed_with_sanad": null, "max_bes_with_sanad": null, "created_at": "2019-03-08", "updated_at": null, "level": 1, "type": 27, "costCenterGroup": null, "floatAccountGroup": null, "parent": 4}}, {"model": "accounts.account", "pk": 34, "fields": {"name": "\u062f\u0631\u0627\u0645\u062f\u0647\u0627\u06cc \u0627\u0646\u062a\u0642\u0627\u0644\u06cc \u0628\u0647 \u062f\u0648\u0631\u0647 \u0647\u0627\u06cc \u0627\u062a\u06cc", "code": "405", "explanation": null, "is_disabled": false, "max_bed": null, "max_bes": null, "max_bed_with_sanad": null, "max_bes_with_sanad": null, "created_at": "2019-03-08", "updated_at": null, "level": 1, "type": 26, "costCenterGroup": null, "floatAccountGroup": null, "parent": 4}}, {"model": "accounts.account", "pk": 35, "fields": {"name": "\u0633\u0631\u0645\u0627\u06cc\u0647", "code": "501", "explanation": null, "is_disabled": false, "max_bed": null, "max_bes": null, "max_bed_with_sanad": null, "max_bes_with_sanad": null, "created_at": "2019-04-02", "updated_at": null, "level": 1, "type": 33, "costCenterGroup": null, "floatAccountGroup": null, "parent": 5}}, {"model": "accounts.account", "pk": 36, "fields": {"name": "\u0627\u0646\u062f\u0648\u062e\u062a\u0647 \u0642\u0627\u0646\u0648\u0646\u06cc", "code": "502", "explanation": null, "is_disabled": false, "max_bed": null, "max_bes": null, "max_bed_with_sanad": null, "max_bes_with_sanad": null, "created_at": "2019-03-08", "updated_at": null, "level": 1, "type": 34, "costCenterGroup": null, "floatAccountGroup": null, "parent": 5}}, {"model": "accounts.account", "pk": 37, "fields": {"name": "\u0633\u0627\u06cc\u0631\u0627\u0646\u062f\u0648\u062e\u062a\u0647 \u0647\u0627", "code": "503", "explanation": null, "is_disabled": false, "max_bed": null, "max_bes": null, "max_bed_with_sanad": null, "max_bes_with_sanad": null, "created_at": "2019-03-08", "updated_at": null, "level": 1, "type": 34, "costCenterGroup": null, "floatAccountGroup": null, "parent": 5}}, {"model": "accounts.account", "pk": 38, "fields": {"name": "\u0645\u0627\u0632\u0627\u062f \u062a\u062c\u062f\u06cc\u062f \u0627\u0631\u0632\u06cc\u0627\u0628\u06cc \u062f\u0627\u0631\u0627\u06cc\u06cc \u0647\u0627", "code": "504", "explanation": null, "is_disabled": false, "max_bed": null, "max_bes": null, "max_bed_with_sanad": null, "max_bes_with_sanad": null, "created_at": "2019-04-02", "updated_at": null, "level": 1, "type": 36, "costCenterGroup": null, "floatAccountGroup": null, "parent": 5}}, {"model": "accounts.account", "pk": 39, "fields": {"name": "\u0633\u0648\u062f\u0648\u0632\u06cc\u0627\u0646 \u0627\u0646\u0628\u0627\u0634\u062a\u0647", "code": "505", "explanation": null, "is_disabled": false, "max_bed": null, "max_bes": null, "max_bed_with_sanad": null, "max_bes_with_sanad": null, "created_at": "2019-03-08", "updated_at": null, "level": 1, "type": 36, "costCenterGroup": null, "floatAccountGroup": null, "parent": 5}}, {"model": "accounts.account", "pk": 40, "fields": {"name": "\u0641\u0631\u0648\u0634", "code": "601", "explanation": null, "is_disabled": false, "max_bed": null, "max_bes": null, "max_bed_with_sanad": null, "max_bes_with_sanad": null, "created_at": "2019-03-08", "updated_at": null, "level": 1, "type": 1, "costCenterGroup": null, "floatAccountGroup": null, "parent": 6}}, {"model": "accounts.account", "pk": 41, "fields": {"name": "\u062f\u0631\u0627\u0645\u062f\u062d\u0627\u0635\u0644 \u0627\u0632 \u0627\u0631\u0627\u0626\u0647 \u062e\u062f\u0645\u0627\u062a", "code": "602", "explanation": null, "is_disabled": false, "max_bed": null, "max_bes": null, "max_bed_with_sanad": null, "max_bes_with_sanad": null, "created_at": "2019-03-08", "updated_at": null, "level": 1, "type": 1, "costCenterGroup": null, "floatAccountGroup": null, "parent": 6}}, {"model": "accounts.account", "pk": 42, "fields": {"name": "\u0633\u0627\u06cc\u0631\u062f\u0631\u0627\u0645\u062f\u0647\u0627\u06cc \u0639\u0645\u0644\u06cc\u0627\u062a\u06cc", "code": "603", "explanation": null, "is_disabled": false, "max_bed": null, "max_bes": null, "max_bed_with_sanad": null, "max_bes_with_sanad": null, "created_at": "2019-03-11", "updated_at": null, "level": 1, "type": 3, "costCenterGroup": null, "floatAccountGroup": null, "parent": 6}}, {"model": "accounts.account", "pk": 43, "fields": {"name": "\u0633\u0627\u06cc\u0631\u062f\u0631\u0627\u0645\u062f\u0647\u0627\u06cc \u063a\u06cc\u0631\u0639\u0645\u0644\u06cc\u0627\u062a\u06cc", "code": "604", "explanation": null, "is_disabled": false, "max_bed": null, "max_bes": null, "max_bed_with_sanad": null, "max_bes_with_sanad": null, "created_at": "2019-03-08", "updated_at": null, "level": 1, "type": 12, "costCenterGroup": null, "floatAccountGroup": null, "parent": 6}}, {"model": "accounts.account", "pk": 44, "fields": {"name": "\u0628\u0647\u0627\u06cc \u062a\u0645\u0627\u0645 \u0634\u062f\u0647 \u06a9\u0627\u0644\u0627\u06cc \u0641\u0631\u0648\u0634 \u0631\u0641\u062a\u0647", "code": "701", "explanation": null, "is_disabled": false, "max_bed": null, "max_bes": null, "max_bed_with_sanad": null, "max_bes_with_sanad": null, "created_at": "2019-04-02", "updated_at": null, "level": 1, "type": 4, "costCenterGroup": null, "floatAccountGroup": null, "parent": 7}}, {"model": "accounts.account", "pk": 46, "fields": {"name": "\u0647\u0632\u06cc\u0646\u0647 \u062d\u0642\u0648\u0642 \u0648 \u062f\u0633\u062a\u0645\u0632\u062f \u06a9\u0627\u0631\u06a9\u0646\u0627\u0646", "code": "801", "explanation": null, "is_disabled": false, "max_bed": null, "max_bes": null, "max_bed_with_sanad": null, "max_bes_with_sanad": null, "created_at": "2019-04-02", "updated_at": null, "level": 1, "type": 11, "costCenterGroup": null, "floatAccountGroup": null, "parent": 8}}, {"model": "accounts.account", "pk": 47, "fields": {"name": "\u0647\u0632\u06cc\u0646\u0647 \u0647\u0627\u06cc \u0639\u0645\u0644\u06cc\u0627\u062a\u06cc", "code": "802", "explanation": null, "is_disabled": false, "max_bed": null, "max_bes": null, "max_bed_with_sanad": null, "max_bes_with_sanad": null, "created_at": "2019-03-08", "updated_at": null, "level": 1, "type": 11, "costCenterGroup": null, "floatAccountGroup": null, "parent": 8}}, {"model": "accounts.account", "pk": 48, "fields": {"name": "\u0633\u0627\u06cc\u0631\u0647\u0632\u06cc\u0646\u0647 \u0647\u0627\u06cc \u0639\u0645\u0644\u06cc\u0627\u062a\u06cc", "code": "803", "explanation": null, "is_disabled": false, "max_bed": null, "max_bes": null, "max_bed_with_sanad": null, "max_bes_with_sanad": null, "created_at": "2019-03-08", "updated_at": null, "level": 1, "type": 11, "costCenterGroup": null, "floatAccountGroup": null, "parent": 8}}, {"model": "accounts.account", "pk": 49, "fields": {"name": "\u0647\u0632\u06cc\u0646\u0647 \u0647\u0627\u06cc \u0645\u0627\u0644\u06cc", "code": "804", "explanation": null, "is_disabled": false, "max_bed": null, "max_bes": null, "max_bed_with_sanad": null, "max_bes_with_sanad": null, "created_at": "2019-03-08", "updated_at": null, "level": 1, "type": 11, "costCenterGroup": null, "floatAccountGroup": null, "parent": 8}}, {"model": "accounts.account", "pk": 50, "fields": {"name": "\u0647\u0632\u06cc\u0646\u0647 \u0647\u0627\u06cc \u062a\u0648\u0632\u06cc\u0639 \u0648 \u0641\u0631\u0648\u0634 \u0648 \u0628\u0627\u0632\u0627\u0631 \u06cc\u0627\u0628\u06cc", "code": "805", "explanation": null, "is_disabled": false, "max_bed": null, "max_bes": null, "max_bed_with_sanad": null, "max_bes_with_sanad": null, "created_at": "2019-04-02", "updated_at": null, "level": 1, "type": 11, "costCenterGroup": null, "floatAccountGroup": null, "parent": 8}}, {"model": "accounts.account", "pk": 51, "fields": {"name": "\u062d\u0633\u0627\u0628 \u0647\u0627\u06cc \u0627\u0646\u062a\u0638\u0627\u0645\u06cc", "code": "901", "explanation": null, "is_disabled": false, "max_bed": null, "max_bes": null, "max_bed_with_sanad": null, "max_bes_with_sanad": null, "created_at": "2019-03-12", "updated_at": null, "level": 1, "type": 39, "costCenterGroup": null, "floatAccountGroup": null, "parent": 9}}, {"model": "accounts.account", "pk": 52, "fields": {"name": "\u0637\u0631\u0641 \u062d\u0633\u0627\u0628 \u0647\u0627\u06cc \u0627\u0646\u062a\u0638\u0627\u0645\u06cc", "code": "902", "explanation": null, "is_disabled": false, "max_bed": null, "max_bes": null, "max_bed_with_sanad": null, "max_bes_with_sanad": null, "created_at": "2019-03-12", "updated_at": null, "level": 1, "type": 39, "costCenterGroup": null, "floatAccountGroup": null, "parent": 9}}, {"model": "accounts.account", "pk": 53, "fields": {"name": "\u062a\u0631\u0627\u0632\u0627\u0641\u062a\u062a\u0627\u062d\u06cc\u0647", "code": "903", "explanation": null, "is_disabled": false, "max_bed": null, "max_bes": null, "max_bed_with_sanad": null, "max_bes_with_sanad": null, "created_at": "2019-03-12", "updated_at": null, "level": 1, "type": 39, "costCenterGroup": null, "floatAccountGroup": null, "parent": 9}}, {"model": "accounts.account", "pk": 54, "fields": {"name": "\u062a\u0631\u0627\u0632\u0627\u062e\u062a\u062a\u0627\u0645\u06cc\u0647", "code": "904", "explanation": null, "is_disabled": false, "max_bed": null, "max_bes": null, "max_bed_with_sanad": null, "max_bes_with_sanad": null, "created_at": "2019-03-12", "updated_at": null, "level": 1, "type": 39, "costCenterGroup": null, "floatAccountGroup": null, "parent": 9}}, {"model": "accounts.account", "pk": 55, "fields": {"name": "\u0645\u0648\u062c\u0648\u062f\u06cc \u0628\u0627\u0646\u06a9\u0647\u0627", "code": "10101", "explanation": null, "is_disabled": false, "max_bed": null, "max_bes": null, "max_bed_with_sanad": null, "max_bes_with_sanad": null, "created_at": null, "updated_at": null, "level": 2, "type": 14, "costCenterGroup": null, "floatAccountGroup": null, "parent": 10}}, {"model": "accounts.account", "pk": 56, "fields": {"name": "\u0645\u0648\u062c\u0648\u062f\u06cc \u0635\u0646\u062f\u0648\u0642 \u0647\u0627", "code": "10102", "explanation": null, "is_disabled": false, "max_bed": null, "max_bes": null, "max_bed_with_sanad": null, "max_bes_with_sanad": null, "created_at": "2019-03-31", "updated_at": null, "level": 2, "type": 14, "costCenterGroup": null, "floatAccountGroup": null, "parent": 10}}, {"model": "accounts.account", "pk": 57, "fields": {"name": "\u0645\u0648\u062c\u0648\u062f\u06cc \u0646\u0632\u062f \u062a\u0646\u062e\u0648\u0627\u0647 \u06af\u0631\u062f\u0627\u0646", "code": "10103", "explanation": null, "is_disabled": false, "max_bed": null, "max_bes": null, "max_bed_with_sanad": null, "max_bes_with_sanad": null, "created_at": null, "updated_at": null, "level": 2, "type": 14, "costCenterGroup": null, "floatAccountGroup": null, "parent": 10}}, {"model": "accounts.account", "pk": 58, "fields": {"name": "\u0627\u0633\u0646\u0627\u062f\u0648\u0627\u0648\u0631\u0627\u0642 \u0628\u0647\u0627\u062f\u0627\u0631 \u0646\u0632\u062f\u0635\u0646\u062f\u0648\u0642", "code": "10104", "explanation": null, "is_disabled": false, "max_bed": null, "max_bes": null, "max_bed_with_sanad": null, "max_bes_with_sanad": null, "created_at": null, "updated_at": null, "level": 2, "type": 14, "costCenterGroup": null, "floatAccountGroup": null, "parent": 10}}, {"model": "accounts.account", "pk": 59, "fields": {"name": "\u0648\u062c\u0648\u0647 \u062f\u0631 \u0631\u0627\u0647", "code": "10105", "explanation": null, "is_disabled": false, "max_bed": null, "max_bes": null, "max_bed_with_sanad": null, "max_bes_with_sanad": null, "created_at": null, "updated_at": null, "level": 2, "type": 14, "costCenterGroup": null, "floatAccountGroup": null, "parent": 10}}, {"model": "accounts.account", "pk": 60, "fields": {"name": "\u0645\u0648\u062c\u0648\u062f\u06cc \u0648\u0627\u0631\u06cc\u0632\u06cc \u0646\u0627\u0645\u0647 \u0647\u0627\u06cc \u0627\u0631\u0632\u06cc", "code": "10106", "explanation": null, "is_disabled": false, "max_bed": null, "max_bes": null, "max_bed_with_sanad": null, "max_bes_with_sanad": null, "created_at": null, "updated_at": null, "level": 2, "type": 14, "costCenterGroup": null, "floatAccountGroup": null, "parent": 10}}, {"model": "accounts.account", "pk": 61, "fields": {"name": "\u0645\u0633\u06a9\u0648\u06a9\u0627\u062a", "code": "10107", "explanation": null, "is_disabled": false, "max_bed": null, "max_bes": null, "max_bed_with_sanad": null, "max_bes_with_sanad": null, "created_at": null, "updated_at": null, "level": 2, "type": 14, "costCenterGroup": null, "floatAccountGroup": null, "parent": 10}}, {"model": "accounts.account", "pk": 62, "fields": {"name": "\u0633\u067e\u0631\u062f\u0647 \u0633\u0631\u0645\u0627\u06cc\u0647 \u06af\u0630\u0627\u0631\u06cc", "code": "10201", "explanation": null, "is_disabled": false, "max_bed": null, "max_bes": null, "max_bed_with_sanad": null, "max_bes_with_sanad": null, "created_at": null, "updated_at": null, "level": 2, "type": 15, "costCenterGroup": null, "floatAccountGroup": null, "parent": 11}}, {"model": "accounts.account", "pk": 63, "fields": {"name": "\u0633\u0631\u0645\u0627\u06cc\u0647 \u06af\u0630\u0627\u0631\u06cc \u062f\u0631 \u0633\u0647\u0627\u0645", "code": "10202", "explanation": null, "is_disabled": false, "max_bed": null, "max_bes": null, "max_bed_with_sanad": null, "max_bes_with_sanad": null, "created_at": null, "updated_at": null, "level": 2, "type": 15, "costCenterGroup": null, "floatAccountGroup": null, "parent": 11}}, {"model": "accounts.account", "pk": 64, "fields": {"name": "\u0633\u0631\u0645\u0627\u06cc\u0647 \u06af\u0630\u0627\u0631\u06cc \u062f\u0631 \u0627\u0648\u0631\u0627\u0642 \u0645\u0634\u0627\u0631\u06a9\u062a", "code": "10203", "explanation": null, "is_disabled": false, "max_bed": null, "max_bes": null, "max_bed_with_sanad": null, "max_bes_with_sanad": null, "created_at": null, "updated_at": null, "level": 2, "type": 15, "costCenterGroup": null, "floatAccountGroup": null, "parent": 11}}, {"model": "accounts.account", "pk": 65, "fields": {"name": "\u062d\u0633\u0627\u0628 \u0647\u0627\u06cc \u062f\u0631\u06cc\u0627\u0641\u062a\u0646\u06cc \u062a\u062c\u0627\u0631\u06cc \u062d\u0642\u06cc\u0642\u06cc", "code": "10301", "explanation": null, "is_disabled": false, "max_bed": null, "max_bes": null, "max_bed_with_sanad": null, "max_bes_with_sanad": null, "created_at": null, "updated_at": null, "level": 2, "type": 16, "costCenterGroup": null, "floatAccountGroup": null, "parent": 12}}, {"model": "accounts.account", "pk": 66, "fields": {"name": "\u062d\u0633\u0627\u0628 \u0647\u0627\u06cc \u062f\u0631\u06cc\u0627\u0641\u062a\u0646\u06cc \u062a\u062c\u0627\u0631\u06cc \u062d\u0642\u0648\u0642\u06cc", "code": "10302", "explanation": null, "is_disabled": false, "max_bed": null, "max_bes": null, "max_bed_with_sanad": null, "max_bes_with_sanad": null, "created_at": null, "updated_at": null, "level": 2, "type": 16, "costCenterGroup": null, "floatAccountGroup": null, "parent": 12}}, {"model": "accounts.account", "pk": 67, "fields": {"name": "\u0627\u0633\u0646\u0627\u062f\u062f\u0631\u06cc\u0627\u0641\u062a\u0646\u06cc \u062a\u062c\u0627\u0631\u06cc", "code": "10401", "explanation": null, "is_disabled": false, "max_bed": null, "max_bes": null, "max_bed_with_sanad": null, "max_bes_with_sanad": null, "created_at": null, "updated_at": null, "level": 2, "type": 16, "costCenterGroup": null, "floatAccountGroup": null, "parent": 13}}, {"model": "accounts.account", "pk": 68, "fields": {"name": "\u0633\u0627\u06cc\u0631\u062d\u0633\u0627\u0628 \u0647\u0627\u06cc \u062f\u0631\u06cc\u0627\u0641\u062a\u0646\u06cc", "code": "10501", "explanation": null, "is_disabled": false, "max_bed": null, "max_bes": null, "max_bed_with_sanad": null, "max_bes_with_sanad": null, "created_at": null, "updated_at": null, "level": 2, "type": 16, "costCenterGroup": null, "floatAccountGroup": null, "parent": 14}}, {"model": "accounts.account", "pk": 69, "fields": {"name": "\u062d\u0642 \u0627\u0644\u0639\u0645\u0644 \u06a9\u0627\u0631\u0627\u0646", "code": "10502", "explanation": null, "is_disabled": false, "max_bed": null, "max_bes": null, "max_bed_with_sanad": null, "max_bes_with_sanad": null, "created_at": null, "updated_at": null, "level": 2, "type": 16, "costCenterGroup": null, "floatAccountGroup": null, "parent": 14}}, {"model": "accounts.account", "pk": 70, "fields": {"name": "\u062a\u0631\u062e\u06cc\u0635 \u06a9\u0627\u0631\u0627\u0646 \u06af\u0645\u0631\u06a9\u06cc", "code": "10503", "explanation": null, "is_disabled": false, "max_bed": null, "max_bes": null, "max_bed_with_sanad": null, "max_bes_with_sanad": null, "created_at": null, "updated_at": null, "level": 2, "type": 16, "costCenterGroup": null, "floatAccountGroup": null, "parent": 14}}, {"model": "accounts.account", "pk": 71, "fields": {"name": "\u0648\u0627\u0645 \u0636\u0631\u0648\u0631\u06cc \u06a9\u0627\u0631\u06a9\u0646\u0627\u0646", "code": "10504", "explanation": null, "is_disabled": false, "max_bed": null, "max_bes": null, "max_bed_with_sanad": null, "max_bes_with_sanad": null, "created_at": null, "updated_at": null, "level": 2, "type": 16, "costCenterGroup": null, "floatAccountGroup": null, "parent": 14}}, {"model": "accounts.account", "pk": 72, "fields": {"name": "\u0645\u0633\u0627\u0639\u062f\u0647 \u06a9\u0627\u0631\u06a9\u0646\u0627\u0646", "code": "10505", "explanation": null, "is_disabled": false, "max_bed": null, "max_bes": null, "max_bed_with_sanad": null, "max_bes_with_sanad": null, "created_at": null, "updated_at": null, "level": 2, "type": 16, "costCenterGroup": null, "floatAccountGroup": null, "parent": 14}}, {"model": "accounts.account", "pk": 73, "fields": {"name": "\u0633\u067e\u0631\u062f\u0647 \u0647\u0627\u06cc \u0645\u0648\u0642\u062a", "code": "10506", "explanation": null, "is_disabled": false, "max_bed": null, "max_bes": null, "max_bed_with_sanad": null, "max_bes_with_sanad": null, "created_at": null, "updated_at": null, "level": 2, "type": 16, "costCenterGroup": null, "floatAccountGroup": null, "parent": 14}}, {"model": "accounts.account", "pk": 74, "fields": {"name": "\u0637\u0644\u0628 \u0627\u0632 \u0633\u0627\u06cc\u0631 \u0627\u0634\u062e\u0627\u0635 \u0648\u0627\u0628\u0633\u062a\u0647", "code": "10507", "explanation": null, "is_disabled": false, "max_bed": null, "max_bes": null, "max_bed_with_sanad": null, "max_bes_with_sanad": null, "created_at": null, "updated_at": null, "level": 2, "type": 16, "costCenterGroup": null, "floatAccountGroup": null, "parent": 14}}, {"model": "accounts.account", "pk": 75, "fields": {"name": "\u062e\u0633\u0627\u0631\u0627\u062a \u0642\u0627\u0628\u0644 \u062f\u0631\u06cc\u0627\u0641\u062a \u0627\u0632\u0628\u06cc\u0645\u0647", "code": "10508", "explanation": null, "is_disabled": false, "max_bed": null, "max_bes": null, "max_bed_with_sanad": null, "max_bes_with_sanad": null, "created_at": null, "updated_at": null, "level": 2, "type": 16, "costCenterGroup": null, "floatAccountGroup": null, "parent": 14}}, {"model": "accounts.account", "pk": 76, "fields": {"name": "\u0645\u0648\u062c\u0648\u062f\u06cc \u0645\u0648\u0627\u062f \u0627\u0648\u0644\u06cc\u0647 ", "code": "10601", "explanation": null, "is_disabled": false, "max_bed": null, "max_bes": null, "max_bed_with_sanad": null, "max_bes_with_sanad": null, "created_at": null, "updated_at": null, "level": 2, "type": 18, "costCenterGroup": null, "floatAccountGroup": null, "parent": 15}}, {"model": "accounts.account", "pk": 77, "fields": {"name": "\u0645\u0648\u062c\u0648\u062f\u06cc \u0645\u0648\u0627\u062f \u06a9\u0645\u06a9\u06cc", "code": "10602", "explanation": null, "is_disabled": false, "max_bed": null, "max_bes": null, "max_bed_with_sanad": null, "max_bes_with_sanad": null, "created_at": null, "updated_at": null, "level": 2, "type": 18, "costCenterGroup": null, "floatAccountGroup": null, "parent": 15}}, {"model": "accounts.account", "pk": 78, "fields": {"name": "\u0645\u0648\u062c\u0648\u062f\u06cc \u06a9\u0627\u0644\u0627\u06cc \u062f\u0631 \u062c\u0631\u06cc\u0627\u0646 \u0633\u0627\u062e\u062a", "code": "10603", "explanation": null, "is_disabled": false, "max_bed": null, "max_bes": null, "max_bed_with_sanad": null, "max_bes_with_sanad": null, "created_at": null, "updated_at": null, "level": 2, "type": 18, "costCenterGroup": null, "floatAccountGroup": null, "parent": 15}}, {"model": "accounts.account", "pk": 79, "fields": {"name": "\u0645\u0648\u062c\u0648\u062f\u06cc \u0645\u062d\u0635\u0648\u0644", "code": "10604", "explanation": null, "is_disabled": false, "max_bed": null, "max_bes": null, "max_bed_with_sanad": null, "max_bes_with_sanad": null, "created_at": null, "updated_at": null, "level": 2, "type": 18, "costCenterGroup": null, "floatAccountGroup": null, "parent": 15}}, {"model": "accounts.account", "pk": 80, "fields": {"name": "\u0645\u0648\u062c\u0648\u062f\u06cc \u0627\u0646\u0628\u0627\u0631\u0642\u0637\u0639\u0627\u062a", "code": "10605", "explanation": null, "is_disabled": false, "max_bed": null, "max_bes": null, "max_bed_with_sanad": null, "max_bes_with_sanad": null, "created_at": null, "updated_at": null, "level": 2, "type": 18, "costCenterGroup": null, "floatAccountGroup": null, "parent": 15}}, {"model": "accounts.account", "pk": 81, "fields": {"name": "\u0645\u0648\u062c\u0648\u062f\u06cc \u0645\u0648\u0627\u062f\u0645\u0635\u0631\u0641\u06cc \u0648\u06cc\u062f\u06a9\u06cc", "code": "10606", "explanation": null, "is_disabled": false, "max_bed": null, "max_bes": null, "max_bed_with_sanad": null, "max_bes_with_sanad": null, "created_at": null, "updated_at": null, "level": 2, "type": 18, "costCenterGroup": null, "floatAccountGroup": null, "parent": 15}}, {"model": "accounts.account", "pk": 82, "fields": {"name": "\u0645\u062e\u0627\u0631\u062c \u062e\u0631\u06cc\u062f \u06a9\u0627\u0644\u0627 \u0648 \u0645\u0648\u0627\u062f", "code": "10607", "explanation": null, "is_disabled": false, "max_bed": null, "max_bes": null, "max_bed_with_sanad": null, "max_bes_with_sanad": null, "created_at": "2019-04-02", "updated_at": null, "level": 2, "type": 18, "costCenterGroup": null, "floatAccountGroup": null, "parent": 15}}, {"model": "accounts.account", "pk": 83, "fields": {"name": "\u0645\u0648\u062c\u0648\u062f\u06cc \u0627\u0646\u0628\u0627\u0631 \u0645\u062a\u0641\u0631\u0642\u0647", "code": "10608", "explanation": null, "is_disabled": false, "max_bed": null, "max_bes": null, "max_bed_with_sanad": null, "max_bes_with_sanad": null, "created_at": null, "updated_at": null, "level": 2, "type": 18, "costCenterGroup": null, "floatAccountGroup": null, "parent": 15}}, {"model": "accounts.account", "pk": 84, "fields": {"name": "\u067e\u06cc\u0634 \u067e\u0631\u062f\u0627\u062e\u062a \u062e\u0631\u06cc\u062f \u0642\u0637\u0639\u0627\u062a \u0648\u0644\u0648\u0627\u0632\u0645 \u06cc\u062f\u06a9\u06cc", "code": "10701", "explanation": null, "is_disabled": false, "max_bed": null, "max_bes": null, "max_bed_with_sanad": null, "max_bes_with_sanad": null, "created_at": null, "updated_at": null, "level": 2, "type": 19, "costCenterGroup": null, "floatAccountGroup": null, "parent": 16}}, {"model": "accounts.account", "pk": 85, "fields": {"name": "\u067e\u06cc\u0634 \u067e\u0631\u062f\u0627\u062e\u062a \u0645\u0627\u0644\u06cc\u0627\u062a", "code": "10702", "explanation": null, "is_disabled": false, "max_bed": null, "max_bes": null, "max_bed_with_sanad": null, "max_bes_with_sanad": null, "created_at": null, "updated_at": null, "level": 2, "type": 19, "costCenterGroup": null, "floatAccountGroup": null, "parent": 16}}, {"model": "accounts.account", "pk": 86, "fields": {"name": "\u067e\u06cc\u0634 \u067e\u0631\u062f\u0627\u062e\u062a \u0627\u062c\u0627\u0631\u0647", "code": "10703", "explanation": null, "is_disabled": false, "max_bed": null, "max_bes": null, "max_bed_with_sanad": null, "max_bes_with_sanad": null, "created_at": null, "updated_at": null, "level": 2, "type": 19, "costCenterGroup": null, "floatAccountGroup": null, "parent": 16}}, {"model": "accounts.account", "pk": 87, "fields": {"name": "\u067e\u06cc\u0634 \u067e\u0631\u062f\u0627\u062e\u062a \u0628\u06cc\u0645\u0647", "code": "10704", "explanation": null, "is_disabled": false, "max_bed": null, "max_bes": null, "max_bed_with_sanad": null, "max_bes_with_sanad": null, "created_at": null, "updated_at": null, "level": 2, "type": 19, "costCenterGroup": null, "floatAccountGroup": null, "parent": 16}}, {"model": "accounts.account", "pk": 88, "fields": {"name": "\u067e\u06cc\u0634 \u067e\u0631\u062f\u0627\u062e\u062a \u062e\u062f\u0645\u0627\u062a", "code": "10705", "explanation": null, "is_disabled": false, "max_bed": null, "max_bes": null, "max_bed_with_sanad": null, "max_bes_with_sanad": null, "created_at": null, "updated_at": null, "level": 2, "type": 19, "costCenterGroup": null, "floatAccountGroup": null, "parent": 16}}, {"model": "accounts.account", "pk": 89, "fields": {"name": "\u067e\u06cc\u0634 \u067e\u0631\u062f\u0627\u062e\u062a \u062d\u0633\u0646 \u0627\u0646\u062c\u0627\u0645 \u06a9\u0627\u0631", "code": "10706", "explanation": null, "is_disabled": false, "max_bed": null, "max_bes": null, "max_bed_with_sanad": null, "max_bes_with_sanad": null, "created_at": null, "updated_at": null, "level": 2, "type": 19, "costCenterGroup": null, "floatAccountGroup": null, "parent": 16}}, {"model": "accounts.account", "pk": 90, "fields": {"name": "\u067e\u06cc\u0634 \u067e\u0631\u062f\u0627\u062e\u062a \u062e\u0631\u06cc\u062f\u0645\u0648\u0627\u062f\u0627\u0648\u0644\u06cc\u0647", "code": "10707", "explanation": null, "is_disabled": false, "max_bed": null, "max_bes": null, "max_bed_with_sanad": null, "max_bes_with_sanad": null, "created_at": null, "updated_at": null, "level": 2, "type": 19, "costCenterGroup": null, "floatAccountGroup": null, "parent": 16}}, {"model": "accounts.account", "pk": 91, "fields": {"name": "\u067e\u06cc\u0634 \u067e\u0631\u062f\u0627\u062e\u062a \u062e\u0631\u06cc\u062f \u0627\u0645\u0648\u0627\u0644 \u0648\u0645\u0627\u0634\u06cc\u0646 \u0627\u0644\u0627\u062a \u0648\u062a\u062c\u0647\u06cc\u0632\u0627\u062a", "code": "10708", "explanation": null, "is_disabled": false, "max_bed": null, "max_bes": null, "max_bed_with_sanad": null, "max_bes_with_sanad": null, "created_at": null, "updated_at": null, "level": 2, "type": 19, "costCenterGroup": null, "floatAccountGroup": null, "parent": 16}}, {"model": "accounts.account", "pk": 93, "fields": {"name": "\u0632\u0645\u06cc\u0646 ", "code": "20101", "explanation": null, "is_disabled": false, "max_bed": null, "max_bes": null, "max_bed_with_sanad": null, "max_bes_with_sanad": null, "created_at": null, "updated_at": null, "level": 2, "type": 20, "costCenterGroup": null, "floatAccountGroup": null, "parent": 17}}, {"model": "accounts.account", "pk": 94, "fields": {"name": "\u0633\u0627\u062e\u062a\u0645\u0627\u0646", "code": "20102", "explanation": null, "is_disabled": false, "max_bed": null, "max_bes": null, "max_bed_with_sanad": null, "max_bes_with_sanad": null, "created_at": null, "updated_at": null, "level": 2, "type": 20, "costCenterGroup": null, "floatAccountGroup": null, "parent": 17}}, {"model": "accounts.account", "pk": 95, "fields": {"name": "\u0645\u0627\u0634\u06cc\u0646 \u0627\u0644\u0627\u062a \u0648\u062a\u062c\u0647\u06cc\u0632\u0627\u062a", "code": "20103", "explanation": null, "is_disabled": false, "max_bed": null, "max_bes": null, "max_bed_with_sanad": null, "max_bes_with_sanad": null, "created_at": null, "updated_at": null, "level": 2, "type": 20, "costCenterGroup": null, "floatAccountGroup": null, "parent": 17}}, {"model": "accounts.account", "pk": 96, "fields": {"name": "\u0648\u0633\u0627\u0626\u0637 \u0646\u0642\u0644\u06cc\u0647", "code": "20104", "explanation": null, "is_disabled": false, "max_bed": null, "max_bes": null, "max_bed_with_sanad": null, "max_bes_with_sanad": null, "created_at": null, "updated_at": null, "level": 2, "type": 20, "costCenterGroup": null, "floatAccountGroup": null, "parent": 17}}, {"model": "accounts.account", "pk": 97, "fields": {"name": "\u062a\u0627\u0633\u06cc\u0633\u0627\u062a", "code": "20105", "explanation": null, "is_disabled": false, "max_bed": null, "max_bes": null, "max_bed_with_sanad": null, "max_bes_with_sanad": null, "created_at": null, "updated_at": null, "level": 2, "type": 20, "costCenterGroup": null, "floatAccountGroup": null, "parent": 17}}, {"model": "accounts.account", "pk": 98, "fields": {"name": "\u062f\u0627\u0631\u0627\u06cc\u06cc \u062f\u0631 \u062c\u0631\u06cc\u0627\u0646 \u062a\u06a9\u0645\u06cc\u0644", "code": "20106", "explanation": null, "is_disabled": false, "max_bed": null, "max_bes": null, "max_bed_with_sanad": null, "max_bes_with_sanad": null, "created_at": null, "updated_at": null, "level": 2, "type": 20, "costCenterGroup": null, "floatAccountGroup": null, "parent": 17}}, {"model": "accounts.account", "pk": 99, "fields": {"name": "\u0627\u062b\u0627\u062b\u06cc\u0647 \u0648\u0645\u0646\u0635\u0648\u0628\u0627\u062a", "code": "20107", "explanation": null, "is_disabled": false, "max_bed": null, "max_bes": null, "max_bed_with_sanad": null, "max_bes_with_sanad": null, "created_at": null, "updated_at": null, "level": 2, "type": 20, "costCenterGroup": null, "floatAccountGroup": null, "parent": 17}}, {"model": "accounts.account", "pk": 100, "fields": {"name": "\u0627\u0628\u0632\u0627\u0631\u0627\u0644\u0627\u062a \u0648\u0642\u0627\u0644\u0628 \u0647\u0627", "code": "20108", "explanation": null, "is_disabled": false, "max_bed": null, "max_bes": null, "max_bed_with_sanad": null, "max_bes_with_sanad": null, "created_at": null, "updated_at": null, "level": 2, "type": 20, "costCenterGroup": null, "floatAccountGroup": null, "parent": 17}}, {"model": "accounts.account", "pk": 101, "fields": {"name": "\u0627\u0633\u062a\u0647\u0644\u0627\u06a9 \u0627\u0646\u0628\u0627\u0634\u062a\u0647 \u0633\u0627\u062e\u062a\u0645\u0627\u0646", "code": "20201", "explanation": null, "is_disabled": false, "max_bed": null, "max_bes": null, "max_bed_with_sanad": null, "max_bes_with_sanad": null, "created_at": null, "updated_at": null, "level": 2, "type": 38, "costCenterGroup": null, "floatAccountGroup": null, "parent": 18}}, {"model": "accounts.account", "pk": 102, "fields": {"name": "\u0627\u0633\u062a\u0647\u0644\u0627\u06a9 \u0627\u0646\u0628\u0627\u0634\u062a\u0647 \u0645\u0627\u0634\u06cc\u0646 \u0627\u0644\u0627\u062a", "code": "20202", "explanation": null, "is_disabled": false, "max_bed": null, "max_bes": null, "max_bed_with_sanad": null, "max_bes_with_sanad": null, "created_at": null, "updated_at": null, "level": 2, "type": 38, "costCenterGroup": null, "floatAccountGroup": null, "parent": 18}}, {"model": "accounts.account", "pk": 103, "fields": {"name": "\u0627\u0633\u062a\u0647\u0644\u0627\u06a9 \u0627\u0646\u0628\u0627\u0634\u062a\u0647 \u0627\u0628\u0632\u0627\u0631\u0627\u0644\u0627\u062a", "code": "20203", "explanation": null, "is_disabled": false, "max_bed": null, "max_bes": null, "max_bed_with_sanad": null, "max_bes_with_sanad": null, "created_at": null, "updated_at": null, "level": 2, "type": 38, "costCenterGroup": null, "floatAccountGroup": null, "parent": 18}}, {"model": "accounts.account", "pk": 104, "fields": {"name": "\u0627\u0633\u062a\u0647\u0644\u0627\u06a9 \u0627\u0646\u0628\u0627\u0634\u062a\u0647 \u062a\u0627\u0633\u06cc\u0633\u0627\u062a", "code": "20204", "explanation": null, "is_disabled": false, "max_bed": null, "max_bes": null, "max_bed_with_sanad": null, "max_bes_with_sanad": null, "created_at": null, "updated_at": null, "level": 2, "type": 38, "costCenterGroup": null, "floatAccountGroup": null, "parent": 18}}, {"model": "accounts.account", "pk": 105, "fields": {"name": "\u0627\u0633\u062a\u0647\u0644\u0627\u06a9 \u0627\u0646\u0628\u0627\u0634\u062a\u0647 \u0648\u0633\u0627\u0626\u0637 \u0646\u0642\u0644\u06cc\u0647", "code": "20205", "explanation": null, "is_disabled": false, "max_bed": null, "max_bes": null, "max_bed_with_sanad": null, "max_bes_with_sanad": null, "created_at": null, "updated_at": null, "level": 2, "type": 38, "costCenterGroup": null, "floatAccountGroup": null, "parent": 18}}, {"model": "accounts.account", "pk": 106, "fields": {"name": "\u062d\u0642 \u0627\u0644\u0627\u0645\u062a\u06cc\u0627\u0632\u0627\u062a", "code": "20301", "explanation": null, "is_disabled": false, "max_bed": null, "max_bes": null, "max_bed_with_sanad": null, "max_bes_with_sanad": null, "created_at": null, "updated_at": null, "level": 2, "type": 21, "costCenterGroup": null, "floatAccountGroup": null, "parent": 19}}, {"model": "accounts.account", "pk": 107, "fields": {"name": "\u062d\u0642 \u0627\u0633\u062a\u0641\u0627\u062f\u0647 \u0627\u0632 \u062e\u062f\u0645\u0627\u062a \u0639\u0645\u0648\u0645\u06cc", "code": "20302", "explanation": null, "is_disabled": false, "max_bed": null, "max_bes": null, "max_bed_with_sanad": null, "max_bes_with_sanad": null, "created_at": null, "updated_at": null, "level": 2, "type": 21, "costCenterGroup": null, "floatAccountGroup": null, "parent": 19}}, {"model": "accounts.account", "pk": 108, "fields": {"name": "\u0633\u0631\u0642\u0641\u0644\u06cc \u0645\u062d\u0644 \u06a9\u0633\u0628", "code": "20303", "explanation": null, "is_disabled": false, "max_bed": null, "max_bes": null, "max_bed_with_sanad": null, "max_bes_with_sanad": null, "created_at": null, "updated_at": null, "level": 2, "type": 21, "costCenterGroup": null, "floatAccountGroup": null, "parent": 19}}, {"model": "accounts.account", "pk": 110, "fields": {"name": "\u0633\u0631\u0645\u0627\u06cc\u0647 \u06af\u0630\u0627\u0631\u06cc \u062f\u0631 \u0633\u0647\u0627\u0645", "code": "20401", "explanation": null, "is_disabled": false, "max_bed": null, "max_bes": null, "max_bed_with_sanad": null, "max_bes_with_sanad": null, "created_at": null, "updated_at": null, "level": 2, "type": 22, "costCenterGroup": null, "floatAccountGroup": null, "parent": 20}}, {"model": "accounts.account", "pk": 111, "fields": {"name": "\u0633\u0631\u0645\u0627\u06cc\u0647 \u06af\u0630\u0627\u0631\u06cc \u062f\u0631 \u0627\u0648\u0631\u0627\u0642 \u0645\u0634\u0627\u0631\u06a9\u062a", "code": "20402", "explanation": null, "is_disabled": false, "max_bed": null, "max_bes": null, "max_bed_with_sanad": null, "max_bes_with_sanad": null, "created_at": null, "updated_at": null, "level": 2, "type": 22, "costCenterGroup": null, "floatAccountGroup": null, "parent": 20}}, {"model": "accounts.account", "pk": 112, "fields": {"name": "\u0633\u067e\u0631\u062f\u0647 \u0647\u0627\u06cc \u0628\u0627\u0646\u06a9\u06cc", "code": "20501", "explanation": null, "is_disabled": false, "max_bed": null, "max_bes": null, "max_bed_with_sanad": null, "max_bes_with_sanad": null, "created_at": null, "updated_at": null, "level": 2, "type": 23, "costCenterGroup": null, "floatAccountGroup": null, "parent": 21}}, {"model": "accounts.account", "pk": 113, "fields": {"name": "\u0648\u0627\u0645 \u0647\u0627\u06cc \u0627\u0639\u0637\u0627\u06cc\u06cc", "code": "20502", "explanation": null, "is_disabled": false, "max_bed": null, "max_bes": null, "max_bed_with_sanad": null, "max_bes_with_sanad": null, "created_at": null, "updated_at": null, "level": 2, "type": 23, "costCenterGroup": null, "floatAccountGroup": null, "parent": 21}}, {"model": "accounts.account", "pk": 114, "fields": {"name": "\u0646\u0631\u0645 \u0627\u0641\u0632\u0627\u0631 \u0647\u0627", "code": "20503", "explanation": null, "is_disabled": false, "max_bed": null, "max_bes": null, "max_bed_with_sanad": null, "max_bes_with_sanad": null, "created_at": "2019-04-02", "updated_at": null, "level": 2, "type": 23, "costCenterGroup": null, "floatAccountGroup": null, "parent": 21}}, {"model": "accounts.account", "pk": 115, "fields": {"name": "\u062d\u0633\u0627\u0628 \u0647\u0627\u06cc \u067e\u0631\u062f\u0627\u062e\u062a\u0646\u06cc", "code": "30101", "explanation": null, "is_disabled": false, "max_bed": null, "max_bes": null, "max_bed_with_sanad": null, "max_bes_with_sanad": null, "created_at": "2019-03-10", "updated_at": null, "level": 2, "type": 24, "costCenterGroup": null, "floatAccountGroup": null, "parent": 22}}, {"model": "accounts.account", "pk": 116, "fields": {"name": "\u0627\u0633\u0646\u0627\u062f\u067e\u0631\u062f\u0627\u062e\u062a\u0646\u06cc \u062a\u062c\u0627\u0631\u06cc", "code": "30201", "explanation": null, "is_disabled": false, "max_bed": null, "max_bes": null, "max_bed_with_sanad": null, "max_bes_with_sanad": null, "created_at": null, "updated_at": null, "level": 2, "type": 24, "costCenterGroup": null, "floatAccountGroup": null, "parent": 23}}, {"model": "accounts.account", "pk": 117, "fields": {"name": "\u0633\u0627\u06cc\u0631\u062d\u0633\u0627\u0628 \u0648\u0627\u0633\u0646\u0627\u062f\u067e\u0631\u062f\u0627\u062e\u062a\u0646\u06cc", "code": "30301", "explanation": null, "is_disabled": false, "max_bed": null, "max_bes": null, "max_bed_with_sanad": null, "max_bes_with_sanad": null, "created_at": null, "updated_at": null, "level": 2, "type": 25, "costCenterGroup": null, "floatAccountGroup": null, "parent": 24}}, {"model": "accounts.account", "pk": 118, "fields": {"name": "\u062d\u0642\u0648\u0642 \u067e\u0631\u062f\u0627\u062e\u062a\u0646\u06cc", "code": "30302", "explanation": null, "is_disabled": false, "max_bed": null, "max_bes": null, "max_bed_with_sanad": null, "max_bes_with_sanad": null, "created_at": null, "updated_at": null, "level": 2, "type": 25, "costCenterGroup": null, "floatAccountGroup": null, "parent": 24}}, {"model": "accounts.account", "pk": 119, "fields": {"name": "\u0645\u0627\u0644\u06cc\u0627\u062a \u0647\u0627\u06cc \u062a\u06a9\u0644\u06cc\u0641\u06cc \u067e\u0631\u062f\u0627\u062e\u062a\u0646\u06cc", "code": "30303", "explanation": null, "is_disabled": false, "max_bed": null, "max_bes": null, "max_bed_with_sanad": null, "max_bes_with_sanad": null, "created_at": null, "updated_at": null, "level": 2, "type": 25, "costCenterGroup": null, "floatAccountGroup": null, "parent": 24}}, {"model": "accounts.account", "pk": 120, "fields": {"name": "\u0645\u0627\u0644\u06cc\u0627\u062a \u0628\u0631 \u062f\u0631\u0627\u0645\u062f \u0634\u0631\u06a9\u062a", "code": "30304", "explanation": null, "is_disabled": false, "max_bed": null, "max_bes": null, "max_bed_with_sanad": null, "max_bes_with_sanad": null, "created_at": null, "updated_at": null, "level": 2, "type": 25, "costCenterGroup": null, "floatAccountGroup": null, "parent": 24}}, {"model": "accounts.account", "pk": 121, "fields": {"name": "\u062d\u0642 \u0628\u06cc\u0645\u0647 \u067e\u0631\u062f\u0627\u062e\u062a\u0646\u06cc", "code": "30305", "explanation": null, "is_disabled": false, "max_bed": null, "max_bes": null, "max_bed_with_sanad": null, "max_bes_with_sanad": null, "created_at": null, "updated_at": null, "level": 2, "type": 25, "costCenterGroup": null, "floatAccountGroup": null, "parent": 24}}, {"model": "accounts.account", "pk": 122, "fields": {"name": "\u0639\u0648\u0627\u0631\u0636 \u0634\u0647\u0631\u062f\u0627\u0631\u06cc", "code": "30306", "explanation": null, "is_disabled": false, "max_bed": null, "max_bes": null, "max_bed_with_sanad": null, "max_bes_with_sanad": null, "created_at": null, "updated_at": null, "level": 2, "type": 25, "costCenterGroup": null, "floatAccountGroup": null, "parent": 24}}, {"model": "accounts.account", "pk": 123, "fields": {"name": "\u062c\u0627\u0631\u06cc \u0634\u0631\u06a9\u0627", "code": "30307", "explanation": null, "is_disabled": false, "max_bed": null, "max_bes": null, "max_bed_with_sanad": null, "max_bes_with_sanad": null, "created_at": null, "updated_at": null, "level": 2, "type": 25, "costCenterGroup": null, "floatAccountGroup": null, "parent": 24}}, {"model": "accounts.account", "pk": 125, "fields": {"name": "\u067e\u06cc\u0634 \u062f\u0631\u06cc\u0627\u0641\u062a \u0641\u0631\u0648\u0634", "code": "30401", "explanation": null, "is_disabled": false, "max_bed": null, "max_bes": null, "max_bed_with_sanad": null, "max_bes_with_sanad": null, "created_at": null, "updated_at": null, "level": 2, "type": 26, "costCenterGroup": null, "floatAccountGroup": null, "parent": 25}}, {"model": "accounts.account", "pk": 126, "fields": {"name": "\u067e\u06cc\u0634 \u062f\u0631\u06cc\u0627\u0641\u062a \u0627\u0631\u0627\u0626\u0647 \u062e\u062f\u0645\u0627\u062a", "code": "30402", "explanation": null, "is_disabled": false, "max_bed": null, "max_bes": null, "max_bed_with_sanad": null, "max_bes_with_sanad": null, "created_at": null, "updated_at": null, "level": 2, "type": 26, "costCenterGroup": null, "floatAccountGroup": null, "parent": 25}}, {"model": "accounts.account", "pk": 127, "fields": {"name": "\u0633\u0627\u06cc\u0631\u067e\u06cc\u0634 \u062f\u0631\u06cc\u0627\u0641\u062a \u0647\u0627", "code": "30403", "explanation": null, "is_disabled": false, "max_bed": null, "max_bes": null, "max_bed_with_sanad": null, "max_bes_with_sanad": null, "created_at": null, "updated_at": null, "level": 2, "type": 26, "costCenterGroup": null, "floatAccountGroup": null, "parent": 25}}, {"model": "accounts.account", "pk": 129, "fields": {"name": "\u0633\u067e\u0631\u062f\u0647 \u062d\u0633\u0646 \u0627\u0646\u062c\u0627\u0645 \u06a9\u0627\u0631", "code": "30601", "explanation": null, "is_disabled": false, "max_bed": null, "max_bes": null, "max_bed_with_sanad": null, "max_bes_with_sanad": null, "created_at": null, "updated_at": null, "level": 2, "type": 24, "costCenterGroup": null, "floatAccountGroup": null, "parent": 27}}, {"model": "accounts.account", "pk": 130, "fields": {"name": "\u0633\u067e\u0631\u062f\u0647 \u062d\u0633\u0646 \u0627\u0646\u062c\u0627\u0645 \u062a\u0639\u0647\u062f\u0627\u062a", "code": "30602", "explanation": null, "is_disabled": false, "max_bed": null, "max_bes": null, "max_bed_with_sanad": null, "max_bes_with_sanad": null, "created_at": null, "updated_at": null, "level": 2, "type": 24, "costCenterGroup": null, "floatAccountGroup": null, "parent": 27}}, {"model": "accounts.account", "pk": 131, "fields": {"name": "\u0633\u067e\u0631\u062f\u0647 \u062f\u0631\u06cc\u0627\u0641\u062a\u06cc \u0645\u0646\u0627\u0642\u0635\u0647", "code": "30603", "explanation": null, "is_disabled": false, "max_bed": null, "max_bes": null, "max_bed_with_sanad": null, "max_bes_with_sanad": null, "created_at": null, "updated_at": null, "level": 2, "type": 24, "costCenterGroup": null, "floatAccountGroup": null, "parent": 27}}, {"model": "accounts.account", "pk": 132, "fields": {"name": "\u0633\u0627\u06cc\u0631\u0633\u067e\u0631\u062f\u0647 \u0647\u0627\u06cc \u062f\u0631\u06cc\u0627\u0641\u062a\u06cc", "code": "30604", "explanation": null, "is_disabled": false, "max_bed": null, "max_bes": null, "max_bed_with_sanad": null, "max_bes_with_sanad": null, "created_at": null, "updated_at": null, "level": 2, "type": 24, "costCenterGroup": null, "floatAccountGroup": null, "parent": 27}}, {"model": "accounts.account", "pk": 133, "fields": {"name": "\u0641\u0631\u0648\u0634 \u0627\u0642\u0633\u0627\u0637\u06cc", "code": "30701", "explanation": null, "is_disabled": false, "max_bed": null, "max_bes": null, "max_bed_with_sanad": null, "max_bes_with_sanad": null, "created_at": null, "updated_at": null, "level": 2, "type": 29, "costCenterGroup": null, "floatAccountGroup": null, "parent": 28}}, {"model": "accounts.account", "pk": 134, "fields": {"name": "\u0645\u0634\u0627\u0631\u06a9\u062a \u0645\u062f\u0646\u06cc", "code": "30702", "explanation": null, "is_disabled": false, "max_bed": null, "max_bes": null, "max_bed_with_sanad": null, "max_bes_with_sanad": null, "created_at": null, "updated_at": null, "level": 2, "type": 29, "costCenterGroup": null, "floatAccountGroup": null, "parent": 28}}, {"model": "accounts.account", "pk": 135, "fields": {"name": "\u0645\u0636\u0627\u0631\u0628\u0647", "code": "30703", "explanation": null, "is_disabled": false, "max_bed": null, "max_bes": null, "max_bed_with_sanad": null, "max_bes_with_sanad": null, "created_at": null, "updated_at": null, "level": 2, "type": 29, "costCenterGroup": null, "floatAccountGroup": null, "parent": 28}}, {"model": "accounts.account", "pk": 138, "fields": {"name": "\u062d\u0633\u0627\u0628 \u0647\u0627\u06cc \u067e\u0631\u062f\u0627\u062e\u062a\u0646\u06cc \u0628\u0644\u0646\u062f\u0645\u062f\u062a \u062a\u062c\u0627\u0631\u06cc", "code": "40101", "explanation": null, "is_disabled": false, "max_bed": null, "max_bes": null, "max_bed_with_sanad": null, "max_bes_with_sanad": null, "created_at": null, "updated_at": null, "level": 2, "type": 30, "costCenterGroup": null, "floatAccountGroup": null, "parent": 30}}, {"model": "accounts.account", "pk": 139, "fields": {"name": "\u062d\u0633\u0627\u0628 \u0647\u0627\u06cc \u067e\u0631\u062f\u0627\u062e\u062a\u0646\u06cc \u0628\u0644\u0646\u062f\u0645\u062f\u062a \u063a\u06cc\u0631 \u062a\u062c\u0627\u0631\u06cc", "code": "40102", "explanation": null, "is_disabled": false, "max_bed": null, "max_bes": null, "max_bed_with_sanad": null, "max_bes_with_sanad": null, "created_at": null, "updated_at": null, "level": 2, "type": 30, "costCenterGroup": null, "floatAccountGroup": null, "parent": 30}}, {"model": "accounts.account", "pk": 140, "fields": {"name": "\u0627\u0633\u0646\u0627\u062f\u067e\u0631\u062f\u0627\u062e\u062a\u0646\u06cc \u0628\u0644\u0646\u062f\u0645\u062f\u062a \u062a\u062c\u0627\u0631\u06cc", "code": "40201", "explanation": null, "is_disabled": false, "max_bed": null, "max_bes": null, "max_bed_with_sanad": null, "max_bes_with_sanad": null, "created_at": null, "updated_at": null, "level": 2, "type": 30, "costCenterGroup": null, "floatAccountGroup": null, "parent": 31}}, {"model": "accounts.account", "pk": 141, "fields": {"name": "\u0627\u0633\u0646\u0627\u062f\u067e\u0631\u062f\u0627\u062e\u062a\u0646\u06cc \u0628\u0644\u0646\u062f\u0645\u062f\u062a  \u063a\u06cc\u0631\u062a\u062c\u0627\u0631\u06cc", "code": "40202", "explanation": null, "is_disabled": false, "max_bed": null, "max_bes": null, "max_bed_with_sanad": null, "max_bes_with_sanad": null, "created_at": null, "updated_at": null, "level": 2, "type": 30, "costCenterGroup": null, "floatAccountGroup": null, "parent": 31}}, {"model": "accounts.account", "pk": 142, "fields": {"name": "\u0641\u0631\u0648\u0634 \u0627\u0642\u0633\u0627\u0637\u06cc", "code": "40301", "explanation": null, "is_disabled": false, "max_bed": null, "max_bes": null, "max_bed_with_sanad": null, "max_bes_with_sanad": null, "created_at": null, "updated_at": null, "level": 2, "type": 31, "costCenterGroup": null, "floatAccountGroup": null, "parent": 32}}, {"model": "accounts.account", "pk": 143, "fields": {"name": "\u0645\u0634\u0627\u0631\u06a9\u062a \u0645\u062f\u0646\u06cc", "code": "40302", "explanation": null, "is_disabled": false, "max_bed": null, "max_bes": null, "max_bed_with_sanad": null, "max_bes_with_sanad": null, "created_at": null, "updated_at": null, "level": 2, "type": 31, "costCenterGroup": null, "floatAccountGroup": null, "parent": 32}}, {"model": "accounts.account", "pk": 144, "fields": {"name": "\u0645\u0636\u0627\u0631\u0628\u0647", "code": "40303", "explanation": null, "is_disabled": false, "max_bed": null, "max_bes": null, "max_bed_with_sanad": null, "max_bes_with_sanad": null, "created_at": null, "updated_at": null, "level": 2, "type": 31, "costCenterGroup": null, "floatAccountGroup": null, "parent": 32}}, {"model": "accounts.account", "pk": 145, "fields": {"name": "\u0630\u062e\u06cc\u0631\u0647 \u0645\u0632\u0627\u06cc\u0627\u06cc \u067e\u0627\u06cc\u0627\u0646 \u062e\u062f\u0645\u062a \u06a9\u0627\u0631\u06a9\u0646\u0627\u0646", "code": "40401", "explanation": null, "is_disabled": false, "max_bed": null, "max_bes": null, "max_bed_with_sanad": null, "max_bes_with_sanad": null, "created_at": null, "updated_at": null, "level": 2, "type": 27, "costCenterGroup": null, "floatAccountGroup": null, "parent": 33}}, {"model": "accounts.account", "pk": 146, "fields": {"name": "\u062f\u0631\u0627\u0645\u062f\u0647\u0627\u06cc \u0627\u0646\u062a\u0642\u0627\u0644\u06cc \u0628\u0647 \u062f\u0648\u0631\u0647 \u0647\u0627\u06cc \u0622\u062a\u06cc", "code": "40501", "explanation": null, "is_disabled": false, "max_bed": null, "max_bes": null, "max_bed_with_sanad": null, "max_bes_with_sanad": null, "created_at": "2019-04-02", "updated_at": null, "level": 2, "type": 26, "costCenterGroup": null, "floatAccountGroup": null, "parent": 34}}, {"model": "accounts.account", "pk": 148, "fields": {"name": "\u0633\u0631\u0645\u0627\u06cc\u0647 \u0633\u0647\u0627\u0645 \u067e\u0631\u062f\u0627\u062e\u062a \u0634\u062f\u0647", "code": "50101", "explanation": null, "is_disabled": false, "max_bed": null, "max_bes": null, "max_bed_with_sanad": null, "max_bes_with_sanad": null, "created_at": "2019-04-02", "updated_at": null, "level": 2, "type": 33, "costCenterGroup": null, "floatAccountGroup": null, "parent": 35}}, {"model": "accounts.account", "pk": 149, "fields": {"name": "\u0633\u0631\u0645\u0627\u06cc\u0647 \u0633\u0647\u0627\u0645 \u062a\u0639\u0647\u062f \u0634\u062f\u0647", "code": "50102", "explanation": null, "is_disabled": false, "max_bed": null, "max_bes": null, "max_bed_with_sanad": null, "max_bes_with_sanad": null, "created_at": "2019-04-02", "updated_at": null, "level": 2, "type": 33, "costCenterGroup": null, "floatAccountGroup": null, "parent": 35}}, {"model": "accounts.account", "pk": 150, "fields": {"name": "\u0635\u0631\u0641 \u0633\u0647\u0627\u0645", "code": "50103", "explanation": null, "is_disabled": false, "max_bed": null, "max_bes": null, "max_bed_with_sanad": null, "max_bes_with_sanad": null, "created_at": "2019-04-02", "updated_at": null, "level": 2, "type": 33, "costCenterGroup": null, "floatAccountGroup": null, "parent": 35}}, {"model": "accounts.account", "pk": 151, "fields": {"name": "\u0633\u0647\u0627\u0645 \u062e\u0632\u0627\u0646\u0647", "code": "50104", "explanation": null, "is_disabled": false, "max_bed": null, "max_bes": null, "max_bed_with_sanad": null, "max_bes_with_sanad": null, "created_at": "2019-04-02", "updated_at": null, "level": 2, "type": 33, "costCenterGroup": null, "floatAccountGroup": null, "parent": 35}}, {"model": "accounts.account", "pk": 152, "fields": {"name": "\u062d\u0642 \u062a\u0642\u062f\u0645 \u062e\u0631\u06cc\u062f \u0633\u0647\u0627\u0645", "code": "50105", "explanation": null, "is_disabled": false, "max_bed": null, "max_bes": null, "max_bed_with_sanad": null, "max_bes_with_sanad": null, "created_at": "2019-04-02", "updated_at": null, "level": 2, "type": 33, "costCenterGroup": null, "floatAccountGroup": null, "parent": 35}}, {"model": "accounts.account", "pk": 153, "fields": {"name": "\u0633\u0631\u0645\u0627\u06cc\u0647 \u0627\u0647\u062f\u0627\u06cc\u06cc", "code": "50106", "explanation": null, "is_disabled": false, "max_bed": null, "max_bes": null, "max_bed_with_sanad": null, "max_bes_with_sanad": null, "created_at": "2019-04-02", "updated_at": null, "level": 2, "type": 33, "costCenterGroup": null, "floatAccountGroup": null, "parent": 35}}, {"model": "accounts.account", "pk": 156, "fields": {"name": "\u0627\u0646\u062f\u0648\u062e\u062a\u0647 \u0642\u0627\u0646\u0648\u0646\u06cc", "code": "50201", "explanation": null, "is_disabled": false, "max_bed": null, "max_bes": null, "max_bed_with_sanad": null, "max_bes_with_sanad": null, "created_at": null, "updated_at": null, "level": 2, "type": 34, "costCenterGroup": null, "floatAccountGroup": null, "parent": 36}}, {"model": "accounts.account", "pk": 157, "fields": {"name": "\u0627\u0646\u062f\u0648\u062e\u062a\u0647 \u0627\u062d\u062a\u06cc\u0627\u0637\u06cc", "code": "50301", "explanation": null, "is_disabled": false, "max_bed": null, "max_bes": null, "max_bed_with_sanad": null, "max_bes_with_sanad": null, "created_at": null, "updated_at": null, "level": 2, "type": 34, "costCenterGroup": null, "floatAccountGroup": null, "parent": 37}}, {"model": "accounts.account", "pk": 158, "fields": {"name": "\u0627\u0646\u062f\u0648\u062e\u062a\u0647 \u062a\u0648\u0633\u0639\u0647 \u0648\u062a\u06a9\u0645\u06cc\u0644", "code": "50302", "explanation": null, "is_disabled": false, "max_bed": null, "max_bes": null, "max_bed_with_sanad": null, "max_bes_with_sanad": null, "created_at": null, "updated_at": null, "level": 2, "type": 34, "costCenterGroup": null, "floatAccountGroup": null, "parent": 37}}, {"model": "accounts.account", "pk": 159, "fields": {"name": "\u0627\u0646\u062f\u0648\u062e\u062a\u0647 \u0639\u0645\u0648\u0645\u06cc", "code": "50303", "explanation": null, "is_disabled": false, "max_bed": null, "max_bes": null, "max_bed_with_sanad": null, "max_bes_with_sanad": null, "created_at": null, "updated_at": null, "level": 2, "type": 34, "costCenterGroup": null, "floatAccountGroup": null, "parent": 37}}, {"model": "accounts.account", "pk": 160, "fields": {"name": "\u0633\u0627\u06cc\u0631 \u0627\u0646\u062f\u0648\u062e\u062a\u0647 \u0647\u0627", "code": "50304", "explanation": null, "is_disabled": false, "max_bed": null, "max_bes": null, "max_bed_with_sanad": null, "max_bes_with_sanad": null, "created_at": null, "updated_at": null, "level": 2, "type": 34, "costCenterGroup": null, "floatAccountGroup": null, "parent": 37}}, {"model": "accounts.account", "pk": 171, "fields": {"name": "\u0633\u0648\u062f(\u0632\u06cc\u0627\u0646)\u0627\u0646\u0628\u0627\u0634\u062a\u0647", "code": "50501", "explanation": null, "is_disabled": false, "max_bed": null, "max_bes": null, "max_bed_with_sanad": null, "max_bes_with_sanad": null, "created_at": null, "updated_at": null, "level": 2, "type": 36, "costCenterGroup": null, "floatAccountGroup": null, "parent": 39}}, {"model": "accounts.account", "pk": 172, "fields": {"name": "\u0633\u0648\u062f(\u0632\u06cc\u0627\u0646)\u0633\u0627\u0644 \u062c\u0627\u0631\u06cc", "code": "50502", "explanation": null, "is_disabled": false, "max_bed": null, "max_bes": null, "max_bed_with_sanad": null, "max_bes_with_sanad": null, "created_at": null, "updated_at": null, "level": 2, "type": 36, "costCenterGroup": null, "floatAccountGroup": null, "parent": 39}}, {"model": "accounts.account", "pk": 173, "fields": {"name": "\u062a\u0639\u062f\u06cc\u0644\u0627\u062a \u0633\u0646\u0648\u0627\u062a\u06cc", "code": "50503", "explanation": null, "is_disabled": false, "max_bed": null, "max_bes": null, "max_bed_with_sanad": null, "max_bes_with_sanad": null, "created_at": null, "updated_at": null, "level": 2, "type": 36, "costCenterGroup": null, "floatAccountGroup": null, "parent": 39}}, {"model": "accounts.account", "pk": 174, "fields": {"name": "\u0641\u0631\u0648\u0634 \u06a9\u0627\u0644\u0627 \u062f\u0627\u062e\u0644\u06cc", "code": "60101", "explanation": null, "is_disabled": false, "max_bed": null, "max_bes": null, "max_bed_with_sanad": null, "max_bes_with_sanad": null, "created_at": null, "updated_at": null, "level": 2, "type": 1, "costCenterGroup": null, "floatAccountGroup": null, "parent": 40}}, {"model": "accounts.account", "pk": 175, "fields": {"name": "\u0628\u0631\u06af\u0634\u062a \u0627\u0632 \u0641\u0631\u0648\u0634", "code": "60102", "explanation": null, "is_disabled": false, "max_bed": null, "max_bes": null, "max_bed_with_sanad": null, "max_bes_with_sanad": null, "created_at": "2019-04-02", "updated_at": null, "level": 2, "type": 1, "costCenterGroup": null, "floatAccountGroup": null, "parent": 40}}, {"model": "accounts.account", "pk": 176, "fields": {"name": "\u062a\u062e\u0641\u06cc\u0641\u0627\u062a \u0646\u0642\u062f\u06cc \u0641\u0631\u0648\u0634", "code": "60103", "explanation": null, "is_disabled": false, "max_bed": null, "max_bes": null, "max_bed_with_sanad": null, "max_bes_with_sanad": null, "created_at": null, "updated_at": null, "level": 2, "type": 1, "costCenterGroup": null, "floatAccountGroup": null, "parent": 40}}, {"model": "accounts.account", "pk": 177, "fields": {"name": "\u0641\u0631\u0648\u0634 \u06a9\u0627\u0644\u0627\u0635\u0627\u062f\u0631\u0627\u062a\u06cc", "code": "60104", "explanation": null, "is_disabled": false, "max_bed": null, "max_bes": null, "max_bed_with_sanad": null, "max_bes_with_sanad": null, "created_at": null, "updated_at": null, "level": 2, "type": 1, "costCenterGroup": null, "floatAccountGroup": null, "parent": 40}}, {"model": "accounts.account", "pk": 178, "fields": {"name": "\u0628\u0631\u06af\u0634\u062a \u0627\u0632 \u0641\u0631\u0648\u0634 \u06a9\u0627\u0644\u0627 \u0635\u0627\u062f\u0631\u0627\u062a\u06cc", "code": "60105", "explanation": null, "is_disabled": false, "max_bed": null, "max_bes": null, "max_bed_with_sanad": null, "max_bes_with_sanad": null, "created_at": null, "updated_at": null, "level": 2, "type": 1, "costCenterGroup": null, "floatAccountGroup": null, "parent": 40}}, {"model": "accounts.account", "pk": 179, "fields": {"name": "\u062a\u062e\u0641\u06cc\u0641\u0627\u062a \u0646\u0642\u062f\u06cc \u0641\u0631\u0648\u0634 \u0635\u0627\u062f\u0631\u0627\u062a\u06cc", "code": "60106", "explanation": null, "is_disabled": false, "max_bed": null, "max_bes": null, "max_bed_with_sanad": null, "max_bes_with_sanad": null, "created_at": null, "updated_at": null, "level": 2, "type": 1, "costCenterGroup": null, "floatAccountGroup": null, "parent": 40}}, {"model": "accounts.account", "pk": 180, "fields": {"name": "\u062f\u0631\u0622\u0645\u062f \u062d\u0627\u0635\u0644 \u0627\u0632 \u0627\u0631\u0627\u0626\u0647 \u062e\u062f\u0645\u0627\u062a", "code": "60201", "explanation": null, "is_disabled": false, "max_bed": null, "max_bes": null, "max_bed_with_sanad": null, "max_bes_with_sanad": null, "created_at": "2019-04-02", "updated_at": null, "level": 2, "type": 1, "costCenterGroup": null, "floatAccountGroup": null, "parent": 41}}, {"model": "accounts.account", "pk": 182, "fields": {"name": "\u0641\u0631\u0648\u0634 \u0636\u0627\u06cc\u0639\u0627\u062a \u0639\u0627\u062f\u06cc", "code": "60301", "explanation": null, "is_disabled": false, "max_bed": null, "max_bes": null, "max_bed_with_sanad": null, "max_bes_with_sanad": null, "created_at": null, "updated_at": null, "level": 2, "type": 3, "costCenterGroup": null, "floatAccountGroup": null, "parent": 42}}, {"model": "accounts.account", "pk": 183, "fields": {"name": "\u0633\u0648\u062f\u062d\u0627\u0635\u0644 \u0627\u0632 \u0641\u0631\u0648\u0634 \u0645\u0648\u0627\u062f \u0627\u0648\u0644\u06cc\u0647", "code": "60302", "explanation": null, "is_disabled": false, "max_bed": null, "max_bes": null, "max_bed_with_sanad": null, "max_bes_with_sanad": null, "created_at": null, "updated_at": null, "level": 2, "type": 3, "costCenterGroup": null, "floatAccountGroup": null, "parent": 42}}, {"model": "accounts.account", "pk": 185, "fields": {"name": "\u0633\u0627\u06cc\u0631 \u062f\u0631\u0627\u0645\u062f\u0647\u0627\u06cc \u0639\u0645\u0644\u06cc\u0627\u062a\u06cc", "code": "60304", "explanation": null, "is_disabled": false, "max_bed": null, "max_bes": null, "max_bed_with_sanad": null, "max_bes_with_sanad": null, "created_at": null, "updated_at": null, "level": 2, "type": 3, "costCenterGroup": null, "floatAccountGroup": null, "parent": 42}}, {"model": "accounts.account", "pk": 186, "fields": {"name": "\u0633\u0648\u062f\u062d\u0627\u0635\u0644 \u0627\u0632 \u0641\u0631\u0648\u0634 \u062f\u0627\u0631\u0627\u06cc\u06cc", "code": "60401", "explanation": null, "is_disabled": false, "max_bed": null, "max_bes": null, "max_bed_with_sanad": null, "max_bes_with_sanad": null, "created_at": null, "updated_at": null, "level": 2, "type": 12, "costCenterGroup": null, "floatAccountGroup": null, "parent": 43}}, {"model": "accounts.account", "pk": 187, "fields": {"name": "\u0633\u0648\u062f\u062d\u0627\u0635\u0644 \u0627\u0632 \u0633\u0631\u0645\u0627\u06cc\u0647 \u06af\u0630\u0627\u0631\u06cc", "code": "60402", "explanation": null, "is_disabled": false, "max_bed": null, "max_bes": null, "max_bed_with_sanad": null, "max_bes_with_sanad": null, "created_at": null, "updated_at": null, "level": 2, "type": 12, "costCenterGroup": null, "floatAccountGroup": null, "parent": 43}}, {"model": "accounts.account", "pk": 188, "fields": {"name": "\u0633\u0648\u062f\u0646\u0627\u0634\u06cc \u0627\u0632 \u0641\u0631\u0648\u0634 \u0633\u0631\u0645\u0627\u06cc\u0647 \u06af\u0630\u0627\u0631\u06cc", "code": "60403", "explanation": null, "is_disabled": false, "max_bed": null, "max_bes": null, "max_bed_with_sanad": null, "max_bes_with_sanad": null, "created_at": null, "updated_at": null, "level": 2, "type": 12, "costCenterGroup": null, "floatAccountGroup": null, "parent": 43}}, {"model": "accounts.account", "pk": 190, "fields": {"name": "\u0633\u0627\u06cc\u0631 \u062f\u0631\u0627\u0645\u062f\u0647\u0627\u06cc  \u063a\u06cc\u0631\u0639\u0645\u0644\u06cc\u0627\u062a\u06cc", "code": "60405", "explanation": null, "is_disabled": false, "max_bed": null, "max_bes": null, "max_bed_with_sanad": null, "max_bes_with_sanad": null, "created_at": null, "updated_at": null, "level": 2, "type": 12, "costCenterGroup": null, "floatAccountGroup": null, "parent": 43}}, {"model": "accounts.account", "pk": 191, "fields": {"name": "\u0628\u0647\u0627\u06cc \u062a\u0645\u0627\u0645 \u0634\u062f\u0647 \u06a9\u0627\u0644\u0627\u06cc \u0641\u0631\u0648\u0634 \u0631\u0641\u062a\u0647", "code": "70101", "explanation": null, "is_disabled": false, "max_bed": null, "max_bes": null, "max_bed_with_sanad": null, "max_bes_with_sanad": null, "created_at": "2019-04-02", "updated_at": null, "level": 2, "type": 4, "costCenterGroup": null, "floatAccountGroup": null, "parent": 44}}, {"model": "accounts.account", "pk": 194, "fields": {"name": "\u062d\u0642\u0648\u0642 \u0648 \u062f\u0633\u062a\u0645\u0632\u062f \u0645\u0633\u062a\u0645\u0631 \u06a9\u0627\u0631\u06a9\u0646\u0627\u0646", "code": "80101", "explanation": null, "is_disabled": false, "max_bed": null, "max_bes": null, "max_bed_with_sanad": null, "max_bes_with_sanad": null, "created_at": "2019-04-02", "updated_at": null, "level": 2, "type": 11, "costCenterGroup": null, "floatAccountGroup": null, "parent": 46}}, {"model": "accounts.account", "pk": 195, "fields": {"name": "\u062d\u0642\u0648\u0642 \u0648 \u062f\u0633\u062a\u0645\u0632\u062f \u063a\u06cc\u0631 \u0645\u0633\u062a\u0645\u0631 \u06a9\u0627\u0631\u06a9\u0646\u0627\u0646", "code": "80102", "explanation": null, "is_disabled": false, "max_bed": null, "max_bes": null, "max_bed_with_sanad": null, "max_bes_with_sanad": null, "created_at": "2019-04-02", "updated_at": null, "level": 2, "type": 11, "costCenterGroup": null, "floatAccountGroup": null, "parent": 46}}, {"model": "accounts.account", "pk": 196, "fields": {"name": "\u062d\u0642 \u0628\u06cc\u0645\u0647 \u0633\u0647\u0645 \u06a9\u0627\u0631\u0641\u0631\u0645\u0627", "code": "80103", "explanation": null, "is_disabled": false, "max_bed": null, "max_bes": null, "max_bed_with_sanad": null, "max_bes_with_sanad": null, "created_at": null, "updated_at": null, "level": 2, "type": 11, "costCenterGroup": null, "floatAccountGroup": null, "parent": 46}}, {"model": "accounts.account", "pk": 197, "fields": {"name": "\u062f\u0633\u062a\u0645\u0632\u062f\u06a9\u0627\u0631\u06a9\u0646\u0627\u0646 \u0631\u0648\u0632 \u0645\u0632\u062f", "code": "80104", "explanation": null, "is_disabled": false, "max_bed": null, "max_bes": null, "max_bed_with_sanad": null, "max_bes_with_sanad": null, "created_at": null, "updated_at": null, "level": 2, "type": 11, "costCenterGroup": null, "floatAccountGroup": null, "parent": 46}}, {"model": "accounts.account", "pk": 198, "fields": {"name": "\u0647\u0632\u06cc\u0646\u0647 \u062a\u0639\u0645\u06cc\u0631 \u0648\u0646\u06af\u0647\u062f\u0627\u0631\u06cc \u062f\u0627\u0631\u0627\u06cc\u06cc", "code": "80201", "explanation": null, "is_disabled": false, "max_bed": null, "max_bes": null, "max_bed_with_sanad": null, "max_bes_with_sanad": null, "created_at": "2019-04-02", "updated_at": null, "level": 2, "type": 11, "costCenterGroup": null, "floatAccountGroup": null, "parent": 47}}, {"model": "accounts.account", "pk": 199, "fields": {"name": "\u0647\u0632\u06cc\u0646\u0647 \u0633\u0648\u062e\u062a \u0648\u0633\u0627\u0626\u0637 \u0646\u0642\u0644\u06cc\u0647", "code": "80202", "explanation": null, "is_disabled": false, "max_bed": null, "max_bes": null, "max_bed_with_sanad": null, "max_bes_with_sanad": null, "created_at": null, "updated_at": null, "level": 2, "type": 11, "costCenterGroup": null, "floatAccountGroup": null, "parent": 47}}, {"model": "accounts.account", "pk": 200, "fields": {"name": "\u0647\u0632\u06cc\u0646\u0647 \u0627\u0633\u062a\u0641\u0627\u062f\u0647 \u0627\u0632 \u062a\u0627\u0633\u06cc\u0633\u0627\u062a", "code": "80203", "explanation": null, "is_disabled": false, "max_bed": null, "max_bes": null, "max_bed_with_sanad": null, "max_bes_with_sanad": null, "created_at": "2019-04-02", "updated_at": null, "level": 2, "type": 11, "costCenterGroup": null, "floatAccountGroup": null, "parent": 47}}, {"model": "accounts.account", "pk": 201, "fields": {"name": "\u0647\u0632\u06cc\u0646\u0647 \u062a\u0648\u0632\u06cc\u0639 \u0648\u0641\u0631\u0648\u0634", "code": "80204", "explanation": null, "is_disabled": false, "max_bed": null, "max_bes": null, "max_bed_with_sanad": null, "max_bes_with_sanad": null, "created_at": null, "updated_at": null, "level": 2, "type": 11, "costCenterGroup": null, "floatAccountGroup": null, "parent": 47}}, {"model": "accounts.account", "pk": 203, "fields": {"name": "\u0647\u0632\u06cc\u0646\u0647 \u0628\u06cc\u0645\u0647 \u062f\u0627\u0631\u0627\u06cc\u06cc \u0647\u0627\u06cc \u062b\u0627\u0628\u062a", "code": "80206", "explanation": null, "is_disabled": false, "max_bed": null, "max_bes": null, "max_bed_with_sanad": null, "max_bes_with_sanad": null, "created_at": "2019-04-02", "updated_at": null, "level": 2, "type": 11, "costCenterGroup": null, "floatAccountGroup": null, "parent": 47}}, {"model": "accounts.account", "pk": 204, "fields": {"name": "\u0647\u0632\u06cc\u0646\u0647 \u0628\u06cc\u0645\u0647 \u0645\u0648\u062c\u0648\u062f\u06cc \u0647\u0627", "code": "80207", "explanation": null, "is_disabled": false, "max_bed": null, "max_bes": null, "max_bed_with_sanad": null, "max_bes_with_sanad": null, "created_at": null, "updated_at": null, "level": 2, "type": 11, "costCenterGroup": null, "floatAccountGroup": null, "parent": 47}}, {"model": "accounts.account", "pk": 205, "fields": {"name": "\u0647\u0632\u06cc\u0646\u0647 \u0645\u0644\u0632\u0648\u0645\u0627\u062a", "code": "80208", "explanation": null, "is_disabled": false, "max_bed": null, "max_bes": null, "max_bed_with_sanad": null, "max_bes_with_sanad": null, "created_at": null, "updated_at": null, "level": 2, "type": 11, "costCenterGroup": null, "floatAccountGroup": null, "parent": 47}}, {"model": "accounts.account", "pk": 210, "fields": {"name": "\u0632\u06cc\u0627\u0646 \u0646\u0627\u0634\u06cc \u0627\u0632 \u06a9\u0627\u0647\u0634 \u0627\u0631\u0632\u0634", "code": "80301", "explanation": null, "is_disabled": false, "max_bed": null, "max_bes": null, "max_bed_with_sanad": null, "max_bes_with_sanad": null, "created_at": null, "updated_at": null, "level": 2, "type": 11, "costCenterGroup": null, "floatAccountGroup": null, "parent": 48}}, {"model": "accounts.account", "pk": 211, "fields": {"name": "\u0632\u06cc\u0627\u0646 \u0646\u0627\u0634\u06cc \u0627\u0632 \u0627\u0642\u0644\u0627\u0645 \u0631\u0627\u06a9\u062f \u0648\u0646\u0627\u06cc\u0627\u0628", "code": "80302", "explanation": null, "is_disabled": false, "max_bed": null, "max_bes": null, "max_bed_with_sanad": null, "max_bes_with_sanad": null, "created_at": null, "updated_at": null, "level": 2, "type": 11, "costCenterGroup": null, "floatAccountGroup": null, "parent": 48}}, {"model": "accounts.account", "pk": 212, "fields": {"name": "\u062e\u0627\u0644\u0635 \u06a9\u0633\u0631\u06cc \u0648\u0627\u0636\u0627\u0641\u06cc \u0627\u0646\u0628\u0627\u0631", "code": "80303", "explanation": null, "is_disabled": false, "max_bed": null, "max_bes": null, "max_bed_with_sanad": null, "max_bes_with_sanad": null, "created_at": null, "updated_at": null, "level": 2, "type": 11, "costCenterGroup": null, "floatAccountGroup": null, "parent": 48}}, {"model": "accounts.account", "pk": 213, "fields": {"name": "\u0647\u0632\u06cc\u0646\u0647 \u0647\u0627\u06cc \u062c\u0630\u0628 \u0646\u0634\u062f\u0647 \u062f\u0631 \u062a\u0648\u0644\u06cc\u062f", "code": "80304", "explanation": null, "is_disabled": false, "max_bed": null, "max_bes": null, "max_bed_with_sanad": null, "max_bes_with_sanad": null, "created_at": null, "updated_at": null, "level": 2, "type": 11, "costCenterGroup": null, "floatAccountGroup": null, "parent": 48}}, {"model": "accounts.account", "pk": 215, "fields": {"name": "\u0647\u0632\u06cc\u0646\u0647 \u0633\u0648\u062f \u0648\u0627\u0645 \u0647\u0627\u06cc \u062f\u0631\u06cc\u0627\u0641\u062a\u06cc", "code": "80401", "explanation": null, "is_disabled": false, "max_bed": null, "max_bes": null, "max_bed_with_sanad": null, "max_bes_with_sanad": null, "created_at": null, "updated_at": null, "level": 2, "type": 11, "costCenterGroup": null, "floatAccountGroup": null, "parent": 49}}, {"model": "accounts.account", "pk": 216, "fields": {"name": "\u0647\u0632\u06cc\u0646\u0647 \u06a9\u0627\u0631\u0645\u0632\u062f \u0648\u0627\u0645 \u0647\u0627", "code": "80402", "explanation": null, "is_disabled": false, "max_bed": null, "max_bes": null, "max_bed_with_sanad": null, "max_bes_with_sanad": null, "created_at": null, "updated_at": null, "level": 2, "type": 11, "costCenterGroup": null, "floatAccountGroup": null, "parent": 49}}, {"model": "accounts.account", "pk": 217, "fields": {"name": "\u0647\u0632\u06cc\u0646\u0647 \u062c\u0631\u06cc\u0645\u0647 \u062f\u06cc\u0631\u06a9\u0631\u062f \u0648\u0627\u0645\u0647\u0627", "code": "80403", "explanation": null, "is_disabled": false, "max_bed": null, "max_bes": null, "max_bed_with_sanad": null, "max_bes_with_sanad": null, "created_at": null, "updated_at": null, "level": 2, "type": 11, "costCenterGroup": null, "floatAccountGroup": null, "parent": 49}}, {"model": "accounts.account", "pk": 218, "fields": {"name": "\u0647\u0632\u06cc\u0646\u0647 \u062a\u0645\u0628\u0631 \u0648 \u0633\u0641\u062a\u0647", "code": "80404", "explanation": null, "is_disabled": false, "max_bed": null, "max_bes": null, "max_bed_with_sanad": null, "max_bes_with_sanad": null, "created_at": "2019-04-02", "updated_at": null, "level": 2, "type": 11, "costCenterGroup": null, "floatAccountGroup": null, "parent": 49}}, {"model": "accounts.account", "pk": 219, "fields": {"name": "\u0647\u0632\u06cc\u0646\u0647 \u0647\u0627\u06cc \u0645\u062a\u0641\u0631\u0642\u0647  \u0645\u0627\u0644\u06cc", "code": "80405", "explanation": null, "is_disabled": false, "max_bed": null, "max_bes": null, "max_bed_with_sanad": null, "max_bes_with_sanad": null, "created_at": null, "updated_at": null, "level": 2, "type": 11, "costCenterGroup": null, "floatAccountGroup": null, "parent": 49}}, {"model": "accounts.account", "pk": 226, "fields": {"name": "\u062d\u0633\u0627\u0628 \u0627\u0646\u062a\u0638\u0627\u0645\u06cc \u0628\u0647 \u0646\u0641\u0639 \u0634\u0631\u06a9\u062a", "code": "90101", "explanation": null, "is_disabled": false, "max_bed": null, "max_bes": null, "max_bed_with_sanad": null, "max_bes_with_sanad": null, "created_at": null, "updated_at": null, "level": 2, "type": 39, "costCenterGroup": null, "floatAccountGroup": null, "parent": 51}}, {"model": "accounts.account", "pk": 227, "fields": {"name": "\u062d\u0633\u0627\u0628 \u0627\u0646\u062a\u0638\u0627\u0645\u06cc \u0628\u0631\u0639\u0647\u062f\u0647 \u0634\u0631\u06a9\u062a", "code": "90102", "explanation": null, "is_disabled": false, "max_bed": null, "max_bes": null, "max_bed_with_sanad": null, "max_bes_with_sanad": null, "created_at": null, "updated_at": null, "level": 2, "type": 39, "costCenterGroup": null, "floatAccountGroup": null, "parent": 51}}, {"model": "accounts.account", "pk": 228, "fields": {"name": "\u0637\u0631\u0641 \u062d\u0633\u0627\u0628 \u0647\u0627\u06cc \u0627\u0646\u062a\u0638\u0627\u0645\u06cc \u0628\u0647 \u0646\u0641\u0639 \u0634\u0631\u06a9\u062a", "code": "90201", "explanation": null, "is_disabled": false, "max_bed": null, "max_bes": null, "max_bed_with_sanad": null, "max_bes_with_sanad": null, "created_at": null, "updated_at": null, "level": 2, "type": 39, "costCenterGroup": null, "floatAccountGroup": null, "parent": 52}}, {"model": "accounts.account", "pk": 229, "fields": {"name": "\u0637\u0631\u0641 \u062d\u0633\u0627\u0628 \u0647\u0627\u06cc \u0627\u0646\u062a\u0638\u0627\u0645\u06cc \u0628\u0631\u0639\u0647\u062f\u0647 \u0634\u0631\u06a9\u062a", "code": "90202", "explanation": null, "is_disabled": false, "max_bed": null, "max_bes": null, "max_bed_with_sanad": null, "max_bes_with_sanad": null, "created_at": null, "updated_at": null, "level": 2, "type": 39, "costCenterGroup": null, "floatAccountGroup": null, "parent": 52}}, {"model": "accounts.account", "pk": 230, "fields": {"name": "\u062a\u0631\u0627\u0632\u0627\u0641\u062a\u062a\u0627\u062d\u06cc\u0647 ", "code": "90301", "explanation": null, "is_disabled": false, "max_bed": null, "max_bes": null, "max_bed_with_sanad": null, "max_bes_with_sanad": null, "created_at": null, "updated_at": null, "level": 2, "type": 39, "costCenterGroup": null, "floatAccountGroup": null, "parent": 53}}, {"model": "accounts.account", "pk": 231, "fields": {"name": "\u062a\u0631\u0627\u0632 \u0627\u062e\u062a\u062a\u0627\u0645\u06cc\u0647", "code": "90401", "explanation": null, "is_disabled": false, "max_bed": null, "max_bes": null, "max_bed_with_sanad": null, "max_bes_with_sanad": null, "created_at": null, "updated_at": null, "level": 2, "type": 39, "costCenterGroup": null, "floatAccountGroup": null, "parent": 54}}, {"model": "accounts.account", "pk": 232, "fields": {"name": "\u0645\u0648\u062c\u0648\u062f\u06cc \u0646\u0632\u062f \u0635\u0646\u062f\u0648\u0642", "code": "101020001", "explanation": null, "is_disabled": false, "max_bed": null, "max_bes": null, "max_bed_with_sanad": null, "max_bes_with_sanad": null, "created_at": "2019-04-10", "updated_at": null, "level": 3, "type": 14, "costCenterGroup": null, "floatAccountGroup": null, "parent": 56}}, {"model": "accounts.account", "pk": 233, "fields": {"name": "\u0627\u0633\u0646\u0627\u062f \u062f\u0631\u06cc\u0627\u0641\u062a\u0646\u06cc \u0646\u0632\u062f \u0635\u0646\u062f\u0648\u0642", "code": "104010001", "explanation": null, "is_disabled": false, "max_bed": null, "max_bes": null, "max_bed_with_sanad": null, "max_bes_with_sanad": null, "created_at": "2019-04-02", "updated_at": null, "level": 3, "type": 16, "costCenterGroup": null, "floatAccountGroup": null, "parent": 67}}, {"model": "accounts.account", "pk": 234, "fields": {"name": "\u0627\u0633\u0646\u0627\u062f \u062f\u0631\u06cc\u0627\u0641\u062a\u0646\u06cc \u062f\u0631 \u062c\u0631\u06cc\u0627\u0646 \u0648\u0635\u0648\u0644", "code": "104010002", "explanation": null, "is_disabled": false, "max_bed": null, "max_bes": null, "max_bed_with_sanad": null, "max_bes_with_sanad": null, "created_at": "2019-04-02", "updated_at": null, "level": 3, "type": 16, "costCenterGroup": null, "floatAccountGroup": null, "parent": 67}}, {"model": "accounts.account", "pk": 235, "fields": {"name": "\u0645\u0648\u062c\u0648\u062f\u06cc \u0645\u0648\u0627\u062f \u0627\u0648\u0644\u06cc\u0647", "code": "106010001", "explanation": null, "is_disabled": false, "max_bed": null, "max_bes": null, "max_bed_with_sanad": null, "max_bes_with_sanad": null, "created_at": "2019-04-02", "updated_at": null, "level": 3, "type": 18, "costCenterGroup": null, "floatAccountGroup": null, "parent": 76}}, {"model": "accounts.account", "pk": 236, "fields": {"name": "\u0645\u0648\u062c\u0648\u062f\u06cc \u0645\u0648\u0627\u062f \u06a9\u0645\u06a9\u06cc", "code": "106020001", "explanation": null, "is_disabled": false, "max_bed": null, "max_bes": null, "max_bed_with_sanad": null, "max_bes_with_sanad": null, "created_at": "2019-03-10", "updated_at": null, "level": 3, "type": 18, "costCenterGroup": null, "floatAccountGroup": null, "parent": 77}}, {"model": "accounts.account", "pk": 237, "fields": {"name": "\u0645\u0648\u062c\u0648\u062f\u06cc \u06a9\u0627\u0644\u0627\u06cc \u062f\u0631 \u062c\u0631\u06cc\u0627\u0646 \u0633\u0627\u062e\u062a", "code": "106030001", "explanation": null, "is_disabled": false, "max_bed": null, "max_bes": null, "max_bed_with_sanad": null, "max_bes_with_sanad": null, "created_at": "2019-02-11", "updated_at": null, "level": 3, "type": 18, "costCenterGroup": null, "floatAccountGroup": null, "parent": 78}}, {"model": "accounts.account", "pk": 238, "fields": {"name": "\u0645\u0648\u062c\u0648\u062f\u06cc \u06a9\u0627\u0644\u0627", "code": "106040001", "explanation": null, "is_disabled": false, "max_bed": null, "max_bes": null, "max_bed_with_sanad": null, "max_bes_with_sanad": null, "created_at": "2019-04-02", "updated_at": null, "level": 3, "type": 18, "costCenterGroup": null, "floatAccountGroup": null, "parent": 79}}, {"model": "accounts.account", "pk": 239, "fields": {"name": "\u0645\u0648\u062c\u0648\u062f\u06cc \u0636\u0627\u06cc\u0639\u0627\u062a", "code": "106040002", "explanation": null, "is_disabled": false, "max_bed": null, "max_bes": null, "max_bed_with_sanad": null, "max_bes_with_sanad": null, "created_at": null, "updated_at": null, "level": 3, "type": 18, "costCenterGroup": null, "floatAccountGroup": null, "parent": 79}}, {"model": "accounts.account", "pk": 240, "fields": {"name": "\u067e\u06cc\u0634 \u067e\u0631\u062f\u0627\u062e\u062a \u0645\u0627\u0644\u06cc\u0627\u062a \u0628\u0631\u0627\u0631\u0632\u0634 \u0627\u0641\u0632\u0648\u062f\u0647", "code": "107020001", "explanation": null, "is_disabled": false, "max_bed": null, "max_bes": null, "max_bed_with_sanad": null, "max_bes_with_sanad": null, "created_at": null, "updated_at": null, "level": 3, "type": 19, "costCenterGroup": null, "floatAccountGroup": null, "parent": 85}}, {"model": "accounts.account", "pk": 241, "fields": {"name": "\u067e\u06cc\u0634 \u067e\u0631\u062f\u0627\u062e\u062a \u0639\u0648\u0627\u0631\u0636 \u0634\u0647\u0631\u062f\u0627\u0631\u06cc", "code": "107020002", "explanation": null, "is_disabled": false, "max_bed": null, "max_bes": null, "max_bed_with_sanad": null, "max_bes_with_sanad": null, "created_at": null, "updated_at": null, "level": 3, "type": 19, "costCenterGroup": null, "floatAccountGroup": null, "parent": 85}}, {"model": "accounts.account", "pk": 242, "fields": {"name": "\u0627\u062b\u0627\u062b\u0647 \u0627\u062f\u0627\u0631\u06cc", "code": "201070001", "explanation": null, "is_disabled": false, "max_bed": null, "max_bes": null, "max_bed_with_sanad": null, "max_bes_with_sanad": null, "created_at": null, "updated_at": null, "level": 3, "type": 20, "costCenterGroup": null, "floatAccountGroup": null, "parent": 99}}, {"model": "accounts.account", "pk": 243, "fields": {"name": "\u062d\u0642 \u062a\u0627\u0644\u06cc\u0641", "code": "203010001", "explanation": null, "is_disabled": false, "max_bed": null, "max_bes": null, "max_bed_with_sanad": null, "max_bes_with_sanad": null, "created_at": "2019-02-11", "updated_at": null, "level": 3, "type": 21, "costCenterGroup": null, "floatAccountGroup": null, "parent": 106}}, {"model": "accounts.account", "pk": 244, "fields": {"name": "\u062d\u0642 \u0627\u062e\u062a\u0631\u0627\u0639", "code": "203010002", "explanation": null, "is_disabled": false, "max_bed": null, "max_bes": null, "max_bed_with_sanad": null, "max_bes_with_sanad": null, "created_at": null, "updated_at": null, "level": 3, "type": 21, "costCenterGroup": null, "floatAccountGroup": null, "parent": 106}}, {"model": "accounts.account", "pk": 245, "fields": {"name": "\u062d\u0642 \u0627\u0646\u062d\u0635\u0627\u0631\u06cc \u062a\u0648\u0644\u06cc\u062f", "code": "203010003", "explanation": null, "is_disabled": false, "max_bed": null, "max_bes": null, "max_bed_with_sanad": null, "max_bes_with_sanad": null, "created_at": "2019-02-11", "updated_at": null, "level": 3, "type": 21, "costCenterGroup": null, "floatAccountGroup": null, "parent": 106}}, {"model": "accounts.account", "pk": 246, "fields": {"name": "\u062d\u0642 \u0627\u0646\u062d\u0635\u0627\u0631\u06cc \u062a\u0648\u0632\u06cc\u0639", "code": "203010004", "explanation": null, "is_disabled": false, "max_bed": null, "max_bes": null, "max_bed_with_sanad": null, "max_bes_with_sanad": null, "created_at": null, "updated_at": null, "level": 3, "type": 21, "costCenterGroup": null, "floatAccountGroup": null, "parent": 106}}, {"model": "accounts.account", "pk": 247, "fields": {"name": "\u062d\u0642 \u0627\u0644\u0627\u0645\u062a\u06cc\u0627\u0632 \u0628\u0631\u0642", "code": "203020001", "explanation": null, "is_disabled": false, "max_bed": null, "max_bes": null, "max_bed_with_sanad": null, "max_bes_with_sanad": null, "created_at": "2019-03-09", "updated_at": null, "level": 3, "type": 21, "costCenterGroup": null, "floatAccountGroup": null, "parent": 107}}, {"model": "accounts.account", "pk": 248, "fields": {"name": "\u062d\u0642 \u0627\u0644\u0627\u0645\u062a\u06cc\u0627\u0632\u062a\u0644\u0641\u0646", "code": "203020002", "explanation": null, "is_disabled": false, "max_bed": null, "max_bes": null, "max_bed_with_sanad": null, "max_bes_with_sanad": null, "created_at": null, "updated_at": null, "level": 3, "type": 21, "costCenterGroup": null, "floatAccountGroup": null, "parent": 107}}, {"model": "accounts.account", "pk": 249, "fields": {"name": "\u062d\u0642 \u0627\u0644\u0627\u0645\u062a\u06cc\u0627\u0632\u06af\u0627\u0632", "code": "203020003", "explanation": null, "is_disabled": false, "max_bed": null, "max_bes": null, "max_bed_with_sanad": null, "max_bes_with_sanad": null, "created_at": "2019-02-11", "updated_at": null, "level": 3, "type": 21, "costCenterGroup": null, "floatAccountGroup": null, "parent": 107}}, {"model": "accounts.account", "pk": 250, "fields": {"name": "\u062d\u0642 \u0627\u0644\u0627\u0645\u062a\u06cc\u0627\u0632\u0627\u0628", "code": "203020004", "explanation": null, "is_disabled": false, "max_bed": null, "max_bes": null, "max_bed_with_sanad": null, "max_bes_with_sanad": null, "created_at": null, "updated_at": null, "level": 3, "type": 21, "costCenterGroup": null, "floatAccountGroup": null, "parent": 107}}, {"model": "accounts.account", "pk": 251, "fields": {"name": "\u0633\u0631\u0642\u0641\u0644\u06cc \u0645\u062d\u0644 \u06a9\u0633\u0628", "code": "203030001", "explanation": null, "is_disabled": false, "max_bed": null, "max_bes": null, "max_bed_with_sanad": null, "max_bes_with_sanad": null, "created_at": null, "updated_at": null, "level": 3, "type": 21, "costCenterGroup": null, "floatAccountGroup": null, "parent": 108}}, {"model": "accounts.account", "pk": 255, "fields": {"name": "\u0646\u0631\u0645 \u0627\u0641\u0632\u0627\u0631 \u062d\u0633\u0627\u0628\u062f\u0627\u0631\u06cc", "code": "205030001", "explanation": null, "is_disabled": false, "max_bed": null, "max_bes": null, "max_bed_with_sanad": null, "max_bes_with_sanad": null, "created_at": "2019-04-02", "updated_at": null, "level": 3, "type": 23, "costCenterGroup": null, "floatAccountGroup": null, "parent": 114}}, {"model": "accounts.account", "pk": 257, "fields": {"name": "\u0627\u0633\u0646\u0627\u062f\u067e\u0631\u062f\u0627\u062e\u062a\u0646\u06cc \u062a\u062c\u0627\u0631\u06cc", "code": "302010001", "explanation": null, "is_disabled": false, "max_bed": null, "max_bes": null, "max_bed_with_sanad": null, "max_bes_with_sanad": null, "created_at": "2019-03-10", "updated_at": null, "level": 3, "type": 24, "costCenterGroup": null, "floatAccountGroup": null, "parent": 116}}, {"model": "accounts.account", "pk": 258, "fields": {"name": "\u0633\u0627\u06cc\u0631 \u062d\u0633\u0627\u0628\u0647\u0627\u06cc \u067e\u0631\u062f\u0627\u062e\u062a\u0646\u06cc", "code": "303010001", "explanation": null, "is_disabled": false, "max_bed": null, "max_bes": null, "max_bed_with_sanad": null, "max_bes_with_sanad": null, "created_at": "2019-04-02", "updated_at": null, "level": 3, "type": 25, "costCenterGroup": null, "floatAccountGroup": null, "parent": 117}}, {"model": "accounts.account", "pk": 259, "fields": {"name": "\u0627\u062c\u0627\u0631\u0647 \u067e\u0631\u062f\u0627\u062e\u062a\u0646\u06cc", "code": "303010002", "explanation": null, "is_disabled": false, "max_bed": null, "max_bes": null, "max_bed_with_sanad": null, "max_bes_with_sanad": null, "created_at": null, "updated_at": null, "level": 3, "type": 25, "costCenterGroup": null, "floatAccountGroup": null, "parent": 117}}, {"model": "accounts.account", "pk": 261, "fields": {"name": "\u0645\u0627\u0644\u06cc\u0627\u062a \u0628\u0631\u0633\u0648\u062f\u0633\u0647\u0627\u0645", "code": "303030001", "explanation": null, "is_disabled": false, "max_bed": null, "max_bes": null, "max_bed_with_sanad": null, "max_bes_with_sanad": null, "created_at": null, "updated_at": null, "level": 3, "type": 25, "costCenterGroup": null, "floatAccountGroup": null, "parent": 119}}, {"model": "accounts.account", "pk": 262, "fields": {"name": "\u0645\u0627\u0644\u06cc\u0627\u062a \u0628\u0631\u062d\u0642\u0648\u0642 \u06a9\u0627\u0631\u06a9\u0646\u0627\u0646", "code": "303030002", "explanation": null, "is_disabled": false, "max_bed": null, "max_bes": null, "max_bed_with_sanad": null, "max_bes_with_sanad": null, "created_at": null, "updated_at": null, "level": 3, "type": 25, "costCenterGroup": null, "floatAccountGroup": null, "parent": 119}}, {"model": "accounts.account", "pk": 263, "fields": {"name": "\u0645\u0627\u0644\u06cc\u0627\u062a \u0628\u0631\u0627\u0631\u0632\u0634 \u0627\u0641\u0632\u0648\u062f\u0647", "code": "303030003", "explanation": null, "is_disabled": false, "max_bed": null, "max_bes": null, "max_bed_with_sanad": null, "max_bes_with_sanad": null, "created_at": null, "updated_at": null, "level": 3, "type": 25, "costCenterGroup": null, "floatAccountGroup": null, "parent": 119}}, {"model": "accounts.account", "pk": 264, "fields": {"name": "\u0645\u0627\u0644\u06cc\u0627\u062a \u0628\u0631 \u062f\u0631\u0622\u0645\u062f \u067e\u0631\u062f\u0627\u062e\u062a\u0646\u06cc", "code": "303040001", "explanation": null, "is_disabled": false, "max_bed": null, "max_bes": null, "max_bed_with_sanad": null, "max_bes_with_sanad": null, "created_at": "2019-04-02", "updated_at": null, "level": 3, "type": 25, "costCenterGroup": null, "floatAccountGroup": null, "parent": 120}}, {"model": "accounts.account", "pk": 265, "fields": {"name": "\u062d\u0642 \u0628\u06cc\u0645\u0647 \u0633\u0647\u0645 \u06a9\u0627\u0631\u0641\u0631\u0645\u0627", "code": "303050001", "explanation": null, "is_disabled": false, "max_bed": null, "max_bes": null, "max_bed_with_sanad": null, "max_bes_with_sanad": null, "created_at": null, "updated_at": null, "level": 3, "type": 25, "costCenterGroup": null, "floatAccountGroup": null, "parent": 121}}, {"model": "accounts.account", "pk": 266, "fields": {"name": "\u062d\u0642 \u0628\u06cc\u0645\u0647 \u0633\u0647\u0645 \u06a9\u0627\u0631\u06a9\u0646\u0627\u0646", "code": "303050002", "explanation": null, "is_disabled": false, "max_bed": null, "max_bes": null, "max_bed_with_sanad": null, "max_bes_with_sanad": null, "created_at": null, "updated_at": null, "level": 3, "type": 25, "costCenterGroup": null, "floatAccountGroup": null, "parent": 121}}, {"model": "accounts.account", "pk": 267, "fields": {"name": "\u062d\u0642 \u0628\u06cc\u0645\u0647 \u062a\u0631\u0627\u0646\u0632\u06cc\u062a \u0627\u0634\u062e\u0627\u0635 \u062b\u0627\u0644\u062b", "code": "303050003", "explanation": null, "is_disabled": false, "max_bed": null, "max_bes": null, "max_bed_with_sanad": null, "max_bes_with_sanad": null, "created_at": null, "updated_at": null, "level": 3, "type": 25, "costCenterGroup": null, "floatAccountGroup": null, "parent": 121}}, {"model": "accounts.account", "pk": 268, "fields": {"name": "\u0628\u06cc\u0645\u0647 \u0639\u0645\u0631 \u0648\u062d\u0648\u0627\u062f\u062b", "code": "303050004", "explanation": null, "is_disabled": false, "max_bed": null, "max_bes": null, "max_bed_with_sanad": null, "max_bes_with_sanad": null, "created_at": null, "updated_at": null, "level": 3, "type": 25, "costCenterGroup": null, "floatAccountGroup": null, "parent": 121}}, {"model": "accounts.account", "pk": 275, "fields": {"name": "\u0633\u0647\u0627\u0645 \u0639\u0627\u062f\u06cc", "code": "501010001", "explanation": null, "is_disabled": false, "max_bed": null, "max_bes": null, "max_bed_with_sanad": null, "max_bes_with_sanad": null, "created_at": null, "updated_at": null, "level": 3, "type": 33, "costCenterGroup": null, "floatAccountGroup": null, "parent": 148}}, {"model": "accounts.account", "pk": 276, "fields": {"name": "\u0633\u0647\u0627\u0645 \u0645\u0645\u062a\u0627\u0632", "code": "501010002", "explanation": null, "is_disabled": false, "max_bed": null, "max_bes": null, "max_bed_with_sanad": null, "max_bes_with_sanad": null, "created_at": null, "updated_at": null, "level": 3, "type": 33, "costCenterGroup": null, "floatAccountGroup": null, "parent": 148}}, {"model": "accounts.account", "pk": 277, "fields": {"name": "\u0633\u0647\u0627\u0645 \u0639\u0627\u062f\u06cc", "code": "501020001", "explanation": null, "is_disabled": false, "max_bed": null, "max_bes": null, "max_bed_with_sanad": null, "max_bes_with_sanad": null, "created_at": null, "updated_at": null, "level": 3, "type": 33, "costCenterGroup": null, "floatAccountGroup": null, "parent": 149}}, {"model": "accounts.account", "pk": 278, "fields": {"name": "\u0633\u0647\u0627\u0645 \u0645\u0645\u062a\u0627\u0632", "code": "501020002", "explanation": null, "is_disabled": false, "max_bed": null, "max_bes": null, "max_bed_with_sanad": null, "max_bes_with_sanad": null, "created_at": null, "updated_at": null, "level": 3, "type": 33, "costCenterGroup": null, "floatAccountGroup": null, "parent": 149}}, {"model": "accounts.account", "pk": 294, "fields": {"name": "\u0645\u0648\u0627\u062f\u0627\u0648\u0644\u06cc\u0647", "code": "603010001", "explanation": null, "is_disabled": false, "max_bed": null, "max_bes": null, "max_bed_with_sanad": null, "max_bes_with_sanad": null, "created_at": null, "updated_at": null, "level": 3, "type": 3, "costCenterGroup": null, "floatAccountGroup": null, "parent": 182}}, {"model": "accounts.account", "pk": 295, "fields": {"name": "\u062f\u0627\u0631\u0627\u06cc\u06cc \u062b\u0627\u0628\u062a \u0645\u0634\u0647\u0648\u062f", "code": "604010001", "explanation": null, "is_disabled": false, "max_bed": null, "max_bes": null, "max_bed_with_sanad": null, "max_bes_with_sanad": null, "created_at": null, "updated_at": null, "level": 3, "type": 12, "costCenterGroup": null, "floatAccountGroup": null, "parent": 186}}, {"model": "accounts.account", "pk": 296, "fields": {"name": "\u062f\u0627\u0631\u0627\u06cc\u06cc \u062b\u0627\u0628\u062a \u0646\u0627\u0645\u0634\u0647\u0648\u062f", "code": "604010002", "explanation": null, "is_disabled": false, "max_bed": null, "max_bes": null, "max_bed_with_sanad": null, "max_bes_with_sanad": null, "created_at": null, "updated_at": null, "level": 3, "type": 12, "costCenterGroup": null, "floatAccountGroup": null, "parent": 186}}, {"model": "accounts.account", "pk": 297, "fields": {"name": "\u0633\u067e\u0631\u062f\u0647 \u06af\u0630\u0627\u0631\u06cc \u06a9\u0648\u062a\u0627\u0647 \u0645\u062f\u062a", "code": "604020001", "explanation": null, "is_disabled": false, "max_bed": null, "max_bes": null, "max_bed_with_sanad": null, "max_bes_with_sanad": null, "created_at": null, "updated_at": null, "level": 3, "type": 12, "costCenterGroup": null, "floatAccountGroup": null, "parent": 187}}, {"model": "accounts.account", "pk": 298, "fields": {"name": "\u0627\u0648\u0631\u0627\u0642 \u0645\u0634\u0627\u0631\u06a9\u062a", "code": "604020002", "explanation": null, "is_disabled": false, "max_bed": null, "max_bes": null, "max_bed_with_sanad": null, "max_bes_with_sanad": null, "created_at": null, "updated_at": null, "level": 3, "type": 12, "costCenterGroup": null, "floatAccountGroup": null, "parent": 187}}, {"model": "accounts.account", "pk": 299, "fields": {"name": "\u0633\u0647\u0627\u0645", "code": "604020003", "explanation": null, "is_disabled": false, "max_bed": null, "max_bes": null, "max_bed_with_sanad": null, "max_bes_with_sanad": null, "created_at": null, "updated_at": null, "level": 3, "type": 12, "costCenterGroup": null, "floatAccountGroup": null, "parent": 187}}, {"model": "accounts.account", "pk": 300, "fields": {"name": "\u0627\u0648\u0631\u0627\u0642 \u0645\u0634\u0627\u0631\u06a9\u062a ", "code": "604030001", "explanation": null, "is_disabled": false, "max_bed": null, "max_bes": null, "max_bed_with_sanad": null, "max_bes_with_sanad": null, "created_at": null, "updated_at": null, "level": 3, "type": 12, "costCenterGroup": null, "floatAccountGroup": null, "parent": 188}}, {"model": "accounts.account", "pk": 301, "fields": {"name": "\u0633\u0647\u0627\u0645", "code": "604030002", "explanation": null, "is_disabled": false, "max_bed": null, "max_bes": null, "max_bed_with_sanad": null, "max_bes_with_sanad": null, "created_at": null, "updated_at": null, "level": 3, "type": 12, "costCenterGroup": null, "floatAccountGroup": null, "parent": 188}}, {"model": "accounts.account", "pk": 302, "fields": {"name": "\u0628\u0647\u0627\u06cc \u062a\u0645\u0627\u0645 \u0634\u062f\u0647 \u06a9\u0627\u0644\u0627\u06cc \u0641\u0631\u0648\u0634 \u0631\u0641\u062a\u0647", "code": "701010001", "explanation": null, "is_disabled": false, "max_bed": null, "max_bes": null, "max_bed_with_sanad": null, "max_bes_with_sanad": null, "created_at": "2019-04-02", "updated_at": null, "level": 3, "type": 4, "costCenterGroup": null, "floatAccountGroup": null, "parent": 191}}, {"model": "accounts.account", "pk": 310, "fields": {"name": "\u062d\u0642\u0648\u0642 \u067e\u0627\u06cc\u0647 ", "code": "801010001", "explanation": null, "is_disabled": false, "max_bed": null, "max_bes": null, "max_bed_with_sanad": null, "max_bes_with_sanad": null, "created_at": null, "updated_at": null, "level": 3, "type": 11, "costCenterGroup": null, "floatAccountGroup": null, "parent": 194}}, {"model": "accounts.account", "pk": 311, "fields": {"name": "\u0627\u06cc\u0627\u0628 \u0648\u0630\u0647\u0627\u0628", "code": "801010002", "explanation": null, "is_disabled": false, "max_bed": null, "max_bes": null, "max_bed_with_sanad": null, "max_bes_with_sanad": null, "created_at": null, "updated_at": null, "level": 3, "type": 11, "costCenterGroup": null, "floatAccountGroup": null, "parent": 194}}, {"model": "accounts.account", "pk": 312, "fields": {"name": "\u0627\u0636\u0627\u0641\u0647 \u06a9\u0627\u0631\u06cc \u0645\u0633\u062a\u0645\u0631", "code": "801010003", "explanation": null, "is_disabled": false, "max_bed": null, "max_bes": null, "max_bed_with_sanad": null, "max_bes_with_sanad": null, "created_at": null, "updated_at": null, "level": 3, "type": 11, "costCenterGroup": null, "floatAccountGroup": null, "parent": 194}}, {"model": "accounts.account", "pk": 313, "fields": {"name": "\u062d\u0642 \u062c\u0630\u0628", "code": "801010004", "explanation": null, "is_disabled": false, "max_bed": null, "max_bes": null, "max_bed_with_sanad": null, "max_bes_with_sanad": null, "created_at": null, "updated_at": null, "level": 3, "type": 11, "costCenterGroup": null, "floatAccountGroup": null, "parent": 194}}, {"model": "accounts.account", "pk": 314, "fields": {"name": "\u062d\u0642 \u062e\u0648\u0627\u0631 \u0648 \u0628\u0627\u0631 (\u0628\u0646 \u0646\u0642\u062f\u06cc)", "code": "801010005", "explanation": null, "is_disabled": false, "max_bed": null, "max_bes": null, "max_bed_with_sanad": null, "max_bes_with_sanad": null, "created_at": "2019-04-02", "updated_at": null, "level": 3, "type": 11, "costCenterGroup": null, "floatAccountGroup": null, "parent": 194}}, {"model": "accounts.account", "pk": 315, "fields": {"name": "\u062d\u0642 \u0627\u0648\u0644\u0627\u062f", "code": "801010006", "explanation": null, "is_disabled": false, "max_bed": null, "max_bes": null, "max_bed_with_sanad": null, "max_bes_with_sanad": null, "created_at": "2019-03-19", "updated_at": null, "level": 3, "type": 11, "costCenterGroup": null, "floatAccountGroup": null, "parent": 194}}, {"model": "accounts.account", "pk": 316, "fields": {"name": "\u062d\u0642 \u0645\u0633\u06a9\u0646", "code": "801010007", "explanation": null, "is_disabled": false, "max_bed": null, "max_bes": null, "max_bed_with_sanad": null, "max_bes_with_sanad": null, "created_at": "2019-04-02", "updated_at": null, "level": 3, "type": 11, "costCenterGroup": null, "floatAccountGroup": null, "parent": 194}}, {"model": "accounts.account", "pk": 317, "fields": {"name": "\u067e\u0627\u06cc\u0647 \u0633\u0646\u0648\u0627\u062a", "code": "801010008", "explanation": null, "is_disabled": false, "max_bed": null, "max_bes": null, "max_bed_with_sanad": null, "max_bes_with_sanad": null, "created_at": "2019-04-02", "updated_at": null, "level": 3, "type": 11, "costCenterGroup": null, "floatAccountGroup": null, "parent": 194}}, {"model": "accounts.account", "pk": 318, "fields": {"name": "\u0628\u0627\u0632\u062e\u0631\u06cc\u062f\u0633\u0646\u0648\u0627\u062a \u062e\u062f\u0645\u062a \u06a9\u0627\u0631\u06a9\u0646\u0627\u0646", "code": "801010009", "explanation": null, "is_disabled": false, "max_bed": null, "max_bes": null, "max_bed_with_sanad": null, "max_bes_with_sanad": null, "created_at": null, "updated_at": null, "level": 3, "type": 11, "costCenterGroup": null, "floatAccountGroup": null, "parent": 194}}, {"model": "accounts.account", "pk": 319, "fields": {"name": "\u062d\u0642 \u0633\u0631\u067e\u0631\u0633\u062a\u06cc", "code": "801010010", "explanation": null, "is_disabled": false, "max_bed": null, "max_bes": null, "max_bed_with_sanad": null, "max_bes_with_sanad": null, "created_at": null, "updated_at": null, "level": 3, "type": 11, "costCenterGroup": null, "floatAccountGroup": null, "parent": 194}}, {"model": "accounts.account", "pk": 320, "fields": {"name": "\u062d\u0642 \u0633\u062e\u062a\u06cc \u06a9\u0627\u0631", "code": "801010011", "explanation": null, "is_disabled": false, "max_bed": null, "max_bes": null, "max_bed_with_sanad": null, "max_bes_with_sanad": null, "created_at": null, "updated_at": null, "level": 3, "type": 11, "costCenterGroup": null, "floatAccountGroup": null, "parent": 194}}, {"model": "accounts.account", "pk": 321, "fields": {"name": "\u0634\u0628 \u06a9\u0627\u0631\u06cc", "code": "801010012", "explanation": null, "is_disabled": false, "max_bed": null, "max_bes": null, "max_bed_with_sanad": null, "max_bes_with_sanad": null, "created_at": "2019-04-02", "updated_at": null, "level": 3, "type": 11, "costCenterGroup": null, "floatAccountGroup": null, "parent": 194}}, {"model": "accounts.account", "pk": 322, "fields": {"name": "\u062d\u0642 \u0628\u062f\u06cc \u0627\u0628 \u0648\u0647\u0648\u0627", "code": "801010013", "explanation": null, "is_disabled": false, "max_bed": null, "max_bes": null, "max_bed_with_sanad": null, "max_bes_with_sanad": null, "created_at": null, "updated_at": null, "level": 3, "type": 11, "costCenterGroup": null, "floatAccountGroup": null, "parent": 194}}, {"model": "accounts.account", "pk": 323, "fields": {"name": "\u062d\u0642 \u0646\u0648\u0628\u062a \u06a9\u0627\u0631\u06cc", "code": "801010014", "explanation": null, "is_disabled": false, "max_bed": null, "max_bes": null, "max_bed_with_sanad": null, "max_bes_with_sanad": null, "created_at": null, "updated_at": null, "level": 3, "type": 11, "costCenterGroup": null, "floatAccountGroup": null, "parent": 194}}, {"model": "accounts.account", "pk": 324, "fields": {"name": "\u062d\u0642 \u062a\u0636\u0645\u06cc\u0646", "code": "801010015", "explanation": null, "is_disabled": false, "max_bed": null, "max_bes": null, "max_bed_with_sanad": null, "max_bes_with_sanad": null, "created_at": null, "updated_at": null, "level": 3, "type": 11, "costCenterGroup": null, "floatAccountGroup": null, "parent": 194}}, {"model": "accounts.account", "pk": 325, "fields": {"name": "\u062d\u0642 \u0634\u06cc\u0641\u062a", "code": "801010016", "explanation": null, "is_disabled": false, "max_bed": null, "max_bes": null, "max_bed_with_sanad": null, "max_bes_with_sanad": null, "created_at": "2019-04-02", "updated_at": null, "level": 3, "type": 11, "costCenterGroup": null, "floatAccountGroup": null, "parent": 194}}, {"model": "accounts.account", "pk": 326, "fields": {"name": "\u0639\u06cc\u062f\u06cc", "code": "801020001", "explanation": null, "is_disabled": false, "max_bed": null, "max_bes": null, "max_bed_with_sanad": null, "max_bes_with_sanad": null, "created_at": null, "updated_at": null, "level": 3, "type": 11, "costCenterGroup": null, "floatAccountGroup": null, "parent": 195}}, {"model": "accounts.account", "pk": 327, "fields": {"name": "\u067e\u0627\u062f\u0627\u0634 \u0628\u0647\u0631\u0648\u0631\u06cc \u062a\u0648\u0644\u06cc\u062f", "code": "801020002", "explanation": null, "is_disabled": false, "max_bed": null, "max_bes": null, "max_bed_with_sanad": null, "max_bes_with_sanad": null, "created_at": null, "updated_at": null, "level": 3, "type": 11, "costCenterGroup": null, "floatAccountGroup": null, "parent": 195}}, {"model": "accounts.account", "pk": 328, "fields": {"name": "\u0645\u0631\u062e\u0635\u06cc \u0627\u0633\u062a\u0641\u0627\u062f\u0647 \u0646\u0634\u062f\u0647", "code": "801020003", "explanation": null, "is_disabled": false, "max_bed": null, "max_bes": null, "max_bed_with_sanad": null, "max_bes_with_sanad": null, "created_at": null, "updated_at": null, "level": 3, "type": 11, "costCenterGroup": null, "floatAccountGroup": null, "parent": 195}}, {"model": "accounts.account", "pk": 329, "fields": {"name": "\u062d\u0642 \u0633\u0641\u0631\u0645\u0631\u0628\u0648\u0637 \u0628\u0647 \u0634\u063a\u0644", "code": "801020004", "explanation": null, "is_disabled": false, "max_bed": null, "max_bes": null, "max_bed_with_sanad": null, "max_bes_with_sanad": null, "created_at": null, "updated_at": null, "level": 3, "type": 11, "costCenterGroup": null, "floatAccountGroup": null, "parent": 195}}, {"model": "accounts.account", "pk": 330, "fields": {"name": "\u06a9\u0645\u06a9 \u0647\u0627\u06cc \u063a\u06cc\u0631\u0646\u0642\u062f\u06cc", "code": "801020005", "explanation": null, "is_disabled": false, "max_bed": null, "max_bes": null, "max_bed_with_sanad": null, "max_bes_with_sanad": null, "created_at": null, "updated_at": null, "level": 3, "type": 11, "costCenterGroup": null, "floatAccountGroup": null, "parent": 195}}, {"model": "accounts.account", "pk": 331, "fields": {"name": "\u0641\u0648\u0642 \u0627\u0644\u0639\u0627\u062f\u0647 \u0645\u0627\u0645\u0648\u0631\u06cc\u062a \u0645\u0631\u0628\u0648\u0637 \u0628\u0647 \u0634\u063a\u0644", "code": "801020006", "explanation": null, "is_disabled": false, "max_bed": null, "max_bes": null, "max_bed_with_sanad": null, "max_bes_with_sanad": null, "created_at": null, "updated_at": null, "level": 3, "type": 11, "costCenterGroup": null, "floatAccountGroup": null, "parent": 195}}, {"model": "accounts.account", "pk": 332, "fields": {"name": "\u0628\u0647\u062f\u0627\u0634\u062a \u0648 \u062f\u0631\u0645\u0627\u0646", "code": "801020007", "explanation": null, "is_disabled": false, "max_bed": null, "max_bes": null, "max_bed_with_sanad": null, "max_bes_with_sanad": null, "created_at": null, "updated_at": null, "level": 3, "type": 11, "costCenterGroup": null, "floatAccountGroup": null, "parent": 195}}, {"model": "accounts.account", "pk": 333, "fields": {"name": "\u062e\u0633\u0627\u0631\u062a \u0627\u062e\u0631\u0627\u062c", "code": "801020008", "explanation": null, "is_disabled": false, "max_bed": null, "max_bes": null, "max_bed_with_sanad": null, "max_bes_with_sanad": null, "created_at": null, "updated_at": null, "level": 3, "type": 11, "costCenterGroup": null, "floatAccountGroup": null, "parent": 195}}, {"model": "accounts.account", "pk": 334, "fields": {"name": "\u062d\u0642\u0648\u0642 \u0648\u0645\u0632\u0627\u06cc\u0627\u06cc \u0645\u062a\u0641\u0631\u0642\u0647", "code": "801020009", "explanation": null, "is_disabled": false, "max_bed": null, "max_bes": null, "max_bed_with_sanad": null, "max_bes_with_sanad": null, "created_at": null, "updated_at": null, "level": 3, "type": 11, "costCenterGroup": null, "floatAccountGroup": null, "parent": 195}}, {"model": "accounts.account", "pk": 335, "fields": {"name": "\u067e\u0627\u062f\u0627\u0634 ", "code": "801020010", "explanation": null, "is_disabled": false, "max_bed": null, "max_bes": null, "max_bed_with_sanad": null, "max_bes_with_sanad": null, "created_at": null, "updated_at": null, "level": 3, "type": 11, "costCenterGroup": null, "floatAccountGroup": null, "parent": 195}}, {"model": "accounts.account", "pk": 336, "fields": {"name": "\u0627\u0645\u0648\u0632\u0634", "code": "801020011", "explanation": null, "is_disabled": false, "max_bed": null, "max_bes": null, "max_bed_with_sanad": null, "max_bes_with_sanad": null, "created_at": null, "updated_at": null, "level": 3, "type": 11, "costCenterGroup": null, "floatAccountGroup": null, "parent": 195}}, {"model": "accounts.account", "pk": 337, "fields": {"name": "\u0627\u0636\u0627\u0641\u0647 \u06a9\u0627\u0631\u06cc \u063a\u06cc\u0631\u0645\u0633\u062a\u0645\u0631", "code": "801020012", "explanation": null, "is_disabled": false, "max_bed": null, "max_bes": null, "max_bed_with_sanad": null, "max_bes_with_sanad": null, "created_at": null, "updated_at": null, "level": 3, "type": 11, "costCenterGroup": null, "floatAccountGroup": null, "parent": 195}}, {"model": "accounts.account", "pk": 338, "fields": {"name": "\u0628\u06cc\u0645\u0647 \u0633\u0647\u0645 \u06a9\u0627\u0631\u0641\u0631\u0645\u0627", "code": "801030001", "explanation": null, "is_disabled": false, "max_bed": null, "max_bes": null, "max_bed_with_sanad": null, "max_bes_with_sanad": null, "created_at": null, "updated_at": null, "level": 3, "type": 11, "costCenterGroup": null, "floatAccountGroup": null, "parent": 196}}, {"model": "accounts.account", "pk": 339, "fields": {"name": "\u0628\u06cc\u0645\u0647 \u0628\u06cc\u06a9\u0627\u0631\u06cc", "code": "801030002", "explanation": null, "is_disabled": false, "max_bed": null, "max_bes": null, "max_bed_with_sanad": null, "max_bes_with_sanad": null, "created_at": null, "updated_at": null, "level": 3, "type": 11, "costCenterGroup": null, "floatAccountGroup": null, "parent": 196}}, {"model": "accounts.account", "pk": 340, "fields": {"name": "\u062f\u0633\u062a\u0645\u0632\u062f \u06a9\u0627\u0631\u06a9\u0646\u0627\u0646 \u0631\u0648\u0632 \u0645\u0632\u062f", "code": "801040001", "explanation": null, "is_disabled": false, "max_bed": null, "max_bes": null, "max_bed_with_sanad": null, "max_bes_with_sanad": null, "created_at": null, "updated_at": null, "level": 3, "type": 11, "costCenterGroup": null, "floatAccountGroup": null, "parent": 197}}, {"model": "accounts.account", "pk": 341, "fields": {"name": "\u0633\u0627\u062e\u062a\u0645\u0627\u0646", "code": "802010001", "explanation": null, "is_disabled": false, "max_bed": null, "max_bes": null, "max_bed_with_sanad": null, "max_bes_with_sanad": null, "created_at": null, "updated_at": null, "level": 3, "type": 11, "costCenterGroup": null, "floatAccountGroup": null, "parent": 198}}, {"model": "accounts.account", "pk": 342, "fields": {"name": "\u062a\u0627\u0633\u06cc\u0633\u0627\u062a", "code": "802010002", "explanation": null, "is_disabled": false, "max_bed": null, "max_bes": null, "max_bed_with_sanad": null, "max_bes_with_sanad": null, "created_at": null, "updated_at": null, "level": 3, "type": 11, "costCenterGroup": null, "floatAccountGroup": null, "parent": 198}}, {"model": "accounts.account", "pk": 343, "fields": {"name": "\u0645\u0627\u0634\u06cc\u0646 \u0627\u0644\u0627\u062a ", "code": "802010003", "explanation": null, "is_disabled": false, "max_bed": null, "max_bes": null, "max_bed_with_sanad": null, "max_bes_with_sanad": null, "created_at": null, "updated_at": null, "level": 3, "type": 11, "costCenterGroup": null, "floatAccountGroup": null, "parent": 198}}, {"model": "accounts.account", "pk": 344, "fields": {"name": "\u0627\u0628\u0632\u0627\u0631\u0627\u0644\u0627\u062a ", "code": "802010004", "explanation": null, "is_disabled": false, "max_bed": null, "max_bes": null, "max_bed_with_sanad": null, "max_bes_with_sanad": null, "created_at": null, "updated_at": null, "level": 3, "type": 11, "costCenterGroup": null, "floatAccountGroup": null, "parent": 198}}, {"model": "accounts.account", "pk": 345, "fields": {"name": "\u0648\u0633\u0627\u0626\u0637 \u0646\u0642\u0644\u06cc\u0647", "code": "802010005", "explanation": null, "is_disabled": false, "max_bed": null, "max_bes": null, "max_bed_with_sanad": null, "max_bes_with_sanad": null, "created_at": null, "updated_at": null, "level": 3, "type": 11, "costCenterGroup": null, "floatAccountGroup": null, "parent": 198}}, {"model": "accounts.account", "pk": 346, "fields": {"name": "\u0627\u062b\u0627\u062b\u0647 \u0648\u0645\u0646\u0635\u0648\u0628\u0627\u062a \u0627\u062f\u0627\u0631\u06cc", "code": "802010006", "explanation": null, "is_disabled": false, "max_bed": null, "max_bes": null, "max_bed_with_sanad": null, "max_bes_with_sanad": null, "created_at": null, "updated_at": null, "level": 3, "type": 11, "costCenterGroup": null, "floatAccountGroup": null, "parent": 198}}, {"model": "accounts.account", "pk": 347, "fields": {"name": "\u0644\u0648\u0627\u0632\u0645 \u0627\u0632\u0645\u0627\u06cc\u0634\u06af\u0627\u0647\u06cc", "code": "802010007", "explanation": null, "is_disabled": false, "max_bed": null, "max_bes": null, "max_bed_with_sanad": null, "max_bes_with_sanad": null, "created_at": null, "updated_at": null, "level": 3, "type": 11, "costCenterGroup": null, "floatAccountGroup": null, "parent": 198}}, {"model": "accounts.account", "pk": 348, "fields": {"name": "\u062f\u0627\u0631\u0627\u06cc\u06cc \u0647\u0627\u06cc \u0633\u0631\u0645\u0627\u06cc\u0647 \u0627\u06cc \u0645\u0648\u062c\u0648\u062f\u062f\u0631\u0627\u0646\u0628\u0627\u0631", "code": "802010008", "explanation": null, "is_disabled": false, "max_bed": null, "max_bes": null, "max_bed_with_sanad": null, "max_bes_with_sanad": null, "created_at": null, "updated_at": null, "level": 3, "type": 11, "costCenterGroup": null, "floatAccountGroup": null, "parent": 198}}, {"model": "accounts.account", "pk": 424, "fields": {"name": "\u0632\u0645\u06cc\u0646", "code": "802060001", "explanation": null, "is_disabled": false, "max_bed": null, "max_bes": null, "max_bed_with_sanad": null, "max_bes_with_sanad": null, "created_at": null, "updated_at": null, "level": 3, "type": 11, "costCenterGroup": null, "floatAccountGroup": null, "parent": 203}}, {"model": "accounts.account", "pk": 425, "fields": {"name": "\u0633\u0627\u062e\u062a\u0645\u0627\u0646", "code": "802060002", "explanation": null, "is_disabled": false, "max_bed": null, "max_bes": null, "max_bed_with_sanad": null, "max_bes_with_sanad": null, "created_at": null, "updated_at": null, "level": 3, "type": 11, "costCenterGroup": null, "floatAccountGroup": null, "parent": 203}}, {"model": "accounts.account", "pk": 426, "fields": {"name": "\u062a\u0627\u0633\u06cc\u0633\u0627\u062a", "code": "802060003", "explanation": null, "is_disabled": false, "max_bed": null, "max_bes": null, "max_bed_with_sanad": null, "max_bes_with_sanad": null, "created_at": null, "updated_at": null, "level": 3, "type": 11, "costCenterGroup": null, "floatAccountGroup": null, "parent": 203}}, {"model": "accounts.account", "pk": 427, "fields": {"name": "\u0645\u0627\u0634\u06cc\u0646 \u0627\u0644\u0627\u062a \u0648\u062a\u062c\u0647\u06cc\u0632\u0627\u062a", "code": "802060004", "explanation": null, "is_disabled": false, "max_bed": null, "max_bes": null, "max_bed_with_sanad": null, "max_bes_with_sanad": null, "created_at": null, "updated_at": null, "level": 3, "type": 11, "costCenterGroup": null, "floatAccountGroup": null, "parent": 203}}, {"model": "accounts.account", "pk": 428, "fields": {"name": "\u0627\u0628\u0632\u0627\u0631 \u0627\u0644\u0627\u062a", "code": "802060005", "explanation": null, "is_disabled": false, "max_bed": null, "max_bes": null, "max_bed_with_sanad": null, "max_bes_with_sanad": null, "created_at": null, "updated_at": null, "level": 3, "type": 11, "costCenterGroup": null, "floatAccountGroup": null, "parent": 203}}, {"model": "accounts.account", "pk": 429, "fields": {"name": "\u0648\u0633\u0627\u0626\u0637 \u0646\u0642\u0644\u06cc\u0647", "code": "802060006", "explanation": null, "is_disabled": false, "max_bed": null, "max_bes": null, "max_bed_with_sanad": null, "max_bes_with_sanad": null, "created_at": null, "updated_at": null, "level": 3, "type": 11, "costCenterGroup": null, "floatAccountGroup": null, "parent": 203}}, {"model": "accounts.account", "pk": 430, "fields": {"name": "\u0627\u062b\u0627\u062b\u0647 \u0648 \u0645\u0646\u0635\u0648\u0628\u0627\u062a \u0627\u062f\u0627\u0631\u06cc", "code": "802060007", "explanation": null, "is_disabled": false, "max_bed": null, "max_bes": null, "max_bed_with_sanad": null, "max_bes_with_sanad": null, "created_at": null, "updated_at": null, "level": 3, "type": 11, "costCenterGroup": null, "floatAccountGroup": null, "parent": 203}}, {"model": "accounts.account", "pk": 431, "fields": {"name": "\u0644\u0648\u0627\u0632\u0645 \u0622\u0632\u0645\u0627\u06cc\u0634\u06af\u0627\u0647\u06cc", "code": "802060008", "explanation": null, "is_disabled": false, "max_bed": null, "max_bes": null, "max_bed_with_sanad": null, "max_bes_with_sanad": null, "created_at": null, "updated_at": null, "level": 3, "type": 11, "costCenterGroup": null, "floatAccountGroup": null, "parent": 203}}, {"model": "accounts.account", "pk": 432, "fields": {"name": "\u062f\u0627\u0631\u0627\u06cc\u06cc \u0647\u0627\u06cc \u0633\u0631\u0645\u0627\u06cc\u0647 \u0627\u06cc \u0645\u0648\u062c\u0648\u062f \u062f\u0631 \u0627\u0646\u0628\u0627\u0631", "code": "802060009", "explanation": null, "is_disabled": false, "max_bed": null, "max_bes": null, "max_bed_with_sanad": null, "max_bes_with_sanad": null, "created_at": null, "updated_at": null, "level": 3, "type": 11, "costCenterGroup": null, "floatAccountGroup": null, "parent": 203}}, {"model": "accounts.account", "pk": 433, "fields": {"name": "\u0645\u0648\u062c\u0648\u062f\u06cc \u0645\u0648\u0627\u062f\u0627\u0648\u0644\u06cc\u0647", "code": "802070001", "explanation": null, "is_disabled": false, "max_bed": null, "max_bes": null, "max_bed_with_sanad": null, "max_bes_with_sanad": null, "created_at": null, "updated_at": null, "level": 3, "type": 11, "costCenterGroup": null, "floatAccountGroup": null, "parent": 204}}, {"model": "accounts.account", "pk": 434, "fields": {"name": "\u0645\u0648\u0627\u062f \u06a9\u0645\u06a9\u06cc \u0648 \u0628\u0633\u062a\u0647 \u0628\u0646\u062f\u06cc", "code": "802070002", "explanation": null, "is_disabled": false, "max_bed": null, "max_bes": null, "max_bed_with_sanad": null, "max_bes_with_sanad": null, "created_at": null, "updated_at": null, "level": 3, "type": 11, "costCenterGroup": null, "floatAccountGroup": null, "parent": 204}}, {"model": "accounts.account", "pk": 435, "fields": {"name": "\u0642\u0637\u0639\u0627\u062a \u0648 \u0645\u0644\u0632\u0648\u0645\u0627\u062a \u0645\u0635\u0631\u0641\u06cc", "code": "802070003", "explanation": null, "is_disabled": false, "max_bed": null, "max_bes": null, "max_bed_with_sanad": null, "max_bes_with_sanad": null, "created_at": null, "updated_at": null, "level": 3, "type": 11, "costCenterGroup": null, "floatAccountGroup": null, "parent": 204}}, {"model": "accounts.account", "pk": 436, "fields": {"name": "\u06a9\u0627\u0644\u0627\u06cc \u062f\u0631 \u062c\u0631\u06cc\u0627\u0646 \u0633\u0627\u062e\u062a", "code": "802070004", "explanation": null, "is_disabled": false, "max_bed": null, "max_bes": null, "max_bed_with_sanad": null, "max_bes_with_sanad": null, "created_at": null, "updated_at": null, "level": 3, "type": 11, "costCenterGroup": null, "floatAccountGroup": null, "parent": 204}}, {"model": "accounts.account", "pk": 437, "fields": {"name": "\u06a9\u0627\u0644\u0627\u06cc \u0633\u0627\u062e\u062a\u0647 \u0634\u062f\u0647", "code": "802070005", "explanation": null, "is_disabled": false, "max_bed": null, "max_bes": null, "max_bed_with_sanad": null, "max_bes_with_sanad": null, "created_at": null, "updated_at": null, "level": 3, "type": 11, "costCenterGroup": null, "floatAccountGroup": null, "parent": 204}}, {"model": "accounts.account", "pk": 438, "fields": {"name": "\u06a9\u0627\u0644\u0627\u06cc \u0627\u0645\u0627\u0646\u06cc \u0645\u0627 \u0646\u0632\u062f \u062f\u06cc\u06af\u0631\u0627\u0646", "code": "802070006", "explanation": null, "is_disabled": false, "max_bed": null, "max_bes": null, "max_bed_with_sanad": null, "max_bes_with_sanad": null, "created_at": null, "updated_at": null, "level": 3, "type": 11, "costCenterGroup": null, "floatAccountGroup": null, "parent": 204}}, {"model": "accounts.account", "pk": 447, "fields": {"name": "\u0645\u0648\u062c\u0648\u062f\u06cc \u0645\u0648\u0627\u062f\u0627\u0648\u0644\u06cc\u0647", "code": "803010001", "explanation": null, "is_disabled": false, "max_bed": null, "max_bes": null, "max_bed_with_sanad": null, "max_bes_with_sanad": null, "created_at": null, "updated_at": null, "level": 3, "type": 11, "costCenterGroup": null, "floatAccountGroup": null, "parent": 210}}, {"model": "accounts.account", "pk": 448, "fields": {"name": "\u0645\u0648\u0627\u062f \u06a9\u0645\u06a9\u06cc \u0648 \u0628\u0633\u062a\u0647 \u0628\u0646\u062f\u06cc", "code": "803010002", "explanation": null, "is_disabled": false, "max_bed": null, "max_bes": null, "max_bed_with_sanad": null, "max_bes_with_sanad": null, "created_at": null, "updated_at": null, "level": 3, "type": 11, "costCenterGroup": null, "floatAccountGroup": null, "parent": 210}}, {"model": "accounts.account", "pk": 449, "fields": {"name": "\u0642\u0637\u0639\u0627\u062a \u0648 \u0645\u0644\u0632\u0648\u0645\u0627\u062a \u0645\u0635\u0631\u0641\u06cc", "code": "803010003", "explanation": null, "is_disabled": false, "max_bed": null, "max_bes": null, "max_bed_with_sanad": null, "max_bes_with_sanad": null, "created_at": null, "updated_at": null, "level": 3, "type": 11, "costCenterGroup": null, "floatAccountGroup": null, "parent": 210}}, {"model": "accounts.account", "pk": 450, "fields": {"name": "\u06a9\u0627\u0644\u0627\u06cc \u062f\u0631 \u062c\u0631\u06cc\u0627\u0646 \u0633\u0627\u062e\u062a", "code": "803010004", "explanation": null, "is_disabled": false, "max_bed": null, "max_bes": null, "max_bed_with_sanad": null, "max_bes_with_sanad": null, "created_at": null, "updated_at": null, "level": 3, "type": 11, "costCenterGroup": null, "floatAccountGroup": null, "parent": 210}}, {"model": "accounts.account", "pk": 451, "fields": {"name": "\u06a9\u0627\u0644\u0627\u06cc \u0633\u0627\u062e\u062a\u0647 \u0634\u062f\u0647", "code": "803010005", "explanation": null, "is_disabled": false, "max_bed": null, "max_bes": null, "max_bed_with_sanad": null, "max_bes_with_sanad": null, "created_at": null, "updated_at": null, "level": 3, "type": 11, "costCenterGroup": null, "floatAccountGroup": null, "parent": 210}}, {"model": "accounts.account", "pk": 459, "fields": {"name": "\u0636\u0645\u0627\u0646\u062a \u0646\u0627\u0645\u0647 \u0634\u0631\u06a9\u062a \u062f\u0631 \u0645\u0646\u0627\u0642\u0635\u0647", "code": "901010001", "explanation": null, "is_disabled": false, "max_bed": null, "max_bes": null, "max_bed_with_sanad": null, "max_bes_with_sanad": null, "created_at": null, "updated_at": null, "level": 3, "type": 39, "costCenterGroup": null, "floatAccountGroup": null, "parent": 226}}, {"model": "accounts.account", "pk": 460, "fields": {"name": "\u0636\u0645\u0627\u0646\u062a \u0646\u0627\u0645\u062f\u0647 \u0634\u0631\u06a9\u062a \u062f\u0631 \u0645\u0632\u0627\u06cc\u062f\u0647", "code": "901010002", "explanation": null, "is_disabled": false, "max_bed": null, "max_bes": null, "max_bed_with_sanad": null, "max_bes_with_sanad": null, "created_at": null, "updated_at": null, "level": 3, "type": 39, "costCenterGroup": null, "floatAccountGroup": null, "parent": 226}}, {"model": "accounts.account", "pk": 461, "fields": {"name": "\u0636\u0645\u0627\u0646\u062a \u0646\u0627\u0645\u0647 \u062d\u0633\u0646 \u0627\u0646\u062c\u0627\u0645 \u06a9\u0627\u0631", "code": "901010003", "explanation": null, "is_disabled": false, "max_bed": null, "max_bes": null, "max_bed_with_sanad": null, "max_bes_with_sanad": null, "created_at": null, "updated_at": null, "level": 3, "type": 39, "costCenterGroup": null, "floatAccountGroup": null, "parent": 226}}, {"model": "accounts.account", "pk": 462, "fields": {"name": "\u0636\u0645\u0627\u0646\u062a \u0646\u0627\u0645\u0647 \u062d\u0633\u0646 \u0627\u062c\u0631\u0627\u06cc \u062a\u0639\u0647\u062f\u0627\u062a", "code": "901010004", "explanation": null, "is_disabled": false, "max_bed": null, "max_bes": null, "max_bed_with_sanad": null, "max_bes_with_sanad": null, "created_at": null, "updated_at": null, "level": 3, "type": 39, "costCenterGroup": null, "floatAccountGroup": null, "parent": 226}}, {"model": "accounts.account", "pk": 463, "fields": {"name": "\u0636\u0645\u0627\u0646\u062a \u0646\u0627\u0645\u0647 \u0628\u0627\u0646\u06a9\u06cc", "code": "901010005", "explanation": null, "is_disabled": false, "max_bed": null, "max_bes": null, "max_bed_with_sanad": null, "max_bes_with_sanad": null, "created_at": null, "updated_at": null, "level": 3, "type": 39, "costCenterGroup": null, "floatAccountGroup": null, "parent": 226}}, {"model": "accounts.account", "pk": 464, "fields": {"name": "\u0627\u0633\u0646\u0627\u062f \u062a\u0636\u0645\u06cc\u0646\u06cc \u062f\u0631\u06cc\u0627\u0641\u062a\u06cc \u0627\u0632 \u06a9\u0627\u0631\u06a9\u0646\u0627\u0646", "code": "901010006", "explanation": null, "is_disabled": false, "max_bed": null, "max_bes": null, "max_bed_with_sanad": null, "max_bes_with_sanad": null, "created_at": null, "updated_at": null, "level": 3, "type": 39, "costCenterGroup": null, "floatAccountGroup": null, "parent": 226}}, {"model": "accounts.account", "pk": 465, "fields": {"name": "\u06a9\u0627\u0644\u0627\u06cc \u0627\u0645\u0627\u0646\u06cc \u0645\u0627 \u0646\u0632\u062f \u062f\u06cc\u06af\u0631\u0627\u0646", "code": "901010007", "explanation": null, "is_disabled": false, "max_bed": null, "max_bes": null, "max_bed_with_sanad": null, "max_bes_with_sanad": null, "created_at": null, "updated_at": null, "level": 3, "type": 39, "costCenterGroup": null, "floatAccountGroup": null, "parent": 226}}, {"model": "accounts.account", "pk": 466, "fields": {"name": "\u0633\u0627\u06cc\u0631 \u0627\u0633\u0646\u0627\u062f \u062a\u0636\u0645\u06cc\u0646\u06cc \u0628\u0647 \u0646\u0641\u0639 \u0634\u0631\u06a9\u062a", "code": "901010008", "explanation": null, "is_disabled": false, "max_bed": null, "max_bes": null, "max_bed_with_sanad": null, "max_bes_with_sanad": null, "created_at": null, "updated_at": null, "level": 3, "type": 39, "costCenterGroup": null, "floatAccountGroup": null, "parent": 226}}, {"model": "accounts.account", "pk": 467, "fields": {"name": "\u0627\u0633\u0646\u0627\u062f \u062a\u0636\u0645\u06cc\u0646\u06cc \u062a\u0646\u062e\u0648\u0627\u0647 ", "code": "901010009", "explanation": null, "is_disabled": false, "max_bed": null, "max_bes": null, "max_bed_with_sanad": null, "max_bes_with_sanad": null, "created_at": null, "updated_at": null, "level": 3, "type": 39, "costCenterGroup": null, "floatAccountGroup": null, "parent": 226}}, {"model": "accounts.account", "pk": 468, "fields": {"name": "\u0645\u0648\u062c\u0648\u062f\u06cc \u0636\u0627\u06cc\u0639\u0627\u062a", "code": "901010010", "explanation": null, "is_disabled": false, "max_bed": null, "max_bes": null, "max_bed_with_sanad": null, "max_bes_with_sanad": null, "created_at": null, "updated_at": null, "level": 3, "type": 39, "costCenterGroup": null, "floatAccountGroup": null, "parent": 226}}, {"model": "accounts.account", "pk": 469, "fields": {"name": "\u0636\u0645\u0627\u0646\u062a \u0646\u0627\u0645\u0647 \u0634\u0631\u06a9\u062a \u062f\u0631 \u0645\u0646\u0627\u0642\u0635\u0647", "code": "901020001", "explanation": null, "is_disabled": false, "max_bed": null, "max_bes": null, "max_bed_with_sanad": null, "max_bes_with_sanad": null, "created_at": null, "updated_at": null, "level": 3, "type": 39, "costCenterGroup": null, "floatAccountGroup": null, "parent": 227}}, {"model": "accounts.account", "pk": 470, "fields": {"name": "\u0636\u0645\u0627\u0646\u062a \u0646\u0627\u0645\u0647 \u0634\u0631\u06a9\u062a \u062f\u0631 \u0645\u0632\u0627\u06cc\u062f\u0647", "code": "901020002", "explanation": null, "is_disabled": false, "max_bed": null, "max_bes": null, "max_bed_with_sanad": null, "max_bes_with_sanad": null, "created_at": null, "updated_at": null, "level": 3, "type": 39, "costCenterGroup": null, "floatAccountGroup": null, "parent": 227}}, {"model": "accounts.account", "pk": 471, "fields": {"name": "\u0636\u0645\u0627\u0646\u062a \u0646\u0627\u0645\u0647 \u062d\u0633\u0646 \u0627\u0646\u062c\u0627\u0645 \u06a9\u0627\u0631", "code": "901020003", "explanation": null, "is_disabled": false, "max_bed": null, "max_bes": null, "max_bed_with_sanad": null, "max_bes_with_sanad": null, "created_at": null, "updated_at": null, "level": 3, "type": 39, "costCenterGroup": null, "floatAccountGroup": null, "parent": 227}}, {"model": "accounts.account", "pk": 472, "fields": {"name": "\u0636\u0645\u0627\u0646\u062a \u0646\u0627\u0645\u0647 \u067e\u06cc\u0634 \u067e\u0631\u062f\u0627\u062e\u062a ", "code": "901020004", "explanation": null, "is_disabled": false, "max_bed": null, "max_bes": null, "max_bed_with_sanad": null, "max_bes_with_sanad": null, "created_at": null, "updated_at": null, "level": 3, "type": 39, "costCenterGroup": null, "floatAccountGroup": null, "parent": 227}}, {"model": "accounts.account", "pk": 473, "fields": {"name": "\u0636\u0645\u0627\u0646\u062a \u0646\u0627\u0645\u0647 \u062d\u0633\u0646 \u0627\u062c\u0631\u0627\u06cc \u062a\u0639\u0647\u062f\u0627\u062a", "code": "901020005", "explanation": null, "is_disabled": false, "max_bed": null, "max_bes": null, "max_bed_with_sanad": null, "max_bes_with_sanad": null, "created_at": null, "updated_at": null, "level": 3, "type": 39, "costCenterGroup": null, "floatAccountGroup": null, "parent": 227}}, {"model": "accounts.account", "pk": 474, "fields": {"name": "\u0636\u0645\u0627\u0646\u062a \u0646\u0627\u0645\u0647 \u0628\u0627\u0646\u06a9\u06cc", "code": "901020006", "explanation": null, "is_disabled": false, "max_bed": null, "max_bes": null, "max_bed_with_sanad": null, "max_bes_with_sanad": null, "created_at": null, "updated_at": null, "level": 3, "type": 39, "costCenterGroup": null, "floatAccountGroup": null, "parent": 227}}, {"model": "accounts.account", "pk": 475, "fields": {"name": "\u06a9\u0627\u0644\u0627\u06cc \u0627\u0645\u0627\u0646\u06cc \u062f\u06cc\u06af\u0631\u0627\u0646 \u0646\u0632\u062f \u0645\u0627", "code": "901020007", "explanation": null, "is_disabled": false, "max_bed": null, "max_bes": null, "max_bed_with_sanad": null, "max_bes_with_sanad": null, "created_at": null, "updated_at": null, "level": 3, "type": 39, "costCenterGroup": null, "floatAccountGroup": null, "parent": 227}}, {"model": "accounts.account", "pk": 476, "fields": {"name": "\u0627\u0633\u0646\u0627\u062f \u062a\u0636\u0645\u06cc\u0646\u06cc \u0628\u0627\u0628\u062a \u062a\u0633\u0647\u06cc\u0644\u0627\u062a \u0645\u0627\u0644\u06cc \u062f\u0631\u06cc\u0627\u0641\u062a\u06cc \u0627\u0634\u062e\u0627\u0635 \u062b\u0627\u0644\u062b", "code": "901020008", "explanation": null, "is_disabled": false, "max_bed": null, "max_bes": null, "max_bed_with_sanad": null, "max_bes_with_sanad": null, "created_at": null, "updated_at": null, "level": 3, "type": 39, "costCenterGroup": null, "floatAccountGroup": null, "parent": 227}}, {"model": "accounts.account", "pk": 477, "fields": {"name": "\u0627\u0633\u0646\u0627\u062f \u062a\u0636\u0645\u06cc\u0646\u06cc \u0628\u0627\u0628\u062a \u062a\u0633\u0647\u06cc\u0644\u0627\u062a \u0645\u0627\u0644\u06cc \u062f\u0631\u06cc\u0627\u0641\u062a\u06cc \u0634\u0631\u06a9\u062a", "code": "901020009", "explanation": null, "is_disabled": false, "max_bed": null, "max_bes": null, "max_bed_with_sanad": null, "max_bes_with_sanad": null, "created_at": null, "updated_at": null, "level": 3, "type": 39, "costCenterGroup": null, "floatAccountGroup": null, "parent": 227}}, {"model": "accounts.account", "pk": 478, "fields": {"name": "\u0633\u0627\u06cc\u0631 \u0627\u0633\u0646\u0627\u062f \u062a\u0636\u0645\u06cc\u0646\u06cc \u0628\u0647 \u0639\u0647\u062f\u0647 \u0634\u0631\u06a9\u062a", "code": "901020010", "explanation": null, "is_disabled": false, "max_bed": null, "max_bes": null, "max_bed_with_sanad": null, "max_bes_with_sanad": null, "created_at": null, "updated_at": null, "level": 3, "type": 39, "costCenterGroup": null, "floatAccountGroup": null, "parent": 227}}, {"model": "accounts.account", "pk": 479, "fields": {"name": "\u0627\u0633\u0646\u0627\u062f \u062a\u0636\u0645\u06cc\u0646\u06cc \u0628\u0627\u0628\u062a \u0633\u0641\u0627\u0631\u0634\u0627\u062a", "code": "901020011", "explanation": null, "is_disabled": false, "max_bed": null, "max_bes": null, "max_bed_with_sanad": null, "max_bes_with_sanad": null, "created_at": null, "updated_at": null, "level": 3, "type": 39, "costCenterGroup": null, "floatAccountGroup": null, "parent": 227}}, {"model": "accounts.account", "pk": 480, "fields": {"name": "\u0636\u0645\u0627\u0646\u062a \u0646\u0627\u0645\u0647 \u06af\u0645\u0631\u06a9\u06cc", "code": "901020012", "explanation": null, "is_disabled": false, "max_bed": null, "max_bes": null, "max_bed_with_sanad": null, "max_bes_with_sanad": null, "created_at": null, "updated_at": null, "level": 3, "type": 39, "costCenterGroup": null, "floatAccountGroup": null, "parent": 227}}, {"model": "accounts.account", "pk": 481, "fields": {"name": "\u0627\u0633\u0646\u0627\u062f \u062a\u0636\u0645\u06cc\u0646\u06cc \u0628\u0627\u0628\u062a \u062a\u0633\u0647\u06cc\u0644\u0627\u062a \u0645\u0627\u0644\u06cc \u062f\u0631\u06cc\u0627\u0641\u062a\u06cc \u0627\u0632 \u06a9\u0627\u0631\u06a9\u0646\u0627\u0646", "code": "901020013", "explanation": null, "is_disabled": false, "max_bed": null, "max_bes": null, "max_bed_with_sanad": null, "max_bes_with_sanad": null, "created_at": null, "updated_at": null, "level": 3, "type": 39, "costCenterGroup": null, "floatAccountGroup": null, "parent": 227}}, {"model": "accounts.account", "pk": 482, "fields": {"name": "\u0627\u0633\u0646\u0627\u062f \u062a\u0636\u0645\u06cc\u0646\u06cc \u0628\u0627\u0628\u062a \u062a\u0633\u0647\u06cc\u0644\u0627\u062a \u0645\u0627\u0644\u06cc \u062f\u0631\u06cc\u0627\u0641\u062a\u06cc \u0627\u0634\u062e\u0627\u0635 \u0648\u0627\u0628\u0633\u062a\u0647", "code": "901020014", "explanation": null, "is_disabled": false, "max_bed": null, "max_bes": null, "max_bed_with_sanad": null, "max_bes_with_sanad": null, "created_at": null, "updated_at": null, "level": 3, "type": 39, "costCenterGroup": null, "floatAccountGroup": null, "parent": 227}}, {"model": "accounts.account", "pk": 483, "fields": {"name": "\u0633\u0627\u06cc\u0631 \u0627\u0633\u0646\u0627\u062f \u062a\u0636\u0645\u06cc\u0646\u06cc \u0628\u0647 \u0639\u0647\u062f\u0647 \u0634\u0631\u06a9\u062a", "code": "901020015", "explanation": null, "is_disabled": false, "max_bed": null, "max_bes": null, "max_bed_with_sanad": null, "max_bes_with_sanad": null, "created_at": null, "updated_at": null, "level": 3, "type": 39, "costCenterGroup": null, "floatAccountGroup": null, "parent": 227}}, {"model": "accounts.account", "pk": 489, "fields": {"name": "\u062e\u0631\u06cc\u062f\u0627\u0631 1", "code": "103020001", "explanation": null, "is_disabled": false, "max_bed": null, "max_bes": null, "max_bed_with_sanad": null, "max_bes_with_sanad": null, "created_at": "2019-03-10", "updated_at": "2019-02-21", "level": 3, "type": 16, "costCenterGroup": null, "floatAccountGroup": null, "parent": 66}}, {"model": "accounts.account", "pk": 490, "fields": {"name": "\u0641\u0631\u0648\u0634\u0646\u062f\u0647 1", "code": "301010002", "explanation": null, "is_disabled": false, "max_bed": null, "max_bes": null, "max_bed_with_sanad": null, "max_bes_with_sanad": null, "created_at": "2019-02-21", "updated_at": "2019-02-21", "level": 3, "type": 24, "costCenterGroup": null, "floatAccountGroup": null, "parent": 115}}, {"model": "accounts.account", "pk": 491, "fields": {"name": "\u0628\u0627\u0646\u06a9 1", "code": "101010001", "explanation": null, "is_disabled": false, "max_bed": null, "max_bes": null, "max_bed_with_sanad": null, "max_bes_with_sanad": null, "created_at": "2019-03-19", "updated_at": "2019-02-21", "level": 3, "type": 14, "costCenterGroup": null, "floatAccountGroup": null, "parent": 55}}, {"model": "accounts.account", "pk": 492, "fields": {"name": "\u062d\u0633\u06cc\u0646\u06cc", "code": "103010001", "explanation": null, "is_disabled": false, "max_bed": null, "max_bes": null, "max_bed_with_sanad": null, "max_bes_with_sanad": null, "created_at": "2019-03-23", "updated_at": "2019-03-10", "level": 3, "type": 16, "costCenterGroup": null, "floatAccountGroup": null, "parent": 65}}, {"model": "accounts.account", "pk": 493, "fields": {"name": "\u062d\u0633\u0627\u0628 \u0647\u0627\u06cc \u067e\u0631\u062f\u0627\u062e\u062a\u0646\u06cc \u062d\u0642\u0648\u0642\u06cc", "code": "30102", "explanation": null, "is_disabled": false, "max_bed": null, "max_bes": null, "max_bed_with_sanad": null, "max_bes_with_sanad": null, "created_at": "2019-03-10", "updated_at": "2019-03-10", "level": 2, "type": 24, "costCenterGroup": null, "floatAccountGroup": null, "parent": 22}}, {"model": "accounts.account", "pk": 494, "fields": {"name": "\u0627\u0635\u063a\u0631\u06cc", "code": "301010003", "explanation": null, "is_disabled": false, "max_bed": null, "max_bes": null, "max_bed_with_sanad": null, "max_bes_with_sanad": null, "created_at": "2019-03-13", "updated_at": "2019-03-10", "level": 3, "type": 24, "costCenterGroup": null, "floatAccountGroup": null, "parent": 115}}, {"model": "accounts.account", "pk": 495, "fields": {"name": "\u0645\u06cc\u0631\u0632\u0627\u06cc\u06cc", "code": "103010002", "explanation": null, "is_disabled": false, "max_bed": null, "max_bes": null, "max_bed_with_sanad": null, "max_bes_with_sanad": null, "created_at": "2019-03-23", "updated_at": "2019-03-10", "level": 3, "type": 16, "costCenterGroup": null, "floatAccountGroup": null, "parent": 65}}, {"model": "accounts.account", "pk": 496, "fields": {"name": "\u062f\u0647\u0642\u0627\u0646\u06cc", "code": "301010004", "explanation": null, "is_disabled": false, "max_bed": null, "max_bes": null, "max_bed_with_sanad": null, "max_bes_with_sanad": null, "created_at": "2019-03-13", "updated_at": "2019-03-10", "level": 3, "type": 24, "costCenterGroup": null, "floatAccountGroup": null, "parent": 115}}, {"model": "accounts.account", "pk": 497, "fields": {"name": "\u0628\u0627\u0646\u06a9 2", "code": "101010002", "explanation": null, "is_disabled": false, "max_bed": null, "max_bes": null, "max_bed_with_sanad": null, "max_bes_with_sanad": null, "created_at": "2019-03-12", "updated_at": "2019-03-10", "level": 3, "type": 14, "costCenterGroup": null, "floatAccountGroup": null, "parent": 55}}, {"model": "accounts.account", "pk": 498, "fields": {"name": "\u0641\u0631\u0648\u0634", "code": "601010001", "explanation": null, "is_disabled": false, "max_bed": null, "max_bes": null, "max_bed_with_sanad": null, "max_bes_with_sanad": null, "created_at": "2019-03-23", "updated_at": "2019-03-16", "level": 3, "type": 1, "costCenterGroup": null, "floatAccountGroup": null, "parent": 174}}, {"model": "accounts.account", "pk": 500, "fields": {"name": "\u0628\u0631\u06af\u0634\u062a \u0627\u0632 \u0641\u0631\u0648\u0634", "code": "601020001", "explanation": null, "is_disabled": false, "max_bed": null, "max_bes": null, "max_bed_with_sanad": null, "max_bes_with_sanad": null, "created_at": "2019-03-19", "updated_at": "2019-03-19", "level": 3, "type": 1, "costCenterGroup": null, "floatAccountGroup": null, "parent": 175}}, {"model": "accounts.account", "pk": 501, "fields": {"name": "\u062a\u062e\u0641\u06cc\u0641\u0627\u062a \u0646\u0642\u062f\u06cc \u0641\u0631\u0648\u0634", "code": "601030001", "explanation": null, "is_disabled": false, "max_bed": null, "max_bes": null, "max_bed_with_sanad": null, "max_bes_with_sanad": null, "created_at": "2019-03-19", "updated_at": "2019-03-19", "level": 3, "type": 1, "costCenterGroup": null, "floatAccountGroup": null, "parent": 176}}, {"model": "accounts.account", "pk": 502, "fields": {"name": "\u062e\u0627\u0646\u0645 \u0628\u0627\u0642\u0631\u06cc", "code": "103010003", "explanation": null, "is_disabled": false, "max_bed": null, "max_bes": null, "max_bed_with_sanad": null, "max_bes_with_sanad": null, "created_at": "2019-03-22", "updated_at": "2019-03-19", "level": 3, "type": 16, "costCenterGroup": null, "floatAccountGroup": null, "parent": 65}}, {"model": "accounts.account", "pk": 503, "fields": {"name": "\u067e\u067e\u0633\u06cc", "code": "103020002", "explanation": null, "is_disabled": false, "max_bed": null, "max_bes": null, "max_bed_with_sanad": null, "max_bes_with_sanad": null, "created_at": "2019-03-19", "updated_at": "2019-03-19", "level": 3, "type": 16, "costCenterGroup": null, "floatAccountGroup": null, "parent": 66}}, {"model": "accounts.account", "pk": 504, "fields": {"name": "\u0639\u0644\u0627\u0642\u0647 \u0628\u0646\u062f", "code": "103010004", "explanation": null, "is_disabled": false, "max_bed": null, "max_bes": null, "max_bed_with_sanad": null, "max_bes_with_sanad": null, "created_at": "2019-03-19", "updated_at": "2019-03-19", "level": 3, "type": 16, "costCenterGroup": null, "floatAccountGroup": null, "parent": 65}}, {"model": "accounts.account", "pk": 505, "fields": {"name": "\u0634\u0647\u0631\u0627\u0645 \u0631\u06cc\u0633\u0645\u0627\u0646\u0686\u06cc\u0627\u0646", "code": "103010005", "explanation": null, "is_disabled": false, "max_bed": null, "max_bes": null, "max_bed_with_sanad": null, "max_bes_with_sanad": null, "created_at": "2019-03-21", "updated_at": "2019-03-21", "level": 3, "type": 16, "costCenterGroup": null, "floatAccountGroup": null, "parent": 65}}, {"model": "accounts.account", "pk": 506, "fields": {"name": "\u0686\u0627\u0622\u0628\u06cc", "code": "301010005", "explanation": null, "is_disabled": false, "max_bed": null, "max_bes": null, "max_bed_with_sanad": null, "max_bes_with_sanad": null, "created_at": "2019-03-22", "updated_at": "2019-03-22", "level": 3, "type": 24, "costCenterGroup": null, "floatAccountGroup": null, "parent": 115}}, {"model": "accounts.account", "pk": 507, "fields": {"name": "\u0632\u0627\u0631\u0639", "code": "103010006", "explanation": null, "is_disabled": false, "max_bed": null, "max_bes": null, "max_bed_with_sanad": null, "max_bes_with_sanad": null, "created_at": "2019-03-22", "updated_at": "2019-03-22", "level": 3, "type": 16, "costCenterGroup": null, "floatAccountGroup": null, "parent": 65}}, {"model": "accounts.account", "pk": 509, "fields": {"name": "\u062d\u0633\u0646\u06cc", "code": "103010007", "explanation": null, "is_disabled": false, "max_bed": null, "max_bes": null, "max_bed_with_sanad": null, "max_bes_with_sanad": null, "created_at": "2019-03-26", "updated_at": "2019-03-26", "level": 3, "type": 16, "costCenterGroup": null, "floatAccountGroup": null, "parent": 65}}, {"model": "accounts.account", "pk": 510, "fields": {"name": "\u062a\u0648\u0631 \u0622\u0642\u0627\u06cc \u0627\u06cc\u06a9\u0633", "code": "103020003", "explanation": null, "is_disabled": false, "max_bed": null, "max_bes": null, "max_bed_with_sanad": null, "max_bes_with_sanad": null, "created_at": "2019-03-26", "updated_at": "2019-03-26", "level": 3, "type": 16, "costCenterGroup": null, "floatAccountGroup": null, "parent": 66}}, {"model": "accounts.account", "pk": 512, "fields": {"name": "\u0645\u0633\u0639\u0648\u062f \u062d\u0633\u0646\u0648\u0646\u062f", "code": "103010009", "explanation": "\u0647\u0645\u0631\u0627\u0647 \u0641\u0647\u06cc\u0645\u0647 \u0631\u062d\u06cc\u0645\u06cc", "is_disabled": false, "max_bed": null, "max_bes": null, "max_bed_with_sanad": null, "max_bes_with_sanad": null, "created_at": "2019-03-27", "updated_at": "2019-03-27", "level": 3, "type": 16, "costCenterGroup": null, "floatAccountGroup": null, "parent": 65}}, {"model": "accounts.account", "pk": 513, "fields": {"name": "\u0641\u0627\u0637\u0645\u0647 \u0645\u062d\u0645\u0648\u062f \u062c\u0627\u0646\u0644\u0648", "code": "103010010", "explanation": "\u0647\u0645\u0631\u0627\u0647\u0627\u0646. \u0645\u0631\u0636\u06cc\u0647 \u0648 \u0645\u0637\u0647\u0631\u0647 \u062c\u0627\u0646\u0644\u0648", "is_disabled": false, "max_bed": null, "max_bes": null, "max_bed_with_sanad": null, "max_bes_with_sanad": null, "created_at": "2019-03-27", "updated_at": "2019-03-27", "level": 3, "type": 16, "costCenterGroup": null, "floatAccountGroup": null, "parent": 65}}, {"model": "accounts.account", "pk": 514, "fields": {"name": "\u0627\u0642\u0627\u06cc z", "code": "103010011", "explanation": null, "is_disabled": false, "max_bed": null, "max_bes": null, "max_bed_with_sanad": null, "max_bes_with_sanad": null, "created_at": "2019-03-27", "updated_at": "2019-03-27", "level": 3, "type": 16, "costCenterGroup": null, "floatAccountGroup": null, "parent": 65}}, {"model": "accounts.account", "pk": 515, "fields": {"name": "\u0627\u0642\u0627\u06cc \u0628\u0627\u0628\u0627\u06cc\u06cc", "code": "103010012", "explanation": null, "is_disabled": false, "max_bed": null, "max_bes": null, "max_bed_with_sanad": null, "max_bes_with_sanad": null, "created_at": "2019-03-29", "updated_at": "2019-03-29", "level": 3, "type": 16, "costCenterGroup": null, "floatAccountGroup": null, "parent": 65}}, {"model": "accounts.account", "pk": 516, "fields": {"name": "\u062a\u0646\u062e\u0648\u0627\u0647 \u06af\u0631\u062f\u0627\u0646", "code": "101030001", "explanation": null, "is_disabled": false, "max_bed": null, "max_bes": null, "max_bed_with_sanad": null, "max_bes_with_sanad": null, "created_at": "2019-04-02", "updated_at": "2019-04-02", "level": 3, "type": 14, "costCenterGroup": null, "floatAccountGroup": null, "parent": 57}}, {"model": "accounts.account", "pk": 517, "fields": {"name": "\u06a9\u0631\u0627\u06cc\u0647 \u062d\u0645\u0644 \u062e\u0631\u06cc\u062f \u06a9\u0627\u0644\u0627 \u0648 \u0645\u0648\u0627\u062f", "code": "106070001", "explanation": null, "is_disabled": false, "max_bed": null, "max_bes": null, "max_bed_with_sanad": null, "max_bes_with_sanad": null, "created_at": "2019-04-02", "updated_at": "2019-04-02", "level": 3, "type": 18, "costCenterGroup": null, "floatAccountGroup": null, "parent": 82}}, {"model": "accounts.account", "pk": 518, "fields": {"name": "\u0628\u0627\u0631\u06af\u06cc\u0631\u06cc \u0648 \u0628\u0633\u062a\u0647 \u0628\u0646\u062f\u06cc \u062e\u0631\u06cc\u062f \u06a9\u0627\u0644\u0627 \u0648 \u0645\u0648\u0627\u062f", "code": "106070002", "explanation": null, "is_disabled": false, "max_bed": null, "max_bes": null, "max_bed_with_sanad": null, "max_bes_with_sanad": null, "created_at": "2019-04-02", "updated_at": "2019-04-02", "level": 3, "type": 18, "costCenterGroup": null, "floatAccountGroup": null, "parent": 82}}, {"model": "accounts.account", "pk": 519, "fields": {"name": "\u0645\u062e\u0627\u0631\u062c \u06af\u0645\u0631\u06a9\u06cc \u0648 \u062b\u0628\u062a \u0633\u0641\u0627\u0631\u0634 \u06a9\u0627\u0644\u0627 \u0648 \u0645\u0648\u0627\u062f", "code": "106070003", "explanation": null, "is_disabled": false, "max_bed": null, "max_bes": null, "max_bed_with_sanad": null, "max_bes_with_sanad": null, "created_at": "2019-04-02", "updated_at": "2019-04-02", "level": 3, "type": 18, "costCenterGroup": null, "floatAccountGroup": null, "parent": 82}}, {"model": "accounts.account", "pk": 520, "fields": {"name": "\u0646\u0631\u0645 \u0627\u0641\u0632\u0627\u0631 \u0627\u062f\u0627\u0631\u06cc", "code": "205030002", "explanation": null, "is_disabled": false, "max_bed": null, "max_bes": null, "max_bed_with_sanad": null, "max_bes_with_sanad": null, "created_at": "2019-04-02", "updated_at": "2019-04-02", "level": 3, "type": 23, "costCenterGroup": null, "floatAccountGroup": null, "parent": 114}}, {"model": "accounts.account", "pk": 521, "fields": {"name": "\u0646\u0631\u0645 \u0627\u0641\u0632\u0627\u0631 \u0641\u0646\u06cc", "code": "205030003", "explanation": null, "is_disabled": false, "max_bed": null, "max_bes": null, "max_bed_with_sanad": null, "max_bes_with_sanad": null, "created_at": "2019-04-02", "updated_at": "2019-04-02", "level": 3, "type": 23, "costCenterGroup": null, "floatAccountGroup": null, "parent": 114}}, {"model": "accounts.account", "pk": 522, "fields": {"name": "\u062c\u0627\u0631\u06cc \u0634\u0631\u06a9\u0627", "code": "303070001", "explanation": null, "is_disabled": false, "max_bed": null, "max_bes": null, "max_bed_with_sanad": null, "max_bes_with_sanad": null, "created_at": "2019-04-02", "updated_at": "2019-04-02", "level": 3, "type": 25, "costCenterGroup": null, "floatAccountGroup": null, "parent": 123}}, {"model": "accounts.account", "pk": 523, "fields": {"name": "\u0630\u062e\u06cc\u0631\u0647 \u06a9\u0627\u0647\u0634 \u0627\u0631\u0632\u0634 \u0645\u0648\u062c\u0648\u062f\u06cc \u06a9\u0627\u0644\u0627 \u0648 \u0645\u0648\u0627\u062f", "code": "10609", "explanation": null, "is_disabled": false, "max_bed": null, "max_bes": null, "max_bed_with_sanad": null, "max_bes_with_sanad": null, "created_at": "2019-04-02", "updated_at": "2019-04-02", "level": 2, "type": 18, "costCenterGroup": null, "floatAccountGroup": null, "parent": 15}}, {"model": "accounts.account", "pk": 524, "fields": {"name": "\u0630\u062e\u06cc\u0631\u0647 \u06a9\u0627\u0647\u0634 \u0627\u0631\u0632\u0634 \u0645\u0648\u062c\u0648\u062f\u06cc \u06a9\u0627\u0644\u0627", "code": "106090001", "explanation": null, "is_disabled": false, "max_bed": null, "max_bes": null, "max_bed_with_sanad": null, "max_bes_with_sanad": null, "created_at": "2019-04-02", "updated_at": "2019-04-02", "level": 3, "type": 18, "costCenterGroup": null, "floatAccountGroup": null, "parent": 523}}, {"model": "accounts.account", "pk": 525, "fields": {"name": "\u0630\u062e\u06cc\u0631\u0647 \u06a9\u0627\u0647\u0634 \u0627\u0631\u0632\u0634 \u0645\u0648\u062c\u0648\u062f\u06cc \u0645\u0648\u0627\u062f", "code": "106090002", "explanation": null, "is_disabled": false, "max_bed": null, "max_bes": null, "max_bed_with_sanad": null, "max_bes_with_sanad": null, "created_at": "2019-04-02", "updated_at": "2019-04-02", "level": 3, "type": 18, "costCenterGroup": null, "floatAccountGroup": null, "parent": 523}}, {"model": "accounts.account", "pk": 526, "fields": {"name": "\u0645\u0627\u0632\u0627\u062f \u062a\u062c\u062f\u06cc\u062f \u0627\u0631\u0632\u06cc\u0627\u0628\u06cc \u062f\u0627\u0631\u0627\u06cc\u06cc \u0647\u0627", "code": "50401", "explanation": null, "is_disabled": false, "max_bed": null, "max_bes": null, "max_bed_with_sanad": null, "max_bes_with_sanad": null, "created_at": "2019-04-02", "updated_at": "2019-04-02", "level": 2, "type": 36, "costCenterGroup": null, "floatAccountGroup": null, "parent": 38}}, {"model": "accounts.account", "pk": 528, "fields": {"name": "\u062a\u0642\u0633\u06cc\u0645 \u0633\u0648\u062f", "code": "50504", "explanation": null, "is_disabled": false, "max_bed": null, "max_bes": null, "max_bed_with_sanad": null, "max_bes_with_sanad": null, "created_at": "2019-04-02", "updated_at": "2019-04-02", "level": 2, "type": 36, "costCenterGroup": null, "floatAccountGroup": null, "parent": 39}}, {"model": "accounts.account", "pk": 529, "fields": {"name": "\u0633\u0648\u062f \u0648 \u0632\u06cc\u0627\u0646 \u0627\u0646\u0628\u0627\u0634\u062a\u0647", "code": "505010002", "explanation": null, "is_disabled": false, "max_bed": null, "max_bes": null, "max_bed_with_sanad": null, "max_bes_with_sanad": null, "created_at": "2019-04-02", "updated_at": "2019-04-02", "level": 3, "type": 36, "costCenterGroup": null, "floatAccountGroup": null, "parent": 171}}, {"model": "accounts.account", "pk": 530, "fields": {"name": "\u0633\u0648\u062f \u0648 \u0632\u06cc\u0627\u0646 \u062f\u0648\u0631\u0647 \u062c\u0627\u0631\u06cc", "code": "505020001", "explanation": null, "is_disabled": false, "max_bed": null, "max_bes": null, "max_bed_with_sanad": null, "max_bes_with_sanad": null, "created_at": "2019-04-02", "updated_at": "2019-04-02", "level": 3, "type": 36, "costCenterGroup": null, "floatAccountGroup": null, "parent": 172}}, {"model": "accounts.account", "pk": 531, "fields": {"name": "\u0647\u0632\u06cc\u0646\u0647 \u06a9\u0627\u0631\u06a9\u0646\u0627\u0646", "code": "806", "explanation": null, "is_disabled": false, "max_bed": null, "max_bes": null, "max_bed_with_sanad": null, "max_bes_with_sanad": null, "created_at": "2019-04-02", "updated_at": "2019-04-02", "level": 1, "type": 11, "costCenterGroup": null, "floatAccountGroup": null, "parent": 8}}, {"model": "accounts.account", "pk": 532, "fields": {"name": "\u0647\u0632\u06cc\u0646\u0647 \u0627\u062f\u0627\u0631\u06cc \u0648 \u062a\u0634\u06a9\u06cc\u0644\u0627\u062a\u06cc", "code": "807", "explanation": null, "is_disabled": false, "max_bed": null, "max_bes": null, "max_bed_with_sanad": null, "max_bes_with_sanad": null, "created_at": "2019-04-02", "updated_at": "2019-04-02", "level": 1, "type": 11, "costCenterGroup": null, "floatAccountGroup": null, "parent": 8}}, {"model": "accounts.account", "pk": 534, "fields": {"name": "\u0647\u0632\u06cc\u0646\u0647 \u0627\u062f\u0627\u0631\u06cc \u0648 \u062a\u0634\u06a9\u06cc\u0644\u0627\u062a\u06cc", "code": "80701", "explanation": null, "is_disabled": false, "max_bed": null, "max_bes": null, "max_bed_with_sanad": null, "max_bes_with_sanad": null, "created_at": "2019-04-02", "updated_at": "2019-04-02", "level": 2, "type": 11, "costCenterGroup": null, "floatAccountGroup": null, "parent": 532}}, {"model": "accounts.account", "pk": 535, "fields": {"name": "\u0647\u0632\u06cc\u0646\u0647 \u062a\u0648\u0632\u06cc\u0639 \u0648 \u0641\u0631\u0648\u0634 \u0648 \u0628\u0627\u0632\u0627\u0631\u06cc\u0627\u0628\u06cc", "code": "80501", "explanation": null, "is_disabled": false, "max_bed": null, "max_bes": null, "max_bed_with_sanad": null, "max_bes_with_sanad": null, "created_at": "2019-04-02", "updated_at": "2019-04-02", "level": 2, "type": 11, "costCenterGroup": null, "floatAccountGroup": null, "parent": 50}}, {"model": "accounts.account", "pk": 536, "fields": {"name": "\u0647\u0632\u06cc\u0646\u0647 \u062d\u0642 \u0627\u0644\u0632\u062d\u0645\u0647 \u0645\u0634\u0627\u0648\u0631\u0647", "code": "807010001", "explanation": null, "is_disabled": false, "max_bed": null, "max_bes": null, "max_bed_with_sanad": null, "max_bes_with_sanad": null, "created_at": "2019-04-02", "updated_at": "2019-04-02", "level": 3, "type": 11, "costCenterGroup": null, "floatAccountGroup": null, "parent": 534}}, {"model": "accounts.account", "pk": 537, "fields": {"name": "\u0647\u0632\u06cc\u0646\u0647 \u062d\u0642 \u0627\u0644\u0632\u062d\u0645\u0647 \u062d\u0633\u0627\u0628\u0631\u0633\u06cc", "code": "807010002", "explanation": null, "is_disabled": false, "max_bed": null, "max_bes": null, "max_bed_with_sanad": null, "max_bes_with_sanad": null, "created_at": "2019-04-02", "updated_at": "2019-04-02", "level": 3, "type": 11, "costCenterGroup": null, "floatAccountGroup": null, "parent": 534}}, {"model": "accounts.account", "pk": 538, "fields": {"name": "\u0647\u0632\u06cc\u0646\u0647 \u062d\u0642 \u0627\u0644\u0632\u062d\u0645\u0647 \u0648\u06a9\u0627\u0644\u062a", "code": "807010003", "explanation": null, "is_disabled": false, "max_bed": null, "max_bes": null, "max_bed_with_sanad": null, "max_bes_with_sanad": null, "created_at": "2019-04-02", "updated_at": "2019-04-02", "level": 3, "type": 11, "costCenterGroup": null, "floatAccountGroup": null, "parent": 534}}, {"model": "accounts.account", "pk": 539, "fields": {"name": "\u0647\u0632\u06cc\u0646\u0647 \u062d\u0642 \u0627\u0644\u0632\u062d\u0645\u0647 \u062e\u062f\u0645\u0627\u062a", "code": "807010004", "explanation": null, "is_disabled": false, "max_bed": null, "max_bes": null, "max_bed_with_sanad": null, "max_bes_with_sanad": null, "created_at": "2019-04-02", "updated_at": "2019-04-02", "level": 3, "type": 11, "costCenterGroup": null, "floatAccountGroup": null, "parent": 534}}, {"model": "accounts.account", "pk": 541, "fields": {"name": "\u0647\u0632\u06cc\u0646\u0647 \u06a9\u062a\u0628 \u0648 \u0646\u0634\u0631\u06cc\u0627\u062a", "code": "807010005", "explanation": null, "is_disabled": false, "max_bed": null, "max_bes": null, "max_bed_with_sanad": null, "max_bes_with_sanad": null, "created_at": "2019-04-02", "updated_at": "2019-04-02", "level": 3, "type": 11, "costCenterGroup": null, "floatAccountGroup": null, "parent": 534}}, {"model": "accounts.account", "pk": 542, "fields": {"name": "\u0647\u0632\u06cc\u0646\u0647 \u0627\u0646\u062a\u0634\u0627\u0631 \u0622\u06af\u0647\u06cc", "code": "807010006", "explanation": null, "is_disabled": false, "max_bed": null, "max_bes": null, "max_bed_with_sanad": null, "max_bes_with_sanad": null, "created_at": "2019-04-02", "updated_at": "2019-04-02", "level": 3, "type": 11, "costCenterGroup": null, "floatAccountGroup": null, "parent": 534}}, {"model": "accounts.account", "pk": 543, "fields": {"name": "\u0647\u0632\u06cc\u0646\u0647 \u0628\u0631\u06af\u0632\u0627\u0631\u06cc \u062c\u0644\u0633\u0627\u062a \u0648 \u0645\u0631\u0627\u0633\u0645\u0627\u062a", "code": "807010007", "explanation": null, "is_disabled": false, "max_bed": null, "max_bes": null, "max_bed_with_sanad": null, "max_bes_with_sanad": null, "created_at": "2019-04-02", "updated_at": "2019-04-02", "level": 3, "type": 11, "costCenterGroup": null, "floatAccountGroup": null, "parent": 534}}, {"model": "accounts.account", "pk": 544, "fields": {"name": "\u0647\u0632\u06cc\u0646\u0647 \u0645\u0634\u0627\u0648\u0631\u0647", "code": "807010008", "explanation": null, "is_disabled": false, "max_bed": null, "max_bes": null, "max_bed_with_sanad": null, "max_bes_with_sanad": null, "created_at": "2019-04-02", "updated_at": "2019-04-02", "level": 3, "type": 11, "costCenterGroup": null, "floatAccountGroup": null, "parent": 534}}, {"model": "accounts.account", "pk": 545, "fields": {"name": "\u0647\u0632\u06cc\u0646\u0647 \u0627\u06cc\u0627\u0628 \u0648 \u0630\u0647\u0627\u0628", "code": "807010009", "explanation": null, "is_disabled": false, "max_bed": null, "max_bes": null, "max_bed_with_sanad": null, "max_bes_with_sanad": null, "created_at": "2019-04-02", "updated_at": "2019-04-02", "level": 3, "type": 11, "costCenterGroup": null, "floatAccountGroup": null, "parent": 534}}, {"model": "accounts.account", "pk": 546, "fields": {"name": "\u0647\u0632\u06cc\u0646\u0647 \u062e\u062f\u0645\u0627\u062a \u067e\u0633\u062a\u06cc", "code": "807010010", "explanation": null, "is_disabled": false, "max_bed": null, "max_bes": null, "max_bed_with_sanad": null, "max_bes_with_sanad": null, "created_at": "2019-04-02", "updated_at": "2019-04-02", "level": 3, "type": 11, "costCenterGroup": null, "floatAccountGroup": null, "parent": 534}}, {"model": "accounts.account", "pk": 547, "fields": {"name": "\u0647\u0632\u06cc\u0646\u0647 \u062b\u0628\u062a\u06cc", "code": "807010011", "explanation": null, "is_disabled": false, "max_bed": null, "max_bes": null, "max_bed_with_sanad": null, "max_bes_with_sanad": null, "created_at": "2019-04-02", "updated_at": "2019-04-02", "level": 3, "type": 11, "costCenterGroup": null, "floatAccountGroup": null, "parent": 534}}, {"model": "accounts.account", "pk": 548, "fields": {"name": "\u0647\u0632\u06cc\u0646\u0647 \u0622\u06af\u0647\u06cc", "code": "805010001", "explanation": null, "is_disabled": false, "max_bed": null, "max_bes": null, "max_bed_with_sanad": null, "max_bes_with_sanad": null, "created_at": "2019-04-02", "updated_at": "2019-04-02", "level": 3, "type": 11, "costCenterGroup": null, "floatAccountGroup": null, "parent": 535}}, {"model": "accounts.account", "pk": 549, "fields": {"name": "\u0647\u0632\u06cc\u0646\u0647 \u062a\u0628\u0644\u06cc\u063a\u0627\u062a", "code": "805010002", "explanation": null, "is_disabled": false, "max_bed": null, "max_bes": null, "max_bed_with_sanad": null, "max_bes_with_sanad": null, "created_at": "2019-04-02", "updated_at": "2019-04-02", "level": 3, "type": 11, "costCenterGroup": null, "floatAccountGroup": null, "parent": 535}}, {"model": "accounts.account", "pk": 550, "fields": {"name": "\u0647\u0632\u06cc\u0646\u0647 \u062d\u0645\u0644 \u06a9\u0627\u0644\u0627\u06cc \u0641\u0631\u0648\u0634 \u0631\u0641\u062a\u0647", "code": "805010003", "explanation": null, "is_disabled": false, "max_bed": null, "max_bes": null, "max_bed_with_sanad": null, "max_bes_with_sanad": null, "created_at": "2019-04-02", "updated_at": "2019-04-02", "level": 3, "type": 11, "costCenterGroup": null, "floatAccountGroup": null, "parent": 535}}, {"model": "accounts.account", "pk": 551, "fields": {"name": "\u0647\u0632\u06cc\u0646\u0647 \u0647\u0627\u06cc \u0646\u0645\u0627\u06cc\u0634\u06af\u0627\u0647", "code": "805010004", "explanation": null, "is_disabled": false, "max_bed": null, "max_bes": null, "max_bed_with_sanad": null, "max_bes_with_sanad": null, "created_at": "2019-04-02", "updated_at": "2019-04-02", "level": 3, "type": 11, "costCenterGroup": null, "floatAccountGroup": null, "parent": 535}}, {"model": "accounts.account", "pk": 552, "fields": {"name": "\u0647\u0632\u06cc\u0646\u0647 \u0634\u0631\u06a9\u062a \u062f\u0631 \u0645\u0632\u0627\u06cc\u062f\u0647 \u0648 \u0645\u0646\u0627\u0642\u0635\u0647", "code": "805010005", "explanation": null, "is_disabled": false, "max_bed": null, "max_bes": null, "max_bed_with_sanad": null, "max_bes_with_sanad": null, "created_at": "2019-04-02", "updated_at": "2019-04-02", "level": 3, "type": 11, "costCenterGroup": null, "floatAccountGroup": null, "parent": 535}}, {"model": "accounts.account", "pk": 553, "fields": {"name": "\u0647\u0632\u06cc\u0646\u0647 \u0628\u0627\u0632\u0627\u0631\u06cc\u0627\u0628\u06cc \u0648 \u067e\u0648\u0631\u0633\u0627\u0646\u062a", "code": "805010006", "explanation": null, "is_disabled": false, "max_bed": null, "max_bes": null, "max_bed_with_sanad": null, "max_bes_with_sanad": null, "created_at": "2019-04-02", "updated_at": "2019-04-02", "level": 3, "type": 11, "costCenterGroup": null, "floatAccountGroup": null, "parent": 535}}, {"model": "accounts.account", "pk": 554, "fields": {"name": "\u0647\u0632\u06cc\u0646\u0647 \u0627\u0646\u0628\u0627\u0631\u062f\u0627\u0631\u06cc \u06a9\u0627\u0644\u0627\u06cc \u0641\u0631\u0648\u0634 \u0631\u0641\u062a\u0647", "code": "805010007", "explanation": null, "is_disabled": false, "max_bed": null, "max_bes": null, "max_bed_with_sanad": null, "max_bes_with_sanad": null, "created_at": "2019-04-02", "updated_at": "2019-04-02", "level": 3, "type": 11, "costCenterGroup": null, "floatAccountGroup": null, "parent": 535}}, {"model": "accounts.account", "pk": 555, "fields": {"name": "\u0647\u0632\u06cc\u0646\u0647 \u0645\u0637\u0627\u0644\u0628\u0627\u062a \u0645\u0634\u06a9\u0648\u06a9 \u0627\u0644\u0648\u0635\u0648\u0644", "code": "805010008", "explanation": null, "is_disabled": false, "max_bed": null, "max_bes": null, "max_bed_with_sanad": null, "max_bes_with_sanad": null, "created_at": "2019-04-02", "updated_at": "2019-04-02", "level": 3, "type": 11, "costCenterGroup": null, "floatAccountGroup": null, "parent": 535}}, {"model": "accounts.account", "pk": 556, "fields": {"name": "\u0647\u0632\u06cc\u0646\u0647 \u0627\u06cc\u0646\u062a\u0631\u0646\u062a", "code": "805010009", "explanation": null, "is_disabled": false, "max_bed": null, "max_bes": null, "max_bed_with_sanad": null, "max_bes_with_sanad": null, "created_at": "2019-04-02", "updated_at": "2019-04-02", "level": 3, "type": 11, "costCenterGroup": null, "floatAccountGroup": null, "parent": 535}}, {"model": "accounts.account", "pk": 557, "fields": {"name": "\u0647\u0632\u06cc\u0646\u0647 \u067e\u0630\u06cc\u0631\u0627\u06cc\u06cc", "code": "807010012", "explanation": null, "is_disabled": false, "max_bed": null, "max_bes": null, "max_bed_with_sanad": null, "max_bes_with_sanad": null, "created_at": "2019-04-02", "updated_at": "2019-04-02", "level": 3, "type": 11, "costCenterGroup": null, "floatAccountGroup": null, "parent": 534}}, {"model": "accounts.account", "pk": 560, "fields": {"name": "\u0647\u0632\u06cc\u0646\u0647 \u0628\u0631\u0642 \u0645\u0635\u0631\u0641\u06cc", "code": "802030001", "explanation": null, "is_disabled": false, "max_bed": null, "max_bes": null, "max_bed_with_sanad": null, "max_bes_with_sanad": null, "created_at": "2019-04-02", "updated_at": "2019-04-02", "level": 3, "type": 11, "costCenterGroup": null, "floatAccountGroup": null, "parent": 200}}, {"model": "accounts.account", "pk": 561, "fields": {"name": "\u0647\u0632\u06cc\u0646\u0647 \u06af\u0627\u0632 \u0645\u0635\u0631\u0641\u06cc", "code": "802030002", "explanation": null, "is_disabled": false, "max_bed": null, "max_bes": null, "max_bed_with_sanad": null, "max_bes_with_sanad": null, "created_at": "2019-04-02", "updated_at": "2019-04-02", "level": 3, "type": 11, "costCenterGroup": null, "floatAccountGroup": null, "parent": 200}}, {"model": "accounts.account", "pk": 562, "fields": {"name": "\u0647\u0632\u06cc\u0646\u0647 \u0622\u0628 \u0645\u0635\u0631\u0641\u06cc", "code": "802030003", "explanation": null, "is_disabled": false, "max_bed": null, "max_bes": null, "max_bed_with_sanad": null, "max_bes_with_sanad": null, "created_at": "2019-04-02", "updated_at": "2019-04-02", "level": 3, "type": 11, "costCenterGroup": null, "floatAccountGroup": null, "parent": 200}}, {"model": "accounts.account", "pk": 563, "fields": {"name": "\u0647\u0632\u06cc\u0646\u0647 \u062a\u0644\u0641\u0646 \u062b\u0627\u0628\u062a", "code": "805010010", "explanation": null, "is_disabled": false, "max_bed": null, "max_bes": null, "max_bed_with_sanad": null, "max_bes_with_sanad": null, "created_at": "2019-04-02", "updated_at": "2019-04-02", "level": 3, "type": 11, "costCenterGroup": null, "floatAccountGroup": null, "parent": 535}}, {"model": "accounts.account", "pk": 564, "fields": {"name": "\u0647\u0632\u06cc\u0646\u0647 \u062a\u0644\u0641\u0646 \u0647\u0645\u0631\u0627\u0647", "code": "805010011", "explanation": null, "is_disabled": false, "max_bed": null, "max_bes": null, "max_bed_with_sanad": null, "max_bes_with_sanad": null, "created_at": "2019-04-02", "updated_at": "2019-04-02", "level": 3, "type": 11, "costCenterGroup": null, "floatAccountGroup": null, "parent": 535}}, {"model": "accounts.account", "pk": 565, "fields": {"name": "\u0647\u0632\u06cc\u0646\u0647 \u067e\u06cc\u0627\u0645\u06a9", "code": "805010012", "explanation": null, "is_disabled": false, "max_bed": null, "max_bes": null, "max_bed_with_sanad": null, "max_bes_with_sanad": null, "created_at": "2019-04-02", "updated_at": "2019-04-02", "level": 3, "type": 11, "costCenterGroup": null, "floatAccountGroup": null, "parent": 535}}, {"model": "accounts.account", "pk": 566, "fields": {"name": "\u0647\u0632\u06cc\u0646\u0647 \u0627\u0633\u062a\u0647\u0644\u0627\u06a9", "code": "80209", "explanation": null, "is_disabled": false, "max_bed": null, "max_bes": null, "max_bed_with_sanad": null, "max_bes_with_sanad": null, "created_at": "2019-04-02", "updated_at": "2019-04-02", "level": 2, "type": 11, "costCenterGroup": null, "floatAccountGroup": null, "parent": 47}}, {"model": "accounts.account", "pk": 567, "fields": {"name": "\u0627\u062e\u062a\u062a\u0627\u0645\u06cc\u0647", "code": "904010001", "explanation": null, "is_disabled": false, "max_bed": null, "max_bes": null, "max_bed_with_sanad": null, "max_bes_with_sanad": null, "created_at": "2019-04-05", "updated_at": "2019-04-05", "level": 3, "type": 39, "costCenterGroup": null, "floatAccountGroup": null, "parent": 231}}, {"model": "accounts.account", "pk": 568, "fields": {"name": "\u0635\u0646\u062f\u0648\u06423", "code": "101020002", "explanation": null, "is_disabled": false, "max_bed": null, "max_bes": null, "max_bed_with_sanad": null, "max_bes_with_sanad": null, "created_at": "2019-05-17", "updated_at": "2019-05-17", "level": 3, "type": 14, "costCenterGroup": null, "floatAccountGroup": null, "parent": 56}}, {"model": "accounts.account", "pk": 569, "fields": {"name": "\u0633\u0648\u062f \u0648 \u0632\u06cc\u0627\u0646 \u0628\u0631\u06af\u0634\u062a \u0627\u0632 \u062e\u0631\u06cc\u062f", "code": "505020002", "explanation": null, "is_disabled": false, "max_bed": null, "max_bes": null, "max_bed_with_sanad": null, "max_bes_with_sanad": null, "created_at": "2019-06-01", "updated_at": "2019-06-01", "level": 3, "type": 36, "costCenterGroup": null, "floatAccountGroup": null, "parent": 172}}, {"model": "accounts.account", "pk": 570, "fields": {"name": "\u062a\u062e\u0641\u06cc\u0641\u0627\u062a \u0646\u0642\u062f\u06cc \u062e\u0631\u06cc\u062f", "code": "106040003", "explanation": null, "is_disabled": false, "max_bed": null, "max_bes": null, "max_bed_with_sanad": null, "max_bes_with_sanad": null, "created_at": "2019-06-01", "updated_at": "2019-06-01", "level": 3, "type": 18, "costCenterGroup": null, "floatAccountGroup": null, "parent": 79}}, {"model": "accounts.person", "pk": 492, "fields": {"personType": "real", "phone1": null, "phone2": null, "mobile": null, "meli_code": null, "website": null, "fax": null, "email": null, "address1": null, "address2": null, "city": null, "province": null, "postalCode": null, "accountNumber1": null, "accountNumber2": null, "eghtesadiCode": null, "type": "buyer", "file": ""}}, {"model": "accounts.person", "pk": 495, "fields": {"personType": "real", "phone1": null, "phone2": null, "mobile": null, "meli_code": null, "website": null, "fax": null, "email": null, "address1": null, "address2": null, "city": null, "province": null, "postalCode": null, "accountNumber1": null, "accountNumber2": null, "eghtesadiCode": null, "type": "buyer", "file": ""}}, {"model": "accounts.person", "pk": 502, "fields": {"personType": "real", "phone1": null, "phone2": null, "mobile": null, "meli_code": null, "website": null, "fax": null, "email": null, "address1": null, "address2": null, "city": null, "province": null, "postalCode": null, "accountNumber1": null, "accountNumber2": null, "eghtesadiCode": null, "type": "buyer", "file": ""}}, {"model": "accounts.person", "pk": 504, "fields": {"personType": "real", "phone1": null, "phone2": null, "mobile": null, "meli_code": null, "website": null, "fax": null, "email": null, "address1": null, "address2": null, "city": null, "province": null, "postalCode": null, "accountNumber1": null, "accountNumber2": null, "eghtesadiCode": null, "type": "buyer", "file": ""}}, {"model": "accounts.person", "pk": 505, "fields": {"personType": "real", "phone1": null, "phone2": null, "mobile": null, "meli_code": null, "website": null, "fax": null, "email": null, "address1": null, "address2": null, "city": null, "province": null, "postalCode": null, "accountNumber1": null, "accountNumber2": null, "eghtesadiCode": null, "type": "buyer", "file": ""}}, {"model": "accounts.person", "pk": 507, "fields": {"personType": "real", "phone1": null, "phone2": null, "mobile": null, "meli_code": null, "website": null, "fax": null, "email": null, "address1": null, "address2": null, "city": null, "province": null, "postalCode": null, "accountNumber1": null, "accountNumber2": null, "eghtesadiCode": null, "type": "buyer", "file": ""}}, {"model": "accounts.person", "pk": 509, "fields": {"personType": "real", "phone1": null, "phone2": null, "mobile": null, "meli_code": null, "website": null, "fax": null, "email": null, "address1": null, "address2": null, "city": null, "province": null, "postalCode": null, "accountNumber1": null, "accountNumber2": null, "eghtesadiCode": null, "type": "buyer", "file": ""}}, {"model": "accounts.person", "pk": 512, "fields": {"personType": "real", "phone1": null, "phone2": null, "mobile": "09168663106", "meli_code": null, "website": null, "fax": null, "email": null, "address1": "24 \u0645\u062a\u0631\u06cc \u0648\u0644\u06cc\u0639\u0635\u0631\u0646\u0628\u0634 \u0627\u0646\u062a\u0638\u0627\u0631 22", "address2": null, "city": "\u062f\u0631\u0648\u062f", "province": "\u0644\u0631\u0633\u062a\u0627\u0646", "postalCode": null, "accountNumber1": null, "accountNumber2": null, "eghtesadiCode": null, "type": "buyer", "file": ""}}, {"model": "accounts.person", "pk": 513, "fields": {"personType": "real", "phone1": "09113518141", "phone2": "09113569759", "mobile": null, "meli_code": null, "website": null, "fax": null, "email": null, "address1": "\u0628\u0644\u0648\u0627\u0631 \u0628\u0627\u0647\u0646\u0631 \u0628\u0627\u0647\u0646\u063130", "address2": null, "city": "\u06af\u0644\u0648\u06af\u0627\u0647", "province": "\u0645\u0627\u0632\u0646\u062f\u0631\u0627\u0646", "postalCode": null, "accountNumber1": null, "accountNumber2": null, "eghtesadiCode": null, "type": "buyer", "file": ""}}, {"model": "accounts.person", "pk": 514, "fields": {"personType": "real", "phone1": "22", "phone2": null, "mobile": "33333333333333", "meli_code": null, "website": null, "fax": null, "email": null, "address1": null, "address2": null, "city": null, "province": "\u062a\u0647\u0631\u0627\u0646", "postalCode": null, "accountNumber1": null, "accountNumber2": null, "eghtesadiCode": null, "type": "buyer", "file": ""}}, {"model": "accounts.person", "pk": 515, "fields": {"personType": "real", "phone1": "09121694526", "phone2": null, "mobile": "09121691559", "meli_code": null, "website": null, "fax": null, "email": null, "address1": null, "address2": null, "city": null, "province": null, "postalCode": null, "accountNumber1": null, "accountNumber2": null, "eghtesadiCode": null, "type": "buyer", "file": ""}}, {"model": "accounts.person", "pk": 503, "fields": {"personType": "legal", "phone1": null, "phone2": null, "mobile": null, "meli_code": null, "website": null, "fax": null, "email": null, "address1": null, "address2": null, "city": null, "province": null, "postalCode": null, "accountNumber1": null, "accountNumber2": null, "eghtesadiCode": null, "type": "buyer", "file": ""}}, {"model": "accounts.person", "pk": 510, "fields": {"personType": "legal", "phone1": null, "phone2": null, "mobile": null, "meli_code": null, "website": null, "fax": null, "email": null, "address1": null, "address2": null, "city": null, "province": null, "postalCode": null, "accountNumber1": null, "accountNumber2": null, "eghtesadiCode": null, "type": "buyer", "file": ""}}, {"model": "accounts.person", "pk": 494, "fields": {"personType": "real", "phone1": null, "phone2": null, "mobile": null, "meli_code": null, "website": null, "fax": null, "email": null, "address1": null, "address2": null, "city": null, "province": null, "postalCode": null, "accountNumber1": null, "accountNumber2": null, "eghtesadiCode": null, "type": "seller", "file": ""}}, {"model": "accounts.person", "pk": 496, "fields": {"personType": "real", "phone1": null, "phone2": null, "mobile": null, "meli_code": null, "website": null, "fax": null, "email": null, "address1": null, "address2": null, "city": null, "province": null, "postalCode": null, "accountNumber1": null, "accountNumber2": null, "eghtesadiCode": null, "type": "seller", "file": ""}}, {"model": "accounts.person", "pk": 506, "fields": {"personType": "real", "phone1": null, "phone2": null, "mobile": null, "meli_code": null, "website": null, "fax": null, "email": null, "address1": null, "address2": null, "city": null, "province": null, "postalCode": null, "accountNumber1": null, "accountNumber2": null, "eghtesadiCode": null, "type": "seller", "file": ""}}, {"model": "accounts.bank", "pk": 491, "fields": {"name": null, "branch": null, "branchCode": null, "accountNumber": null, "sheba": null, "phone": null, "file": ""}}, {"model": "accounts.bank", "pk": 497, "fields": {"name": null, "branch": null, "branchCode": null, "accountNumber": null, "sheba": null, "phone": null, "file": ""}}, {"model": "accounts.defaultaccount", "pk": 1, "fields": {"name": "\u0686\u06a9 \u062f\u0631\u06cc\u0627\u0641\u062a\u0646\u06cc", "explanation": "", "account": 233, "usage": "receive", "programingName": "receivedCheque"}}, {"model": "accounts.defaultaccount", "pk": 2, "fields": {"name": "\u0686\u06a9 \u067e\u0631\u062f\u0627\u062e\u062a\u0646\u06cc", "explanation": "", "account": 257, "usage": "payment", "programingName": "paidCheque"}}, {"model": "accounts.defaultaccount", "pk": 3, "fields": {"name": "\u0627\u0633\u0646\u0627\u062f \u062f\u0631 \u062c\u0631\u06cc\u0627\u0646 \u0648\u0635\u0648\u0644", "explanation": "", "account": 234, "usage": "none", "programingName": "inFlowDocuments"}}, {"model": "accounts.defaultaccount", "pk": 4, "fields": {"name": "\u0628\u0627\u0646\u06a9", "explanation": "", "account": 491, "usage": "receiveAndPayment", "programingName": "bank"}}, {"model": "accounts.defaultaccount", "pk": 5, "fields": {"name": "\u0646\u0642\u062f\u06cc", "explanation": "", "account": 232, "usage": "receiveAndPayment", "programingName": "cash"}}, {"model": "accounts.defaultaccount", "pk": 6, "fields": {"name": "\u062e\u0631\u06cc\u062f", "explanation": "", "account": 238, "usage": "factor", "programingName": "buy"}}, {"model": "accounts.defaultaccount", "pk": 7, "fields": {"name": "\u0628\u0631\u06af\u0634\u062a \u0627\u0632 \u062e\u0631\u06cc\u062f", "explanation": "", "account": 238, "usage": "factor", "programingName": "backFromBuy"}}, {"model": "accounts.defaultaccount", "pk": 8, "fields": {"name": "\u062a\u062e\u0641\u06cc\u0641 \u062e\u0631\u06cc\u062f", "explanation": "", "account": 570, "usage": "factor", "programingName": "buyDiscount"}}, {"model": "accounts.defaultaccount", "pk": 9, "fields": {"name": "\u0641\u0631\u0648\u0634", "explanation": "", "account": 498, "usage": "factor", "programingName": "sale"}}, {"model": "accounts.defaultaccount", "pk": 10, "fields": {"name": "\u0628\u0631\u06af\u0634\u062a \u0627\u0632 \u0641\u0631\u0648\u0634", "explanation": "", "account": 500, "usage": "factor", "programingName": "backFromSale"}}, {"model": "accounts.defaultaccount", "pk": 11, "fields": {"name": "\u062a\u062e\u0641\u06cc\u0641 \u0641\u0631\u0648\u0634", "explanation": "", "account": 501, "usage": "factor", "programingName": "saleDiscount"}}, {"model": "accounts.defaultaccount", "pk": 12, "fields": {"name": "\u0645\u0627\u0644\u06cc\u0627\u062a", "explanation": "", "account": 315, "usage": "factor", "programingName": "tax"}}, {"model": "accounts.defaultaccount", "pk": 13, "fields": {"name": "\u0633\u0648\u062f \u0648 \u0632\u06cc\u0627\u0646 \u062c\u0627\u0631\u06cc", "explanation": "", "account": 530, "usage": "closeAccounts", "programingName": "currentEarnings"}}, {"model": "accounts.defaultaccount", "pk": 14, "fields": {"name": "\u0633\u0648\u062f \u0648 \u0632\u06cc\u0627\u0646 \u0627\u0646\u0628\u0627\u0634\u062a\u0647", "explanation": "", "account": 529, "usage": "closeAccounts", "programingName": "retainedEarnings"}}, {"model": "accounts.defaultaccount", "pk": 15, "fields": {"name": "\u0627\u062e\u062a\u062a\u0627\u0645\u06cc\u0647", "explanation": "", "account": 567, "usage": "closeAccounts", "programingName": "closing"}}, {"model": "accounts.defaultaccount", "pk": 16, "fields": {"name": "\u0633\u0648\u062f \u0648 \u0632\u06cc\u0627\u0646 \u0628\u0631\u06af\u0634\u062a \u0627\u0632 \u062e\u0631\u06cc\u062f", "explanation": "", "account": 569, "usage": "factor", "programingName": "profitAndLossFromBuying"}}, {"model": "companies.company", "pk": 1, "fields": {"name": "\u0639\u0645\u0627\u0631\u062a \u0647\u0641\u062a \u0631\u0646\u06af 1", "address1": null, "address2": null, "country": null, "sabt_number": "5345", "phone1": null, "phone2": null, "fax": null, "email": null, "website": null, "postal_code": null, "eghtesadi_code": "65154515454", "shenase": "11111111111111111111"}}, {"model": "companies.financialyear", "pk": 1, "fields": {"name": "98", "start": "1397-12-28", "end": "1398-12-28", "explanation": "", "company": 1, "accounts": [1, 10, 55, 491, 497, 56, 232, 568, 57, 516, 58, 59, 60, 61, 11, 62, 63, 64, 12, 65, 492, 495, 502, 504, 505, 507, 509, 512, 513, 514, 515, 66, 489, 503, 510, 13, 67, 233, 234, 14, 68, 69, 70, 71, 72, 73, 74, 75, 15, 76, 235, 77, 236, 78, 237, 79, 238, 239, 570, 80, 81, 82, 517, 518, 519, 83, 523, 524, 525, 16, 84, 85, 240, 241, 86, 87, 88, 89, 90, 91, 2, 17, 93, 94, 95, 96, 97, 98, 99, 242, 100, 18, 101, 102, 103, 104, 105, 19, 106, 243, 244, 245, 246, 107, 247, 248, 249, 250, 108, 251, 20, 110, 111, 21, 112, 113, 114, 255, 520, 521, 3, 22, 115, 490, 494, 496, 506, 493, 23, 116, 257, 24, 117, 258, 259, 118, 119, 261, 262, 263, 120, 264, 121, 265, 266, 267, 268, 122, 123, 522, 25, 125, 126, 127, 27, 129, 130, 131, 132, 28, 133, 134, 135, 4, 30, 138, 139, 31, 140, 141, 32, 142, 143, 144, 33, 145, 34, 146, 5, 35, 148, 275, 276, 149, 277, 278, 150, 151, 152, 153, 36, 156, 37, 157, 158, 159, 160, 38, 526, 39, 171, 529, 172, 530, 569, 173, 528, 6, 40, 174, 498, 175, 500, 176, 501, 177, 178, 179, 41, 180, 42, 182, 294, 183, 185, 43, 186, 295, 296, 187, 297, 298, 299, 188, 300, 301, 190, 7, 44, 191, 302, 8, 46, 194, 310, 311, 312, 313, 314, 315, 316, 317, 318, 319, 320, 321, 322, 323, 324, 325, 195, 326, 327, 328, 329, 330, 331, 332, 333, 334, 335, 336, 337, 196, 338, 339, 197, 340, 47, 198, 341, 342, 343, 344, 345, 346, 347, 348, 199, 200, 560, 561, 562, 201, 203, 424, 425, 426, 427, 428, 429, 430, 431, 432, 204, 433, 434, 435, 436, 437, 438, 205, 566, 48, 210, 447, 448, 449, 450, 451, 211, 212, 213, 49, 215, 216, 217, 218, 219, 50, 535, 548, 549, 550, 551, 552, 553, 554, 555, 556, 563, 564, 565, 531, 532, 534, 536, 537, 538, 539, 541, 542, 543, 544, 545, 546, 547, 557, 9, 51, 226, 459, 460, 461, 462, 463, 464, 465, 466, 467, 468, 227, 469, 470, 471, 472, 473, 474, 475, 476, 477, 478, 479, 480, 481, 482, 483, 52, 228, 229, 53, 230, 54, 231, 567], "banks": [491, 497], "persons": [492, 494, 495, 496, 502, 503, 504, 505, 506, 507, 509, 510, 512, 513, 514, 515], "float_accounts": [], "float_account_groups": [], "float_account_relations": [], "independent_accounts": [], "cost_centers": [], "cost_center_groups": [], "default_accounts": [1, 2, 3, 4, 5, 6, 7, 8, 9, 10, 11, 12, 13, 14, 15, 16], "wares": [1, 2, 33, 34, 36, 3, 4, 5, 6, 35, 7, 8, 9, 10, 11, 12, 13, 14, 15, 16, 17, 18, 19, 27, 28, 29, 30, 31, 32, 20, 21, 22, 23, 24, 25], "warehouses": [1, 2, 3], "ware_levels": [1, 2, 3, 4, 5, 6, 7, 8, 9, 10, 11, 12, 13, 14, 15, 16, 17, 18, 19, 20, 21, 22, 23], "units": [1, 2, 3, 4, 5, 6, 7]}}, {"model": "factors.factor", "pk": 222, "fields": {"financial_year": 1, "code": 1, "sanad": 132, "account": 492, "floatAccount": null, "explanation": "", "type": "buy", "paidValue": "0", "bijak": null, "date": "1398-03-16", "time": "09:58:28.085", "created_at": "1398-03-16", "updated_at": "1398-03-16", "discountValue": "0", "discountPercent": 0, "taxValue": "0", "taxPercent": 0, "is_definite": true, "definition_date": "2019-06-06T05:28:28.085Z"}}, {"model": "factors.factor", "pk": 226, "fields": {"financial_year": 1, "code": 1, "sanad": 137, "account": 495, "floatAccount": null, "explanation": "", "type": "sale", "paidValue": "0", "bijak": null, "date": "1398-03-16", "time": "10:06:32.180", "created_at": "1398-03-16", "updated_at": "1398-03-16", "discountValue": "0", "discountPercent": 0, "taxValue": "0", "taxPercent": 0, "is_definite": true, "definition_date": "2019-06-06T05:36:32.180Z"}}, {"model": "factors.factor", "pk": 227, "fields": {"financial_year": 1, "code": 1, "sanad": 138, "account": 495, "floatAccount": null, "explanation": "", "type": "backFromSale", "paidValue": "0", "bijak": null, "date": "1398-03-16", "time": "10:10:47.760", "created_at": "1398-03-16", "updated_at": "1398-03-16", "discountValue": "0", "discountPercent": 0, "taxValue": "0", "taxPercent": 0, "is_definite": true, "definition_date": "2019-06-06T05:40:47.760Z"}}, {"model": "factors.factor", "pk": 228, "fields": {"financial_year": 1, "code": 1, "sanad": 139, "account": 492, "floatAccount": null, "explanation": "", "type": "backFromBuy", "paidValue": "0", "bijak": null, "date": "1398-03-16", "time": "10:17:02.080", "created_at": "1398-03-16", "updated_at": "1398-03-16", "discountValue": "0", "discountPercent": 0, "taxValue": "0", "taxPercent": 0, "is_definite": true, "definition_date": "2019-06-06T05:47:02.080Z"}}, {"model": "factors.factor", "pk": 229, "fields": {"financial_year": 1, "code": 2, "sanad": 140, "account": 492, "floatAccount": null, "explanation": "", "type": "buy", "paidValue": "0", "bijak": null, "date": "1398-03-16", "time": "10:27:16.240", "created_at": "1398-03-16", "updated_at": "1398-03-16", "discountValue": "0", "discountPercent": 0, "taxValue": "0", "taxPercent": 0, "is_definite": true, "definition_date": "2019-06-06T05:57:16.240Z"}}, {"model": "factors.factor", "pk": 230, "fields": {"financial_year": 1, "code": 2, "sanad": 141, "account": 495, "floatAccount": null, "explanation": "", "type": "sale", "paidValue": "0", "bijak": null, "date": "1398-03-16", "time": "10:27:28.787", "created_at": "1398-03-16", "updated_at": "1398-03-16", "discountValue": "0", "discountPercent": 0, "taxValue": "0", "taxPercent": 0, "is_definite": true, "definition_date": "2019-06-06T05:57:28.787Z"}}, {"model": "factors.factor", "pk": 231, "fields": {"financial_year": 1, "code": null, "sanad": null, "account": null, "floatAccount": null, "explanation": "", "type": "it", "paidValue": "0", "bijak": null, "date": "1398-03-16", "time": "10:27:46.244", "created_at": "1398-03-16", "updated_at": "1398-03-16", "discountValue": "0", "discountPercent": 0, "taxValue": "0", "taxPercent": 0, "is_definite": true, "definition_date": "2019-06-06T05:57:46.242Z"}}, {"model": "factors.factor", "pk": 232, "fields": {"financial_year": 1, "code": null, "sanad": null, "account": null, "floatAccount": null, "explanation": "", "type": "ot", "paidValue": "0", "bijak": null, "date": "1398-03-16", "time": "10:27:46.246", "created_at": "1398-03-16", "updated_at": "1398-03-16", "discountValue": "0", "discountPercent": 0, "taxValue": "0", "taxPercent": 0, "is_definite": true, "definition_date": "2019-06-06T05:57:46.242Z"}}, {"model": "factors.factoritem", "pk": 211, "fields": {"financial_year": 1, "factor": 222, "ware": 1, "warehouse": 1, "count": 10, "fee": "2000000", "discountValue": "0", "discountPercent": 0, "explanation": "", "calculated_output_value": "0", "remain_count": 10, "remain_value": "20000000", "is_editable": false}}, {"model": "factors.factoritem", "pk": 212, "fields": {"financial_year": 1, "factor": 222, "ware": 1, "warehouse": 1, "count": 20, "fee": "1000000", "discountValue": "0", "discountPercent": 0, "explanation": "", "calculated_output_value": "0", "remain_count": 30, "remain_value": "40000000", "is_editable": false}}, {"model": "factors.factoritem", "pk": 220, "fields": {"financial_year": 1, "factor": 226, "ware": 1, "warehouse": 1, "count": 5, "fee": "2000000", "discountValue": "0", "discountPercent": 0, "explanation": "", "calculated_output_value": "5000000", "remain_count": 25, "remain_value": "35000000", "is_editable": true}}, {"model": "factors.factoritem", "pk": 221, "fields": {"financial_year": 1, "factor": 226, "ware": 1, "warehouse": 1, "count": 10, "fee": "2000000", "discountValue": "0", "discountPercent": 0, "explanation": "", "calculated_output_value": "20000000", "remain_count": 15, "remain_value": "15000000", "is_editable": true}}, {"model": "factors.factoritem", "pk": 223, "fields": {"financial_year": 1, "factor": 227, "ware": 1, "warehouse": 1, "count": 2, "fee": "2000000", "discountValue": "0", "discountPercent": 0, "explanation": "", "calculated_output_value": "0", "remain_count": 17, "remain_value": "19000000", "is_editable": true}}, {"model": "factors.factoritem", "pk": 224, "fields": {"financial_year": 1, "factor": 227, "ware": 1, "warehouse": 1, "count": 4, "fee": "2000000", "discountValue": "0", "discountPercent": 0, "explanation": "", "calculated_output_value": "0", "remain_count": 21, "remain_value": "27000000", "is_editable": true}}, {"model": "factors.factoritem", "pk": 225, "fields": {"financial_year": 1, "factor": 228, "ware": 1, "warehouse": 1, "count": 3, "fee": "2000000", "discountValue": "0", "discountPercent": 0, "explanation": "", "calculated_output_value": "3000000", "remain_count": 18, "remain_value": "24000000", "is_editable": true}}, {"model": "factors.factoritem", "pk": 226, "fields": {"financial_year": 1, "factor": 228, "ware": 1, "warehouse": 1, "count": 6, "fee": "2000000", "discountValue": "0", "discountPercent": 0, "explanation": "", "calculated_output_value": "6000000", "remain_count": 12, "remain_value": "18000000", "is_editable": true}}, {"model": "factors.factoritem", "pk": 227, "fields": {"financial_year": 1, "factor": 229, "ware": 1, "warehouse": 2, "count": 10, "fee": "2000000", "discountValue": "0", "discountPercent": 0, "explanation": "", "calculated_output_value": "0", "remain_count": 22, "remain_value": "38000000", "is_editable": true}}, {"model": "factors.factoritem", "pk": 228, "fields": {"financial_year": 1, "factor": 229, "ware": 1, "warehouse": 2, "count": 5, "fee": "2000000", "discountValue": "0", "discountPercent": 0, "explanation": "", "calculated_output_value": "0", "remain_count": 27, "remain_value": "48000000", "is_editable": true}}, {"model": "factors.factoritem", "pk": 229, "fields": {"financial_year": 1, "factor": 230, "ware": 1, "warehouse": 2, "count": 2, "fee": "2000000", "discountValue": "0", "discountPercent": 0, "explanation": "", "calculated_output_value": "3000000", "remain_count": 25, "remain_value": "45000000", "is_editable": true}}, {"model": "factors.factoritem", "pk": 230, "fields": {"financial_year": 1, "factor": 230, "ware": 1, "warehouse": 2, "count": 4, "fee": "2000000", "discountValue": "0", "discountPercent": 0, "explanation": "", "calculated_output_value": "4000000", "remain_count": 21, "remain_value": "41000000", "is_editable": true}}, {"model": "factors.factoritem", "pk": 231, "fields": {"financial_year": 1, "factor": 231, "ware": 1, "warehouse": 2, "count": 10, "fee": "0", "discountValue": "0", "discountPercent": 0, "explanation": "", "calculated_output_value": "0", "remain_count": 0, "remain_value": "0", "is_editable": true}}, {"model": "factors.factoritem", "pk": 232, "fields": {"financial_year": 1, "factor": 232, "ware": 1, "warehouse": 1, "count": 10, "fee": "0", "discountValue": "0", "discountPercent": 0, "explanation": "", "calculated_output_value": "0", "remain_count": 0, "remain_value": "0", "is_editable": true}}, {"model": "factors.transfer", "pk": 24, "fields": {"code": 1, "date": "1398-03-16", "created_at": "1398-03-16", "updated_at": "1398-03-16", "input_factor": 231, "output_factor": 232, "explanation": "", "financial_year": 1}}, {"model": "sanads.sanad", "pk": 58, "fields": {"financial_year": 1, "code": 1, "explanation": "", "date": "1398-03-06", "created_at": "1398-03-06", "updated_at": "1398-03-06", "type": "manual", "createType": "auto", "bed": "0", "bes": "0"}}, {"model": "sanads.sanad", "pk": 59, "fields": {"financial_year": 1, "code": 2, "explanation": "", "date": "1398-03-06", "created_at": "1398-03-06", "updated_at": "1398-03-06", "type": "manual", "createType": "auto", "bed": "0", "bes": "0"}}, {"model": "sanads.sanad", "pk": 60, "fields": {"financial_year": 1, "code": 3, "explanation": "", "date": "1398-03-06", "created_at": "1398-03-06", "updated_at": "1398-03-06", "type": "manual", "createType": "auto", "bed": "0", "bes": "0"}}, {"model": "sanads.sanad", "pk": 61, "fields": {"financial_year": 1, "code": 4, "explanation": "", "date": "1398-03-06", "created_at": "1398-03-06", "updated_at": "1398-03-06", "type": "manual", "createType": "auto", "bed": "0", "bes": "0"}}, {"model": "sanads.sanad", "pk": 62, "fields": {"financial_year": 1, "code": 5, "explanation": "", "date": "1398-03-06", "created_at": "1398-03-06", "updated_at": "1398-03-06", "type": "manual", "createType": "auto", "bed": "0", "bes": "0"}}, {"model": "sanads.sanad", "pk": 63, "fields": {"financial_year": 1, "code": 6, "explanation": "", "date": "1398-03-06", "created_at": "1398-03-06", "updated_at": "1398-03-06", "type": "manual", "createType": "auto", "bed": "0", "bes": "0"}}, {"model": "sanads.sanad", "pk": 64, "fields": {"financial_year": 1, "code": 7, "explanation": "", "date": "1398-03-06", "created_at": "1398-03-06", "updated_at": "1398-03-06", "type": "manual", "createType": "auto", "bed": "0", "bes": "0"}}, {"model": "sanads.sanad", "pk": 65, "fields": {"financial_year": 1, "code": 8, "explanation": "", "date": "1398-03-06", "created_at": "1398-03-06", "updated_at": "1398-03-06", "type": "manual", "createType": "auto", "bed": "0", "bes": "0"}}, {"model": "sanads.sanad", "pk": 66, "fields": {"financial_year": 1, "code": 9, "explanation": "", "date": "1398-03-06", "created_at": "1398-03-06", "updated_at": "1398-03-06", "type": "manual", "createType": "auto", "bed": "0", "bes": "0"}}, {"model": "sanads.sanad", "pk": 67, "fields": {"financial_year": 1, "code": 10, "explanation": "", "date": "1398-03-06", "created_at": "1398-03-06", "updated_at": "1398-03-06", "type": "manual", "createType": "auto", "bed": "0", "bes": "0"}}, {"model": "sanads.sanad", "pk": 68, "fields": {"financial_year": 1, "code": 11, "explanation": "", "date": "1398-03-06", "created_at": "1398-03-06", "updated_at": "1398-03-06", "type": "manual", "createType": "auto", "bed": "0", "bes": "0"}}, {"model": "sanads.sanad", "pk": 69, "fields": {"financial_year": 1, "code": 12, "explanation": "", "date": "1398-03-06", "created_at": "1398-03-06", "updated_at": "1398-03-06", "type": "manual", "createType": "auto", "bed": "0", "bes": "0"}}, {"model": "sanads.sanad", "pk": 73, "fields": {"financial_year": 1, "code": 13, "explanation": "", "date": "1398-03-06", "created_at": "1398-03-06", "updated_at": "1398-03-06", "type": "manual", "createType": "auto", "bed": "0", "bes": "0"}}, {"model": "sanads.sanad", "pk": 74, "fields": {"financial_year": 1, "code": 14, "explanation": "", "date": "1398-03-06", "created_at": "1398-03-07", "updated_at": "1398-03-06", "type": "manual", "createType": "auto", "bed": "0", "bes": "0"}}, {"model": "sanads.sanad", "pk": 75, "fields": {"financial_year": 1, "code": 15, "explanation": "", "date": "1398-03-07", "created_at": "1398-03-07", "updated_at": "1398-03-07", "type": "manual", "createType": "auto", "bed": "0", "bes": "0"}}, {"model": "sanads.sanad", "pk": 76, "fields": {"financial_year": 1, "code": 16, "explanation": "", "date": "1398-03-06", "created_at": "1398-03-07", "updated_at": "1398-03-07", "type": "manual", "createType": "auto", "bed": "0", "bes": "0"}}, {"model": "sanads.sanad", "pk": 77, "fields": {"financial_year": 1, "code": 17, "explanation": "", "date": "1398-03-06", "created_at": "1398-03-07", "updated_at": "1398-03-07", "type": "manual", "createType": "auto", "bed": "0", "bes": "0"}}, {"model": "sanads.sanad", "pk": 78, "fields": {"financial_year": 1, "code": 18, "explanation": "", "date": "1398-03-07", "created_at": "1398-03-07", "updated_at": "1398-03-07", "type": "manual", "createType": "auto", "bed": "0", "bes": "0"}}, {"model": "sanads.sanad", "pk": 79, "fields": {"financial_year": 1, "code": 19, "explanation": "", "date": "1398-03-06", "created_at": "1398-03-07", "updated_at": "1398-03-07", "type": "manual", "createType": "auto", "bed": "0", "bes": "0"}}, {"model": "sanads.sanad", "pk": 80, "fields": {"financial_year": 1, "code": 20, "explanation": "", "date": "1398-03-06", "created_at": "1398-03-07", "updated_at": "1398-03-07", "type": "manual", "createType": "auto", "bed": "0", "bes": "0"}}, {"model": "sanads.sanad", "pk": 81, "fields": {"financial_year": 1, "code": 21, "explanation": "", "date": "1398-03-07", "created_at": "1398-03-07", "updated_at": "1398-03-07", "type": "manual", "createType": "auto", "bed": "0", "bes": "0"}}, {"model": "sanads.sanad", "pk": 82, "fields": {"financial_year": 1, "code": 22, "explanation": "", "date": "1398-03-07", "created_at": "1398-03-07", "updated_at": "1398-03-07", "type": "manual", "createType": "auto", "bed": "0", "bes": "0"}}, {"model": "sanads.sanad", "pk": 83, "fields": {"financial_year": 1, "code": 23, "explanation": "", "date": "1398-03-07", "created_at": "1398-03-07", "updated_at": "1398-03-07", "type": "manual", "createType": "auto", "bed": "0", "bes": "0"}}, {"model": "sanads.sanad", "pk": 84, "fields": {"financial_year": 1, "code": 24, "explanation": "", "date": "1398-03-07", "created_at": "1398-03-07", "updated_at": "1398-03-07", "type": "manual", "createType": "auto", "bed": "0", "bes": "0"}}, {"model": "sanads.sanad", "pk": 85, "fields": {"financial_year": 1, "code": 25, "explanation": "", "date": "1398-03-06", "created_at": "1398-03-07", "updated_at": "1398-03-07", "type": "manual", "createType": "auto", "bed": "0", "bes": "0"}}, {"model": "sanads.sanad", "pk": 86, "fields": {"financial_year": 1, "code": 26, "explanation": "", "date": "1398-03-07", "created_at": "1398-03-07", "updated_at": "1398-03-07", "type": "manual", "createType": "auto", "bed": "0", "bes": "0"}}, {"model": "sanads.sanad", "pk": 87, "fields": {"financial_year": 1, "code": 27, "explanation": "", "date": "1398-03-06", "created_at": "1398-03-07", "updated_at": "1398-03-07", "type": "manual", "createType": "auto", "bed": "0", "bes": "0"}}, {"model": "sanads.sanad", "pk": 88, "fields": {"financial_year": 1, "code": 28, "explanation": "", "date": "1398-03-07", "created_at": "1398-03-07", "updated_at": "1398-03-07", "type": "manual", "createType": "auto", "bed": "0", "bes": "0"}}, {"model": "sanads.sanad", "pk": 89, "fields": {"financial_year": 1, "code": 29, "explanation": "", "date": "1398-03-06", "created_at": "1398-03-07", "updated_at": "1398-03-07", "type": "manual", "createType": "auto", "bed": "0", "bes": "0"}}, {"model": "sanads.sanad", "pk": 90, "fields": {"financial_year": 1, "code": 30, "explanation": "", "date": "1398-03-09", "created_at": "1398-03-11", "updated_at": "1398-03-09", "type": "manual", "createType": "auto", "bed": "0", "bes": "0"}}, {"model": "sanads.sanad", "pk": 91, "fields": {"financial_year": 1, "code": 31, "explanation": "", "date": "1398-03-09", "created_at": "1398-03-09", "updated_at": "1398-03-09", "type": "manual", "createType": "auto", "bed": "0", "bes": "0"}}, {"model": "sanads.sanad", "pk": 92, "fields": {"financial_year": 1, "code": 32, "explanation": "", "date": "1398-03-09", "created_at": "1398-03-16", "updated_at": "1398-03-11", "type": "manual", "createType": "auto", "bed": "20000000", "bes": "20000000"}}, {"model": "sanads.sanad", "pk": 93, "fields": {"financial_year": 1, "code": 33, "explanation": "", "date": "1398-03-09", "created_at": "1398-03-16", "updated_at": "1398-03-11", "type": "manual", "createType": "auto", "bed": "4000000", "bes": "4000000"}}, {"model": "sanads.sanad", "pk": 94, "fields": {"financial_year": 1, "code": 34, "explanation": "", "date": "1398-03-09", "created_at": "1398-03-11", "updated_at": "1398-03-11", "type": "manual", "createType": "auto", "bed": "0", "bes": "0"}}, {"model": "sanads.sanad", "pk": 95, "fields": {"financial_year": 1, "code": 35, "explanation": "", "date": "1398-03-09", "created_at": "1398-03-16", "updated_at": "1398-03-11", "type": "manual", "createType": "auto", "bed": "24000000", "bes": "24000000"}}, {"model": "sanads.sanad", "pk": 96, "fields": {"financial_year": 1, "code": 36, "explanation": "", "date": "1398-03-09", "created_at": "1398-03-16", "updated_at": "1398-03-11", "type": "manual", "createType": "auto", "bed": "34000000", "bes": "34000000"}}, {"model": "sanads.sanad", "pk": 97, "fields": {"financial_year": 1, "code": 37, "explanation": "", "date": "1398-03-09", "created_at": "1398-03-16", "updated_at": "1398-03-11", "type": "manual", "createType": "auto", "bed": "10000000", "bes": "10000000"}}, {"model": "sanads.sanad", "pk": 98, "fields": {"financial_year": 1, "code": 38, "explanation": "", "date": "1398-03-09", "created_at": "1398-03-16", "updated_at": "1398-03-11", "type": "manual", "createType": "auto", "bed": "12000000", "bes": "12000000"}}, {"model": "sanads.sanad", "pk": 99, "fields": {"financial_year": 1, "code": 39, "explanation": "", "date": "1398-03-09", "created_at": "1398-03-16", "updated_at": "1398-03-11", "type": "manual", "createType": "auto", "bed": "32000000", "bes": "32000000"}}, {"model": "sanads.sanad", "pk": 100, "fields": {"financial_year": 1, "code": 40, "explanation": "", "date": "1398-03-09", "created_at": "1398-03-16", "updated_at": "1398-03-11", "type": "manual", "createType": "auto", "bed": "60000000", "bes": "60000000"}}, {"model": "sanads.sanad", "pk": 101, "fields": {"financial_year": 1, "code": 41, "explanation": "", "date": "1398-03-11", "created_at": "1398-03-16", "updated_at": "1398-03-11", "type": "manual", "createType": "auto", "bed": "12000000", "bes": "12000000"}}, {"model": "sanads.sanad", "pk": 102, "fields": {"financial_year": 1, "code": 42, "explanation": "", "date": "1398-03-11", "created_at": "1398-03-16", "updated_at": "1398-03-11", "type": "manual", "createType": "auto", "bed": "816000000", "bes": "816000000"}}, {"model": "sanads.sanad", "pk": 103, "fields": {"financial_year": 1, "code": 43, "explanation": "", "date": "1398-03-09", "created_at": "1398-03-11", "updated_at": "1398-03-11", "type": "manual", "createType": "auto", "bed": "0", "bes": "0"}}, {"model": "sanads.sanad", "pk": 104, "fields": {"financial_year": 1, "code": 44, "explanation": "", "date": "1398-03-09", "created_at": "1398-03-11", "updated_at": "1398-03-11", "type": "manual", "createType": "auto", "bed": "0", "bes": "0"}}, {"model": "sanads.sanad", "pk": 119, "fields": {"financial_year": 1, "code": 45, "explanation": "", "date": "1398-03-11", "created_at": "1398-03-16", "updated_at": "1398-03-11", "type": "manual", "createType": "auto", "bed": "400000000", "bes": "400000000"}}, {"model": "sanads.sanad", "pk": 120, "fields": {"financial_year": 1, "code": 46, "explanation": "", "date": "1398-03-11", "created_at": "1398-03-16", "updated_at": "1398-03-11", "type": "manual", "createType": "auto", "bed": "0", "bes": "0"}}, {"model": "sanads.sanad", "pk": 121, "fields": {"financial_year": 1, "code": 47, "explanation": "", "date": "1398-03-13", "created_at": "1398-03-16", "updated_at": "1398-03-13", "type": "manual", "createType": "auto", "bed": "0", "bes": "0"}}, {"model": "sanads.sanad", "pk": 122, "fields": {"financial_year": 1, "code": 48, "explanation": "", "date": "1398-03-13", "created_at": "1398-03-13", "updated_at": "1398-03-13", "type": "manual", "createType": "auto", "bed": "0", "bes": "0"}}, {"model": "sanads.sanad", "pk": 123, "fields": {"financial_year": 1, "code": 49, "explanation": "", "date": "1398-03-13", "created_at": "1398-03-13", "updated_at": "1398-03-13", "type": "manual", "createType": "auto", "bed": "0", "bes": "0"}}, {"model": "sanads.sanad", "pk": 124, "fields": {"financial_year": 1, "code": 50, "explanation": "", "date": "1398-03-13", "created_at": "1398-03-13", "updated_at": "1398-03-13", "type": "manual", "createType": "auto", "bed": "0", "bes": "0"}}, {"model": "sanads.sanad", "pk": 125, "fields": {"financial_year": 1, "code": 51, "explanation": "", "date": "1398-03-13", "created_at": "1398-03-13", "updated_at": "1398-03-13", "type": "manual", "createType": "auto", "bed": "0", "bes": "0"}}, {"model": "sanads.sanad", "pk": 126, "fields": {"financial_year": 1, "code": 52, "explanation": "", "date": "1398-03-13", "created_at": "1398-03-16", "updated_at": "1398-03-14", "type": "manual", "createType": "auto", "bed": "0", "bes": "0"}}, {"model": "sanads.sanad", "pk": 127, "fields": {"financial_year": 1, "code": 53, "explanation": "", "date": "1398-03-14", "created_at": "1398-03-14", "updated_at": "1398-03-14", "type": "manual", "createType": "auto", "bed": "0", "bes": "0"}}, {"model": "sanads.sanad", "pk": 128, "fields": {"financial_year": 1, "code": 54, "explanation": "", "date": "1398-03-14", "created_at": "1398-03-16", "updated_at": "1398-03-14", "type": "manual", "createType": "auto", "bed": "0", "bes": "0"}}, {"model": "sanads.sanad", "pk": 129, "fields": {"financial_year": 1, "code": 55, "explanation": "", "date": "1398-03-16", "created_at": "1398-03-16", "updated_at": "1398-03-16", "type": "manual", "createType": "auto", "bed": "0", "bes": "0"}}, {"model": "sanads.sanad", "pk": 130, "fields": {"financial_year": 1, "code": 56, "explanation": "", "date": "1398-03-16", "created_at": "1398-03-16", "updated_at": "1398-03-16", "type": "manual", "createType": "auto", "bed": "0", "bes": "0"}}, {"model": "sanads.sanad", "pk": 131, "fields": {"financial_year": 1, "code": 57, "explanation": "", "date": "1398-03-16", "created_at": "1398-03-16", "updated_at": "1398-03-16", "type": "manual", "createType": "auto", "bed": "0", "bes": "0"}}, {"model": "sanads.sanad", "pk": 132, "fields": {"financial_year": 1, "code": 58, "explanation": "", "date": "1398-03-16", "created_at": "1398-03-16", "updated_at": "1398-03-16", "type": "temporary", "createType": "auto", "bed": "40000000", "bes": "40000000"}}, {"model": "sanads.sanad", "pk": 134, "fields": {"financial_year": 1, "code": 59, "explanation": "", "date": "1398-03-16", "created_at": "1398-03-16", "updated_at": "1398-03-16", "type": "manual", "createType": "auto", "bed": "0", "bes": "0"}}, {"model": "sanads.sanad", "pk": 135, "fields": {"financial_year": 1, "code": 60, "explanation": "", "date": "1398-03-16", "created_at": "1398-03-16", "updated_at": "1398-03-16", "type": "manual", "createType": "auto", "bed": "0", "bes": "0"}}, {"model": "sanads.sanad", "pk": 136, "fields": {"financial_year": 1, "code": 61, "explanation": "", "date": "1398-03-16", "created_at": "1398-03-16", "updated_at": "1398-03-16", "type": "manual", "createType": "auto", "bed": "0", "bes": "0"}}, {"model": "sanads.sanad", "pk": 137, "fields": {"financial_year": 1, "code": 62, "explanation": "", "date": "1398-03-16", "created_at": "1398-03-16", "updated_at": "1398-03-16", "type": "temporary", "createType": "auto", "bed": "55000000", "bes": "55000000"}}, {"model": "sanads.sanad", "pk": 138, "fields": {"financial_year": 1, "code": 63, "explanation": "", "date": "1398-03-16", "created_at": "1398-03-16", "updated_at": "1398-03-16", "type": "temporary", "createType": "auto", "bed": "18000000", "bes": "18000000"}}, {"model": "sanads.sanad", "pk": 139, "fields": {"financial_year": 1, "code": 64, "explanation": "", "date": "1398-03-16", "created_at": "1398-03-16", "updated_at": "1398-03-16", "type": "temporary", "createType": "auto", "bed": "18000000", "bes": "18000000"}}, {"model": "sanads.sanad", "pk": 140, "fields": {"financial_year": 1, "code": 65, "explanation": "", "date": "1398-03-16", "created_at": "1398-03-16", "updated_at": "1398-03-16", "type": "temporary", "createType": "auto", "bed": "30000000", "bes": "30000000"}}, {"model": "sanads.sanad", "pk": 141, "fields": {"financial_year": 1, "code": 66, "explanation": "", "date": "1398-03-16", "created_at": "1398-03-16", "updated_at": "1398-03-16", "type": "temporary", "createType": "auto", "bed": "19000000", "bes": "19000000"}}, {"model": "sanads.sanaditem", "pk": 440, "fields": {"financial_year": 1, "sanad": 132, "account": 492, "floatAccount": null, "costCenter": null, "value": "40000000", "valueType": "bes", "explanation": "\u0641\u0627\u06a9\u062a\u0648\u0631 \u062e\u0631\u06cc\u062f \u0634\u0645\u0627\u0631\u0647 1 \u0628\u0647 \u062a\u0627\u0631\u06cc\u062e 1398-03-16 \u0627\u0632 \u0645\u0634\u062a\u0631\u06cc"}}, {"model": "sanads.sanaditem", "pk": 441, "fields": {"financial_year": 1, "sanad": 132, "account": 238, "floatAccount": null, "costCenter": null, "value": "40000000", "valueType": "bed", "explanation": "\u0641\u0627\u06a9\u062a\u0648\u0631 \u062e\u0631\u06cc\u062f \u0634\u0645\u0627\u0631\u0647 1 \u0628\u0647 \u062a\u0627\u0631\u06cc\u062e 1398-03-16 \u0627\u0632 \u0645\u0634\u062a\u0631\u06cc"}}, {"model": "sanads.sanaditem", "pk": 478, "fields": {"financial_year": 1, "sanad": 137, "account": 495, "floatAccount": null, "costCenter": null, "value": "30000000", "valueType": "bed", "explanation": "\u0641\u0627\u06a9\u062a\u0648\u0631 \u0641\u0631\u0648\u0634 \u0634\u0645\u0627\u0631\u0647 1 \u0628\u0647 \u062a\u0627\u0631\u06cc\u062e 1398-03-16 \u0628\u0647 \u0645\u0634\u062a\u0631\u06cc"}}, {"model": "sanads.sanaditem", "pk": 479, "fields": {"financial_year": 1, "sanad": 137, "account": 498, "floatAccount": null, "costCenter": null, "value": "30000000", "valueType": "bes", "explanation": "\u0641\u0627\u06a9\u062a\u0648\u0631 \u0641\u0631\u0648\u0634 \u0634\u0645\u0627\u0631\u0647 1 \u0628\u0647 \u062a\u0627\u0631\u06cc\u062e 1398-03-16 \u0628\u0647 \u0645\u0634\u062a\u0631\u06cc"}}, {"model": "sanads.sanaditem", "pk": 480, "fields": {"financial_year": 1, "sanad": 137, "account": 302, "floatAccount": null, "costCenter": null, "value": "25000000", "valueType": "bed", "explanation": "\u0641\u0627\u06a9\u062a\u0648\u0631 \u0641\u0631\u0648\u0634 \u0634\u0645\u0627\u0631\u0647 1 \u0628\u0647 \u062a\u0627\u0631\u06cc\u062e 1398-03-16 \u0628\u0647 \u0645\u0634\u062a\u0631\u06cc"}}, {"model": "sanads.sanaditem", "pk": 481, "fields": {"financial_year": 1, "sanad": 137, "account": 238, "floatAccount": null, "costCenter": null, "value": "25000000", "valueType": "bes", "explanation": "\u0641\u0627\u06a9\u062a\u0648\u0631 \u0641\u0631\u0648\u0634 \u0634\u0645\u0627\u0631\u0647 1 \u0628\u0647 \u062a\u0627\u0631\u06cc\u062e 1398-03-16 \u0628\u0647 \u0645\u0634\u062a\u0631\u06cc"}}, {"model": "sanads.sanaditem", "pk": 498, "fields": {"financial_year": 1, "sanad": 138, "account": 495, "floatAccount": null, "costCenter": null, "value": "12000000", "valueType": "bes", "explanation": "\u0641\u0627\u06a9\u062a\u0648\u0631 \u0628\u0627\u0632\u06af\u0634\u062a \u0627\u0632 \u0641\u0631\u0648\u0634 \u0634\u0645\u0627\u0631\u0647 1 \u0628\u0647 \u062a\u0627\u0631\u06cc\u062e 1398-03-16 \u0627\u0632 \u0645\u0634\u062a\u0631\u06cc"}}, {"model": "sanads.sanaditem", "pk": 499, "fields": {"financial_year": 1, "sanad": 138, "account": 500, "floatAccount": null, "costCenter": null, "value": "12000000", "valueType": "bed", "explanation": "\u0641\u0627\u06a9\u062a\u0648\u0631 \u0628\u0627\u0632\u06af\u0634\u062a \u0627\u0632 \u0641\u0631\u0648\u0634 \u0634\u0645\u0627\u0631\u0647 1 \u0628\u0647 \u062a\u0627\u0631\u06cc\u062e 1398-03-16 \u0627\u0632 \u0645\u0634\u062a\u0631\u06cc"}}, {"model": "sanads.sanaditem", "pk": 500, "fields": {"financial_year": 1, "sanad": 138, "account": 238, "floatAccount": null, "costCenter": null, "value": "6000000", "valueType": "bed", "explanation": "\u0641\u0627\u06a9\u062a\u0648\u0631 \u0628\u0627\u0632\u06af\u0634\u062a \u0627\u0632 \u0641\u0631\u0648\u0634 \u0634\u0645\u0627\u0631\u0647 1 \u0628\u0647 \u062a\u0627\u0631\u06cc\u062e 1398-03-16 \u0627\u0632 \u0645\u0634\u062a\u0631\u06cc"}}, {"model": "sanads.sanaditem", "pk": 501, "fields": {"financial_year": 1, "sanad": 138, "account": 302, "floatAccount": null, "costCenter": null, "value": "6000000", "valueType": "bes", "explanation": "\u0641\u0627\u06a9\u062a\u0648\u0631 \u0628\u0627\u0632\u06af\u0634\u062a \u0627\u0632 \u0641\u0631\u0648\u0634 \u0634\u0645\u0627\u0631\u0647 1 \u0628\u0647 \u062a\u0627\u0631\u06cc\u062e 1398-03-16 \u0627\u0632 \u0645\u0634\u062a\u0631\u06cc"}}, {"model": "sanads.sanaditem", "pk": 502, "fields": {"financial_year": 1, "sanad": 139, "account": 492, "floatAccount": null, "costCenter": null, "value": "18000000", "valueType": "bed", "explanation": "\u0641\u0627\u06a9\u062a\u0648\u0631 \u0628\u0627\u0632\u06af\u0634\u062a \u0627\u0632 \u062e\u0631\u06cc\u062f \u0634\u0645\u0627\u0631\u0647 1 \u0628\u0647 \u062a\u0627\u0631\u06cc\u062e 1398-03-16 \u0628\u0647 \u0645\u0634\u062a\u0631\u06cc"}}, {"model": "sanads.sanaditem", "pk": 503, "fields": {"financial_year": 1, "sanad": 139, "account": 238, "floatAccount": null, "costCenter": null, "value": "9000000", "valueType": "bes", "explanation": "\u0641\u0627\u06a9\u062a\u0648\u0631 \u0628\u0627\u0632\u06af\u0634\u062a \u0627\u0632 \u062e\u0631\u06cc\u062f \u0634\u0645\u0627\u0631\u0647 1 \u0628\u0647 \u062a\u0627\u0631\u06cc\u062e 1398-03-16 \u0628\u0647 \u0645\u0634\u062a\u0631\u06cc"}}, {"model": "sanads.sanaditem", "pk": 504, "fields": {"financial_year": 1, "sanad": 139, "account": 569, "floatAccount": null, "costCenter": null, "value": "9000000", "valueType": "bes", "explanation": "\u0641\u0627\u06a9\u062a\u0648\u0631 \u0628\u0627\u0632\u06af\u0634\u062a \u0627\u0632 \u062e\u0631\u06cc\u062f \u0634\u0645\u0627\u0631\u0647 1 \u0628\u0647 \u062a\u0627\u0631\u06cc\u062e 1398-03-16 \u0628\u0647 \u0645\u0634\u062a\u0631\u06cc"}}, {"model": "sanads.sanaditem", "pk": 505, "fields": {"financial_year": 1, "sanad": 140, "account": 492, "floatAccount": null, "costCenter": null, "value": "30000000", "valueType": "bes", "explanation": "\u0641\u0627\u06a9\u062a\u0648\u0631 \u062e\u0631\u06cc\u062f \u0634\u0645\u0627\u0631\u0647 2 \u0628\u0647 \u062a\u0627\u0631\u06cc\u062e 1398-03-16 \u0627\u0632 \u0645\u0634\u062a\u0631\u06cc"}}, {"model": "sanads.sanaditem", "pk": 506, "fields": {"financial_year": 1, "sanad": 140, "account": 238, "floatAccount": null, "costCenter": null, "value": "30000000", "valueType": "bed", "explanation": "\u0641\u0627\u06a9\u062a\u0648\u0631 \u062e\u0631\u06cc\u062f \u0634\u0645\u0627\u0631\u0647 2 \u0628\u0647 \u062a\u0627\u0631\u06cc\u062e 1398-03-16 \u0627\u0632 \u0645\u0634\u062a\u0631\u06cc"}}, {"model": "sanads.sanaditem", "pk": 507, "fields": {"financial_year": 1, "sanad": 141, "account": 495, "floatAccount": null, "costCenter": null, "value": "12000000", "valueType": "bed", "explanation": "\u0641\u0627\u06a9\u062a\u0648\u0631 \u0641\u0631\u0648\u0634 \u0634\u0645\u0627\u0631\u0647 2 \u0628\u0647 \u062a\u0627\u0631\u06cc\u062e 1398-03-16 \u0628\u0647 \u0645\u0634\u062a\u0631\u06cc"}}, {"model": "sanads.sanaditem", "pk": 508, "fields": {"financial_year": 1, "sanad": 141, "account": 498, "floatAccount": null, "costCenter": null, "value": "12000000", "valueType": "bes", "explanation": "\u0641\u0627\u06a9\u062a\u0648\u0631 \u0641\u0631\u0648\u0634 \u0634\u0645\u0627\u0631\u0647 2 \u0628\u0647 \u062a\u0627\u0631\u06cc\u062e 1398-03-16 \u0628\u0647 \u0645\u0634\u062a\u0631\u06cc"}}, {"model": "sanads.sanaditem", "pk": 509, "fields": {"financial_year": 1, "sanad": 141, "account": 302, "floatAccount": null, "costCenter": null, "value": "7000000", "valueType": "bed", "explanation": "\u0641\u0627\u06a9\u062a\u0648\u0631 \u0641\u0631\u0648\u0634 \u0634\u0645\u0627\u0631\u0647 2 \u0628\u0647 \u062a\u0627\u0631\u06cc\u062e 1398-03-16 \u0628\u0647 \u0645\u0634\u062a\u0631\u06cc"}}, {"model": "sanads.sanaditem", "pk": 510, "fields": {"financial_year": 1, "sanad": 141, "account": 238, "floatAccount": null, "costCenter": null, "value": "7000000", "valueType": "bes", "explanation": "\u0641\u0627\u06a9\u062a\u0648\u0631 \u0641\u0631\u0648\u0634 \u0634\u0645\u0627\u0631\u0647 2 \u0628\u0647 \u062a\u0627\u0631\u06cc\u062e 1398-03-16 \u0628\u0647 \u0645\u0634\u062a\u0631\u06cc"}}, {"model": "wares.unit", "pk": 1, "fields": {"name": "\u0634\u0628", "explanation": null}}, {"model": "wares.unit", "pk": 2, "fields": {"name": "\u0646\u0641\u0631", "explanation": null}}, {"model": "wares.unit", "pk": 3, "fields": {"name": "\u0639\u062f\u062f", "explanation": null}}, {"model": "wares.unit", "pk": 4, "fields": {"name": "\u06a9\u06cc\u0644\u0648", "explanation": null}}, {"model": "wares.unit", "pk": 5, "fields": {"name": "\u06af\u0631\u0645", "explanation": null}}, {"model": "wares.unit", "pk": 6, "fields": {"name": "\u067e\u0631\u0633", "explanation": null}}, {"model": "wares.unit", "pk": 7, "fields": {"name": "\u0644\u06cc\u0648\u0627\u0646", "explanation": null}}, {"model": "wares.warehouse", "pk": 1, "fields": {"name": "\u0647\u062a\u0644 \u0639\u0645\u0627\u0631\u062a \u0647\u0641\u062a \u0631\u0646\u06af", "explanation": null}}, {"model": "wares.warehouse", "pk": 2, "fields": {"name": "\u0645\u0648\u0627\u062f \u063a\u0630\u0627\u06cc\u06cc", "explanation": ""}}, {"model": "wares.warehouse", "pk": 3, "fields": {"name": "\u0631\u0633\u062a\u0648\u0631\u0627\u0646", "explanation": null}}, {"model": "wares.warelevel", "pk": 1, "fields": {"name": "\u0627\u062a\u0627\u0642 \u0647\u0627", "explanation": null, "code": "1", "parent": null, "level": 0}}, {"model": "wares.warelevel", "pk": 2, "fields": {"name": "\u0627\u062a\u0627\u0642 \u0647\u0627", "explanation": null, "code": "101", "parent": 1, "level": 1}}, {"model": "wares.warelevel", "pk": 3, "fields": {"name": "\u062f\u0648 \u062a\u062e\u062a\u0647", "explanation": null, "code": "10101", "parent": 2, "level": 2}}, {"model": "wares.warelevel", "pk": 4, "fields": {"name": "\u0633\u0647 \u062a\u062e\u062a\u0647", "explanation": null, "code": "10102", "parent": 2, "level": 2}}, {"model": "wares.warelevel", "pk": 5, "fields": {"name": "\u0686\u0647\u0627\u0631 \u062a\u062e\u062a\u0647", "explanation": null, "code": "10103", "parent": 2, "level": 2}}, {"model": "wares.warelevel", "pk": 6, "fields": {"name": "\u062a\u0634\u06a9 \u0627\u0638\u0627\u0641\u0647 \u062f\u0631 \u0627\u062a\u0627\u0642 \u0647\u0627", "explanation": null, "code": "10104", "parent": 2, "level": 2}}, {"model": "wares.warelevel", "pk": 7, "fields": {"name": "\u0645\u0648\u0627\u062f \u063a\u0630\u0627\u06cc\u06cc", "explanation": null, "code": "2", "parent": null, "level": 0}}, {"model": "wares.warelevel", "pk": 8, "fields": {"name": "\u0646\u0648\u0634\u06cc\u062f\u0646\u06cc", "explanation": null, "code": "201", "parent": 7, "level": 1}}, {"model": "wares.warelevel", "pk": 9, "fields": {"name": "\u0646\u0648\u0634\u0627\u0628\u0647", "explanation": null, "code": "20101", "parent": 8, "level": 2}}, {"model": "wares.warelevel", "pk": 10, "fields": {"name": "\u0645\u0648\u0627\u062f \u063a\u0630\u0627\u06cc\u06cc", "explanation": null, "code": "202", "parent": 7, "level": 1}}, {"model": "wares.warelevel", "pk": 11, "fields": {"name": "\u0645\u0648\u0627\u062f \u063a\u0630\u0627\u06cc\u06cc", "explanation": null, "code": "20201", "parent": 10, "level": 2}}, {"model": "wares.warelevel", "pk": 12, "fields": {"name": "\u0647\u0632\u06cc\u0646\u0647", "explanation": null, "code": "3", "parent": null, "level": 0}}, {"model": "wares.warelevel", "pk": 13, "fields": {"name": "\u0647\u0632\u06cc\u0646\u0647", "explanation": null, "code": "301", "parent": 12, "level": 1}}, {"model": "wares.warelevel", "pk": 14, "fields": {"name": "\u0647\u0632\u06cc\u0646\u0647", "explanation": null, "code": "30101", "parent": 13, "level": 2}}, {"model": "wares.warelevel", "pk": 15, "fields": {"name": "\u0631\u0633\u062a\u0648\u0631\u0627\u0646", "explanation": null, "code": "4", "parent": null, "level": 0}}, {"model": "wares.warelevel", "pk": 16, "fields": {"name": "\u0631\u0633\u062a\u0648\u0631\u0627\u0646", "explanation": null, "code": "401", "parent": 15, "level": 1}}, {"model": "wares.warelevel", "pk": 17, "fields": {"name": "\u0646\u0647\u0627\u0631", "explanation": null, "code": "40101", "parent": 16, "level": 2}}, {"model": "wares.warelevel", "pk": 18, "fields": {"name": "\u0634\u0627\u0645", "explanation": null, "code": "40102", "parent": 16, "level": 2}}, {"model": "wares.warelevel", "pk": 19, "fields": {"name": "\u0646\u0648\u0634\u06cc\u062f\u0646\u06cc", "explanation": null, "code": "40103", "parent": 16, "level": 2}}, {"model": "wares.warelevel", "pk": 20, "fields": {"name": "\u0634\u0631\u0628\u062a\u062e\u0627\u0646\u0647", "explanation": null, "code": "40104", "parent": 16, "level": 2}}, {"model": "wares.warelevel", "pk": 21, "fields": {"name": "\u062f\u0633\u0631 \u0648 \u0633\u0627\u0644\u0627\u062f", "explanation": null, "code": "40105", "parent": 16, "level": 2}}, {"model": "wares.warelevel", "pk": 22, "fields": {"name": "\u062f\u0648\u062a\u062e\u062a\u0647", "explanation": null, "code": "102", "parent": 1, "level": 1}}, {"model": "wares.warelevel", "pk": 23, "fields": {"name": "\u062f\u0648\u062a\u062e\u062a\u0647 \u06a9\u0627\u0645\u0644", "explanation": null, "code": "10201", "parent": 22, "level": 2}}, {"model": "wares.waremetadata", "pk": 14, "fields": {"factor_item_id": 212, "count": 16, "created_at": "1398-03-16", "updated_at": "1398-03-16"}}, {"model": "wares.ware", "pk": 1, "fields": {"name": "\u062f\u0648 \u062a\u062e\u062a\u0647 \u062f\u0628\u0644", "code": "10101001", "barcode": null, "explanation": null, "isDisabled": false, "price": "2000000", "pricingType": 0, "minSale": null, "maxSale": null, "minInventory": null, "maxInventory": null, "created_at": "1398-03-16", "updated_at": "1397-12-28", "category": 3, "warehouse": 1, "unit": 1, "supplier": null, "metadata": 14}}, {"model": "wares.ware", "pk": 2, "fields": {"name": "\u062f\u0648 \u062a\u062e\u062a\u0647 \u062f\u0628\u0644 - \u0633\u0631\u0648\u06cc\u0633 \u0645\u0634\u062a\u0631\u06a9", "code": "10101002", "barcode": null, "explanation": null, "isDisabled": false, "price": "1600000", "pricingType": 0, "minSale": null, "maxSale": null, "minInventory": null, "maxInventory": null, "created_at": "1397-12-28", "updated_at": "1397-12-28", "category": 3, "warehouse": 1, "unit": 1, "supplier": null, "metadata": null}}, {"model": "wares.ware", "pk": 3, "fields": {"name": "\u0633\u0647 \u062a\u062e\u062a\u0647 \u062f\u0628\u0644 \u0648 \u0633\u06cc\u0646\u06af\u0644", "code": "10102001", "barcode": null, "explanation": null, "isDisabled": false, "price": "3000000", "pricingType": 0, "minSale": null, "maxSale": null, "minInventory": null, "maxInventory": null, "created_at": "1397-12-28", "updated_at": "1397-12-28", "category": 4, "warehouse": 1, "unit": 1, "supplier": null, "metadata": null}}, {"model": "wares.ware", "pk": 4, "fields": {"name": "\u0633\u0647 \u062a\u062e\u062a\u0647 \u062f\u0628\u0644 \u0648 \u0633\u06cc\u0646\u06af\u0644 - \u0633\u0631\u0648\u06cc\u0633 \u0645\u0634\u062a\u0631\u06a9", "code": "10102002", "barcode": null, "explanation": null, "isDisabled": false, "price": "2400000", "pricingType": 0, "minSale": null, "maxSale": null, "minInventory": null, "maxInventory": null, "created_at": "1397-12-28", "updated_at": "1397-12-28", "category": 4, "warehouse": 1, "unit": 1, "supplier": null, "metadata": null}}, {"model": "wares.ware", "pk": 5, "fields": {"name": "\u0686\u0647\u0627\u0631 \u062a\u062e\u062a\u0647 \u062f\u0628\u0644 \u0648 \u062f\u0648 \u0633\u06cc\u0646\u06af\u0644", "code": "10103001", "barcode": null, "explanation": null, "isDisabled": false, "price": "4000000", "pricingType": 0, "minSale": null, "maxSale": null, "minInventory": null, "maxInventory": null, "created_at": "1397-12-28", "updated_at": "1397-12-28", "category": 5, "warehouse": 1, "unit": 1, "supplier": null, "metadata": null}}, {"model": "wares.ware", "pk": 6, "fields": {"name": "\u0686\u0647\u0627\u0631 \u062a\u062e\u062a\u0647 \u062f\u0628\u0644 \u0648 \u062f\u0648 \u0633\u06cc\u0646\u06af\u0644 - \u0633\u0631\u0648\u06cc\u0633 \u0645\u0634\u062a\u0631\u06a9", "code": "10103002", "barcode": null, "explanation": null, "isDisabled": false, "price": "3200000", "pricingType": 0, "minSale": null, "maxSale": null, "minInventory": null, "maxInventory": null, "created_at": "1397-12-28", "updated_at": "1397-12-28", "category": 5, "warehouse": 1, "unit": 1, "supplier": null, "metadata": null}}, {"model": "wares.ware", "pk": 7, "fields": {"name": "\u0646\u0648\u0634\u0627\u0628\u0647 \u067e\u067e\u0633\u06cc", "code": "20101001", "barcode": null, "explanation": null, "isDisabled": false, "price": "15000", "pricingType": 0, "minSale": null, "maxSale": null, "minInventory": null, "maxInventory": null, "created_at": "1397-12-28", "updated_at": "1397-12-28", "category": 9, "warehouse": 2, "unit": 3, "supplier": null, "metadata": null}}, {"model": "wares.ware", "pk": 8, "fields": {"name": "\u062e\u06cc\u0627\u0631\u0634\u0648\u0631 \u06af\u0627\u0644\u0646\u06cc", "code": "20201001", "barcode": null, "explanation": null, "isDisabled": false, "price": "380000", "pricingType": 0, "minSale": null, "maxSale": null, "minInventory": null, "maxInventory": null, "created_at": "1397-12-28", "updated_at": "1397-12-28", "category": 11, "warehouse": 2, "unit": 3, "supplier": null, "metadata": null}}, {"model": "wares.ware", "pk": 9, "fields": {"name": "\u0686\u0644\u0648 \u062e\u0648\u0631\u0634\u062a \u0631\u0648\u0632", "code": "40101001", "barcode": null, "explanation": null, "isDisabled": false, "price": "180000", "pricingType": 0, "minSale": null, "maxSale": null, "minInventory": null, "maxInventory": null, "created_at": "1397-12-29", "updated_at": "1397-12-29", "category": 17, "warehouse": 3, "unit": 6, "supplier": null, "metadata": null}}, {"model": "wares.ware", "pk": 10, "fields": {"name": "\u06a9\u0644\u0645 \u067e\u0644\u0648 \u0634\u06cc\u0631\u0627\u0632\u06cc", "code": "40101002", "barcode": null, "explanation": null, "isDisabled": false, "price": "200000", "pricingType": 0, "minSale": null, "maxSale": null, "minInventory": null, "maxInventory": null, "created_at": "1397-12-29", "updated_at": "1397-12-29", "category": 17, "warehouse": 3, "unit": 6, "supplier": null, "metadata": null}}, {"model": "wares.ware", "pk": 11, "fields": {"name": "\u06a9\u062a\u0647 \u06af\u0648\u062c\u0647", "code": "40101003", "barcode": null, "explanation": null, "isDisabled": false, "price": "200000", "pricingType": 0, "minSale": null, "maxSale": null, "minInventory": null, "maxInventory": null, "created_at": "1397-12-29", "updated_at": "1397-12-29", "category": 17, "warehouse": 3, "unit": 6, "supplier": null, "metadata": null}}, {"model": "wares.ware", "pk": 12, "fields": {"name": "\u062f\u0645\u067e\u062e\u062a \u0634\u06cc\u0631\u0627\u0632\u06cc", "code": "40101004", "barcode": null, "explanation": null, "isDisabled": false, "price": "200000", "pricingType": 0, "minSale": null, "maxSale": null, "minInventory": null, "maxInventory": null, "created_at": "1397-12-29", "updated_at": "1397-12-29", "category": 17, "warehouse": 3, "unit": 6, "supplier": null, "metadata": null}}, {"model": "wares.ware", "pk": 13, "fields": {"name": "\u0686\u0644\u0648 \u06a9\u0628\u0627\u0628 \u062a\u0627\u0628\u0647 \u0627\u06cc", "code": "40101005", "barcode": null, "explanation": null, "isDisabled": false, "price": "350000", "pricingType": 0, "minSale": null, "maxSale": null, "minInventory": null, "maxInventory": null, "created_at": "1397-12-29", "updated_at": "1397-12-29", "category": 17, "warehouse": 3, "unit": 6, "supplier": null, "metadata": null}}, {"model": "wares.ware", "pk": 14, "fields": {"name": "\u062f\u06cc\u0632\u06cc \u0633\u0646\u06af\u06cc", "code": "40101006", "barcode": null, "explanation": null, "isDisabled": false, "price": "350000", "pricingType": 0, "minSale": null, "maxSale": null, "minInventory": null, "maxInventory": null, "created_at": "1397-12-29", "updated_at": "1397-12-29", "category": 17, "warehouse": 3, "unit": 6, "supplier": null, "metadata": null}}, {"model": "wares.ware", "pk": 15, "fields": {"name": "\u062f\u0648 \u067e\u06cc\u0627\u0632\u0647 \u0622\u0644\u0648", "code": "40102001", "barcode": null, "explanation": null, "isDisabled": false, "price": "100000", "pricingType": 0, "minSale": null, "maxSale": null, "minInventory": null, "maxInventory": null, "created_at": "1397-12-29", "updated_at": "1397-12-29", "category": 18, "warehouse": 3, "unit": 6, "supplier": null, "metadata": null}}, {"model": "wares.ware", "pk": 16, "fields": {"name": "\u06a9\u0634\u06a9 \u0628\u0627\u062f\u0645\u062c\u0627\u0646", "code": "40102002", "barcode": null, "explanation": null, "isDisabled": false, "price": "100000", "pricingType": 0, "minSale": null, "maxSale": null, "minInventory": null, "maxInventory": null, "created_at": "1397-12-29", "updated_at": "1397-12-29", "category": 18, "warehouse": 3, "unit": 6, "supplier": null, "metadata": null}}, {"model": "wares.ware", "pk": 17, "fields": {"name": "\u06a9\u0648\u06a9\u0648 \u0633\u0628\u0632\u06cc", "code": "40102003", "barcode": null, "explanation": null, "isDisabled": false, "price": "150000", "pricingType": 0, "minSale": null, "maxSale": null, "minInventory": null, "maxInventory": null, "created_at": "1397-12-29", "updated_at": "1397-12-29", "category": 18, "warehouse": 3, "unit": 6, "supplier": null, "metadata": null}}, {"model": "wares.ware", "pk": 18, "fields": {"name": "\u062e\u0648\u0631\u0627\u06a9 \u06a9\u0628\u0627\u0628 \u062a\u0627\u0628\u0647 \u0627\u06cc", "code": "40102004", "barcode": null, "explanation": null, "isDisabled": false, "price": "260000", "pricingType": 0, "minSale": null, "maxSale": null, "minInventory": null, "maxInventory": null, "created_at": "1397-12-29", "updated_at": "1397-12-29", "category": 18, "warehouse": 3, "unit": 6, "supplier": null, "metadata": null}}, {"model": "wares.ware", "pk": 19, "fields": {"name": "\u0639\u062f\u0633\u06cc", "code": "40102005", "barcode": null, "explanation": null, "isDisabled": false, "price": "100000", "pricingType": 0, "minSale": null, "maxSale": null, "minInventory": null, "maxInventory": null, "created_at": "1397-12-29", "updated_at": "1397-12-29", "category": 18, "warehouse": 3, "unit": 6, "supplier": null, "metadata": null}}, {"model": "wares.ware", "pk": 20, "fields": {"name": "\u062d\u0644\u0648\u0627 \u0632\u0639\u0641\u0631\u0627\u0646\u06cc", "code": "40105001", "barcode": null, "explanation": null, "isDisabled": false, "price": "50000", "pricingType": 0, "minSale": null, "maxSale": null, "minInventory": null, "maxInventory": null, "created_at": "1397-12-29", "updated_at": "1397-12-29", "category": 21, "warehouse": 3, "unit": 3, "supplier": null, "metadata": null}}, {"model": "wares.ware", "pk": 21, "fields": {"name": "\u0646\u0627\u0646 \u067e\u0646\u06cc\u0631 \u0633\u0628\u0632\u06cc", "code": "40105002", "barcode": null, "explanation": null, "isDisabled": false, "price": "70000", "pricingType": 0, "minSale": null, "maxSale": null, "minInventory": null, "maxInventory": null, "created_at": "1397-12-29", "updated_at": "1397-12-29", "category": 21, "warehouse": 3, "unit": 3, "supplier": null, "metadata": null}}, {"model": "wares.ware", "pk": 22, "fields": {"name": "\u0633\u0627\u0644\u0627\u062f \u0634\u06cc\u0631\u0627\u0632\u06cc", "code": "40105003", "barcode": null, "explanation": null, "isDisabled": false, "price": "40000", "pricingType": 0, "minSale": null, "maxSale": null, "minInventory": null, "maxInventory": null, "created_at": "1397-12-29", "updated_at": "1397-12-29", "category": 21, "warehouse": 3, "unit": 3, "supplier": null, "metadata": null}}, {"model": "wares.ware", "pk": 23, "fields": {"name": "\u0633\u0627\u0644\u0627\u062f \u0641\u0635\u0644", "code": "40105004", "barcode": null, "explanation": null, "isDisabled": false, "price": "70000", "pricingType": 0, "minSale": null, "maxSale": null, "minInventory": null, "maxInventory": null, "created_at": "1397-12-29", "updated_at": "1397-12-29", "category": 21, "warehouse": 3, "unit": 3, "supplier": null, "metadata": null}}, {"model": "wares.ware", "pk": 24, "fields": {"name": "\u0645\u0627\u0633\u062a  \u0648 \u062e\u06cc\u0627\u0631", "code": "40105005", "barcode": null, "explanation": null, "isDisabled": false, "price": "40000", "pricingType": 0, "minSale": null, "maxSale": null, "minInventory": null, "maxInventory": null, "created_at": "1397-12-29", "updated_at": "1397-12-29", "category": 21, "warehouse": 3, "unit": 3, "supplier": null, "metadata": null}}, {"model": "wares.ware", "pk": 25, "fields": {"name": "\u062a\u0631\u0634\u06cc \u0628\u0627\u062f\u0645\u062c\u0627\u0646", "code": "40105006", "barcode": null, "explanation": null, "isDisabled": false, "price": "40000", "pricingType": 0, "minSale": null, "maxSale": null, "minInventory": null, "maxInventory": null, "created_at": "1397-12-29", "updated_at": "1397-12-29", "category": 21, "warehouse": 3, "unit": 3, "supplier": null, "metadata": null}}, {"model": "wares.ware", "pk": 27, "fields": {"name": "\u0686\u0627\u06cc \u0633\u06cc\u0627\u0647", "code": "40104001", "barcode": null, "explanation": null, "isDisabled": false, "price": "20000", "pricingType": 0, "minSale": null, "maxSale": null, "minInventory": null, "maxInventory": null, "created_at": "1397-12-29", "updated_at": "1397-12-29", "category": 20, "warehouse": 3, "unit": 7, "supplier": null, "metadata": null}}, {"model": "wares.ware", "pk": 28, "fields": {"name": "\u0686\u0627\u06cc \u0632\u0639\u0641\u0631\u0627\u0646", "code": "40104002", "barcode": null, "explanation": null, "isDisabled": false, "price": "25000", "pricingType": 0, "minSale": null, "maxSale": null, "minInventory": null, "maxInventory": null, "created_at": "1397-12-29", "updated_at": "1397-12-29", "category": 20, "warehouse": 3, "unit": 7, "supplier": null, "metadata": null}}, {"model": "wares.ware", "pk": 29, "fields": {"name": "\u0639\u0631\u0642 \u0628\u06cc\u062f\u0645\u0634\u06a9 \u0646\u0633\u062a\u0631\u0646 \u0628\u0627 \u062e\u0627\u06a9\u0634\u06cc\u0631", "code": "40104003", "barcode": null, "explanation": null, "isDisabled": false, "price": "40000", "pricingType": 0, "minSale": null, "maxSale": null, "minInventory": null, "maxInventory": null, "created_at": "1397-12-29", "updated_at": "1397-12-29", "category": 20, "warehouse": 3, "unit": 7, "supplier": null, "metadata": null}}, {"model": "wares.ware", "pk": 30, "fields": {"name": "\u0639\u0631\u0642 \u0628\u0647\u0627\u0631 \u0646\u0627\u0631\u0646\u062c", "code": "40104004", "barcode": null, "explanation": null, "isDisabled": false, "price": "40000", "pricingType": 0, "minSale": null, "maxSale": null, "minInventory": null, "maxInventory": null, "created_at": "1397-12-29", "updated_at": "1397-12-29", "category": 20, "warehouse": 3, "unit": 7, "supplier": null, "metadata": null}}, {"model": "wares.ware", "pk": 31, "fields": {"name": "\u0634\u0631\u0628\u062a \u0622\u0644\u0628\u0627\u0644\u0648/\u0628\u0647 \u0644\u06cc\u0645\u0648/\u0622\u0628\u0644\u06cc\u0645\u0648/\u0633\u06a9\u0646\u062c\u0628\u06cc\u0646", "code": "40104005", "barcode": null, "explanation": null, "isDisabled": false, "price": "40000", "pricingType": 0, "minSale": null, "maxSale": null, "minInventory": null, "maxInventory": null, "created_at": "1397-12-29", "updated_at": "1397-12-29", "category": 20, "warehouse": 3, "unit": 7, "supplier": null, "metadata": null}}, {"model": "wares.ware", "pk": 32, "fields": {"name": "\u0633\u06a9\u0646\u062c\u0628\u06cc\u0646 \u062e\u06cc\u0627\u0631", "code": "40104006", "barcode": null, "explanation": null, "isDisabled": false, "price": "60000", "pricingType": 0, "minSale": null, "maxSale": null, "minInventory": null, "maxInventory": null, "created_at": "1397-12-29", "updated_at": "1397-12-29", "category": 20, "warehouse": 3, "unit": 7, "supplier": null, "metadata": null}}, {"model": "wares.ware", "pk": 33, "fields": {"name": "\u0627\u062a\u0627\u0642 \u0644\u0628 \u0622\u0628", "code": "10101003", "barcode": null, "explanation": null, "isDisabled": false, "price": "2000000", "pricingType": 0, "minSale": null, "maxSale": null, "minInventory": null, "maxInventory": null, "created_at": "1398-01-02", "updated_at": "1398-01-02", "category": 3, "warehouse": 1, "unit": 1, "supplier": null, "metadata": null}}, {"model": "wares.ware", "pk": 34, "fields": {"name": "\u0633\u0646\u06af \u0633\u06cc\u0627\u0647", "code": "10101004", "barcode": null, "explanation": null, "isDisabled": false, "price": "500000", "pricingType": 1, "minSale": null, "maxSale": null, "minInventory": null, "maxInventory": null, "created_at": "1398-02-02", "updated_at": "1398-01-03", "category": 3, "warehouse": 1, "unit": 1, "supplier": null, "metadata": null}}, {"model": "wares.ware", "pk": 35, "fields": {"name": "\u062a\u0634\u06a9", "code": "10104001", "barcode": null, "explanation": null, "isDisabled": false, "price": "1000", "pricingType": 0, "minSale": null, "maxSale": null, "minInventory": null, "maxInventory": null, "created_at": "1398-01-09", "updated_at": "1398-01-09", "category": 6, "warehouse": 1, "unit": 1, "supplier": null, "metadata": null}}, {"model": "wares.ware", "pk": 36, "fields": {"name": "\u062a\u062a\u0633", "code": "10101005", "barcode": null, "explanation": null, "isDisabled": false, "price": "1500", "pricingType": 0, "minSale": null, "maxSale": null, "minInventory": null, "maxInventory": null, "created_at": "1398-02-16", "updated_at": "1398-02-16", "category": 3, "warehouse": 1, "unit": 1, "supplier": null, "metadata": null}}, {"model": "users.user", "pk": 1, "fields": {"password": "pbkdf2_sha256$150000$PUI7lMoClf4W$0jjJq4sSD4mYWctn9WyXBdZEHIrInYkPghBLT6MVz/8=", "last_login": "2019-06-01T12:39:09.376Z", "is_superuser": true, "username": "admin", "first_name": "", "last_name": "", "email": "", "is_staff": true, "is_active": true, "date_joined": "2019-03-18T07:45:57.870Z", "active_company": 1, "active_financial_year": 1, "groups": [], "user_permissions": []}}, {"model": "users.user", "pk": 2, "fields": {"password": "pbkdf2_sha256$100000$KClO1NQEzNN2$Icg9Q7Md2IaswZd1S6Br0fjjfNsm5Fv20J60FR8bvc4=", "last_login": null, "is_superuser": true, "username": "report", "first_name": "", "last_name": "", "email": "", "is_staff": true, "is_active": true, "date_joined": "2019-03-18T07:46:41.530Z", "active_company": null, "active_financial_year": null, "groups": [], "user_permissions": []}}, {"model": "users.user", "pk": 3, "fields": {"password": "pbkdf2_sha256$100000$NsYlpdrWb7qU$mVa/Cd3lY2IEj6JigL2VjBHJNU9YfA5pUyc59Lrzx9E=", "last_login": null, "is_superuser": true, "username": "manager", "first_name": "", "last_name": "", "email": "", "is_staff": true, "is_active": true, "date_joined": "2019-03-18T07:47:57.810Z", "active_company": null, "active_financial_year": null, "groups": [], "user_permissions": []}}, {"model": "users.user", "pk": 4, "fields": {"password": "pbkdf2_sha256$100000$kBOZQEeHBDmk$SNtK6E1p5iXv0A7xY2r/Ufxpqzb3FyqiifPuWW1xaKI=", "last_login": null, "is_superuser": true, "username": "manager1", "first_name": "", "last_name": "", "email": "", "is_staff": true, "is_active": true, "date_joined": "2019-03-18T10:23:52.374Z", "active_company": null, "active_financial_year": null, "groups": [], "user_permissions": []}}, {"model": "users.user", "pk": 5, "fields": {"password": "pbkdf2_sha256$100000$jcxHtaJncJO8$ROo8FNTemUb7AnlLWRVEV7hPZafVGNKK6QySk5f+GcY=", "last_login": null, "is_superuser": true, "username": "manager2", "first_name": "", "last_name": "", "email": "", "is_staff": true, "is_active": true, "date_joined": "2019-03-18T10:24:04.695Z", "active_company": null, "active_financial_year": null, "groups": [], "user_permissions": []}}, {"model": "users.user", "pk": 6, "fields": {"password": "pbkdf2_sha256$150000$04Ba3aWDuBAf$y0W3Zyujj3zPCJ2DR/9QEfH+UkyYx85MrqDWc66WX3M=", "last_login": "2019-06-01T13:09:49Z", "is_superuser": true, "username": "mmd", "first_name": "", "last_name": "", "email": "", "is_staff": true, "is_active": true, "date_joined": "2019-04-22T05:33:14Z", "active_company": 1, "active_financial_year": 1, "groups": [], "user_permissions": []}}]
