[{"model": "contenttypes.contenttype", "pk": 1, "fields": {"app_label": "admin", "model": "logentry"}}, {"model": "contenttypes.contenttype", "pk": 2, "fields": {"app_label": "auth", "model": "permission"}}, {"model": "contenttypes.contenttype", "pk": 3, "fields": {"app_label": "auth", "model": "group"}}, {"model": "contenttypes.contenttype", "pk": 4, "fields": {"app_label": "contenttypes", "model": "contenttype"}}, {"model": "contenttypes.contenttype", "pk": 5, "fields": {"app_label": "sessions", "model": "session"}}, {"model": "contenttypes.contenttype", "pk": 6, "fields": {"app_label": "companies", "model": "company"}}, {"model": "contenttypes.contenttype", "pk": 7, "fields": {"app_label": "companies", "model": "financialyear"}}, {"model": "contenttypes.contenttype", "pk": 8, "fields": {"app_label": "accounts", "model": "account"}}, {"model": "contenttypes.contenttype", "pk": 9, "fields": {"app_label": "accounts", "model": "accounttype"}}, {"model": "contenttypes.contenttype", "pk": 10, "fields": {"app_label": "accounts", "model": "costcenter"}}, {"model": "contenttypes.contenttype", "pk": 11, "fields": {"app_label": "accounts", "model": "costcentergroup"}}, {"model": "contenttypes.contenttype", "pk": 12, "fields": {"app_label": "accounts", "model": "defaultaccount"}}, {"model": "contenttypes.contenttype", "pk": 13, "fields": {"app_label": "accounts", "model": "floataccount"}}, {"model": "contenttypes.contenttype", "pk": 14, "fields": {"app_label": "accounts", "model": "floataccountgroup"}}, {"model": "contenttypes.contenttype", "pk": 15, "fields": {"app_label": "accounts", "model": "independentaccount"}}, {"model": "contenttypes.contenttype", "pk": 16, "fields": {"app_label": "accounts", "model": "bank"}}, {"model": "contenttypes.contenttype", "pk": 17, "fields": {"app_label": "accounts", "model": "person"}}, {"model": "contenttypes.contenttype", "pk": 18, "fields": {"app_label": "wares", "model": "unit"}}, {"model": "contenttypes.contenttype", "pk": 19, "fields": {"app_label": "wares", "model": "ware"}}, {"model": "contenttypes.contenttype", "pk": 20, "fields": {"app_label": "wares", "model": "warehouse"}}, {"model": "contenttypes.contenttype", "pk": 21, "fields": {"app_label": "wares", "model": "warehouseinventory"}}, {"model": "contenttypes.contenttype", "pk": 22, "fields": {"app_label": "wares", "model": "warelevel"}}, {"model": "contenttypes.contenttype", "pk": 23, "fields": {"app_label": "sanads", "model": "sanad"}}, {"model": "contenttypes.contenttype", "pk": 24, "fields": {"app_label": "sanads", "model": "sanaditem"}}, {"model": "contenttypes.contenttype", "pk": 25, "fields": {"app_label": "sanads", "model": "transaction"}}, {"model": "contenttypes.contenttype", "pk": 26, "fields": {"app_label": "sanads", "model": "transactionitem"}}, {"model": "contenttypes.contenttype", "pk": 27, "fields": {"app_label": "cheques", "model": "cheque"}}, {"model": "contenttypes.contenttype", "pk": 28, "fields": {"app_label": "cheques", "model": "chequebook"}}, {"model": "contenttypes.contenttype", "pk": 29, "fields": {"app_label": "cheques", "model": "statuschange"}}, {"model": "contenttypes.contenttype", "pk": 30, "fields": {"app_label": "factors", "model": "expense"}}, {"model": "contenttypes.contenttype", "pk": 31, "fields": {"app_label": "factors", "model": "factor"}}, {"model": "contenttypes.contenttype", "pk": 32, "fields": {"app_label": "factors", "model": "factorexpense"}}, {"model": "contenttypes.contenttype", "pk": 33, "fields": {"app_label": "factors", "model": "factoritem"}}, {"model": "contenttypes.contenttype", "pk": 34, "fields": {"app_label": "factors", "model": "factorpayment"}}, {"model": "contenttypes.contenttype", "pk": 35, "fields": {"app_label": "factors", "model": "receipt"}}, {"model": "contenttypes.contenttype", "pk": 36, "fields": {"app_label": "factors", "model": "receiptitem"}}, {"model": "contenttypes.contenttype", "pk": 37, "fields": {"app_label": "reports", "model": "exportverifier"}}, {"model": "contenttypes.contenttype", "pk": 38, "fields": {"app_label": "users", "model": "user"}}, {"model": "contenttypes.contenttype", "pk": 39, "fields": {"app_label": "users", "model": "access"}}, {"model": "contenttypes.contenttype", "pk": 40, "fields": {"app_label": "accounts", "model": "floataccountrelation"}}, {"model": "sessions.session", "pk": "0aq44mnwgjnwno3aodico4lz9b84mtzw", "fields": {"session_data": "NGE5OGYxMTAwNjQ0Mzk5MzQyMmE3YzA4OGI1YWQxNzM1OTk1MDY4NDp7Il9hdXRoX3VzZXJfaWQiOiIxIiwiX2F1dGhfdXNlcl9iYWNrZW5kIjoiZGphbmdvLmNvbnRyaWIuYXV0aC5iYWNrZW5kcy5Nb2RlbEJhY2tlbmQiLCJfYXV0aF91c2VyX2hhc2giOiJmMWQ4MDRmZmQ3OGMxYThjYTRkNDYwNjA1OGI3NzEyZmRlODdiZDVjIn0=", "expire_date": "2019-04-14T11:55:12.040Z"}}, {"model": "sessions.session", "pk": "ine8xhogkuwbj29xiqvzx5rywsrsz51v", "fields": {"session_data": "NGE5OGYxMTAwNjQ0Mzk5MzQyMmE3YzA4OGI1YWQxNzM1OTk1MDY4NDp7Il9hdXRoX3VzZXJfaWQiOiIxIiwiX2F1dGhfdXNlcl9iYWNrZW5kIjoiZGphbmdvLmNvbnRyaWIuYXV0aC5iYWNrZW5kcy5Nb2RlbEJhY2tlbmQiLCJfYXV0aF91c2VyX2hhc2giOiJmMWQ4MDRmZmQ3OGMxYThjYTRkNDYwNjA1OGI3NzEyZmRlODdiZDVjIn0=", "expire_date": "2019-04-19T06:05:39.309Z"}}, {"model": "sessions.session", "pk": "kdn2wu6spifl8argvo6pmac87uzd1rw1", "fields": {"session_data": "NGE5OGYxMTAwNjQ0Mzk5MzQyMmE3YzA4OGI1YWQxNzM1OTk1MDY4NDp7Il9hdXRoX3VzZXJfaWQiOiIxIiwiX2F1dGhfdXNlcl9iYWNrZW5kIjoiZGphbmdvLmNvbnRyaWIuYXV0aC5iYWNrZW5kcy5Nb2RlbEJhY2tlbmQiLCJfYXV0aF91c2VyX2hhc2giOiJmMWQ4MDRmZmQ3OGMxYThjYTRkNDYwNjA1OGI3NzEyZmRlODdiZDVjIn0=", "expire_date": "2019-04-02T16:35:09.091Z"}}, {"model": "companies.company", "pk": 1, "fields": {"name": "\u0639\u0645\u0627\u0631\u062a \u0647\u0641\u062a \u0631\u0646\u06af 1", "address1": null, "address2": null, "country": null, "sabt_number": null, "phone1": null, "phone2": null, "fax": null, "email": null, "website": null, "postal_code": null, "eghtesadi_code": null, "shenase": null}}, {"model": "companies.financialyear", "pk": 1, "fields": {"name": "98", "start": "1397-12-28", "end": "1398-12-28", "explanation": "", "company": 1, "accounts": [1, 10, 55, 491, 497, 56, 232, 57, 516, 58, 59, 60, 61, 11, 62, 63, 64, 12, 65, 492, 495, 502, 504, 505, 507, 509, 511, 512, 513, 514, 515, 66, 489, 503, 510, 13, 67, 233, 234, 14, 68, 69, 70, 71, 72, 73, 74, 75, 15, 76, 235, 77, 236, 78, 237, 79, 238, 239, 80, 81, 82, 517, 518, 519, 83, 523, 524, 525, 16, 84, 85, 240, 241, 86, 87, 88, 89, 90, 91, 2, 17, 93, 94, 95, 96, 97, 98, 99, 242, 100, 18, 101, 102, 103, 104, 105, 19, 106, 243, 244, 245, 246, 107, 247, 248, 249, 250, 108, 251, 20, 110, 111, 21, 112, 113, 114, 255, 520, 521, 3, 22, 115, 490, 494, 496, 506, 493, 23, 116, 257, 24, 117, 258, 259, 118, 119, 261, 262, 263, 120, 264, 121, 265, 266, 267, 268, 122, 123, 522, 25, 125, 126, 127, 27, 129, 130, 131, 132, 28, 133, 134, 135, 4, 30, 138, 139, 31, 140, 141, 32, 142, 143, 144, 33, 145, 34, 146, 5, 35, 148, 275, 276, 149, 277, 278, 150, 151, 152, 153, 36, 156, 37, 157, 158, 159, 160, 38, 526, 39, 171, 529, 172, 530, 173, 528, 6, 40, 174, 498, 175, 500, 176, 501, 177, 178, 179, 41, 180, 42, 182, 294, 183, 185, 43, 186, 295, 296, 187, 297, 298, 299, 188, 300, 301, 190, 7, 44, 191, 302, 8, 46, 194, 310, 311, 312, 313, 314, 315, 316, 317, 318, 319, 320, 321, 322, 323, 324, 325, 195, 326, 327, 328, 329, 330, 331, 332, 333, 334, 335, 336, 337, 196, 338, 339, 197, 340, 47, 198, 341, 342, 343, 344, 345, 346, 347, 348, 199, 200, 560, 561, 562, 201, 203, 424, 425, 426, 427, 428, 429, 430, 431, 432, 204, 433, 434, 435, 436, 437, 438, 205, 566, 48, 210, 447, 448, 449, 450, 451, 211, 212, 213, 49, 215, 216, 217, 218, 219, 50, 535, 548, 549, 550, 551, 552, 553, 554, 555, 556, 563, 564, 565, 531, 532, 534, 536, 537, 538, 539, 541, 542, 543, 544, 545, 546, 547, 557, 9, 51, 226, 459, 460, 461, 462, 463, 464, 465, 466, 467, 468, 227, 469, 470, 471, 472, 473, 474, 475, 476, 477, 478, 479, 480, 481, 482, 483, 52, 228, 229, 53, 230, 54, 231, 567], "banks": [491, 497], "persons": [492, 494, 495, 496, 502, 503, 504, 505, 506, 507, 509, 510, 511, 512, 513, 514, 515], "float_accounts": [], "float_account_groups": [], "float_account_relations": [], "independent_accounts": [], "cost_centers": [], "cost_center_groups": [], "default_accounts": [1, 2, 3, 4, 5, 6, 7, 8, 9, 10, 11, 12, 13, 14, 15], "wares": [1, 2, 33, 34, 3, 4, 5, 6, 35, 7, 8, 9, 10, 11, 12, 13, 14, 15, 16, 17, 18, 19, 27, 28, 29, 30, 31, 32, 20, 21, 22, 23, 24, 25], "warehouses": [1, 2, 3], "ware_levels": [1, 2, 3, 4, 5, 6, 7, 8, 9, 10, 11, 12, 13, 14, 15, 16, 17, 18, 19, 20, 21, 22, 23], "units": [1, 2, 3, 4, 5, 6, 7]}}, {"model": "accounts.accounttype", "pk": 1, "fields": {"name": "\u0641\u0631\u0648\u0634", "programingName": "sale", "nature": "bes", "usage": "incomeStatement"}}, {"model": "accounts.accounttype", "pk": 2, "fields": {"name": "\u0628\u0631\u06af\u0634\u062a \u0627\u0632 \u0641\u0631\u0648\u0634 \u0648 \u062a\u062e\u0641\u06cc\u0641\u0627\u062a", "programingName": "backFromSaleAndDiscounts", "nature": "bed", "usage": "incomeStatement"}}, {"model": "accounts.accounttype", "pk": 3, "fields": {"name": "\u062f\u0631\u0622\u0645\u062f \u0647\u0627\u06cc \u0639\u0645\u0644\u06cc\u0627\u062a\u06cc", "programingName": "operatingIncomes", "nature": "bes", "usage": "incomeStatement"}}, {"model": "accounts.accounttype", "pk": 4, "fields": {"name": "\u0628\u0647\u0627\u06cc \u062a\u0645\u0627\u0645 \u0634\u062f\u0647 \u06a9\u0627\u0644\u0627\u06cc \u0641\u0631\u0648\u0634 \u0631\u0641\u062a\u0647 \u0648 \u062e\u062f\u0645\u0627\u062a \u0627\u0631\u0627\u0626\u0647 \u0634\u062f\u0647", "programingName": "soldProductValue", "nature": "bed", "usage": "incomeStatement"}}, {"model": "accounts.accounttype", "pk": 11, "fields": {"name": "\u0647\u0632\u06cc\u0646\u0647 \u0647\u0627\u06cc \u0639\u0645\u0644\u06cc\u0627\u062a\u06cc", "programingName": "operatingCosts", "nature": "bed", "usage": "incomeStatement"}}, {"model": "accounts.accounttype", "pk": 12, "fields": {"name": "\u062f\u0631\u0622\u0645\u062f \u063a\u06cc\u0631 \u0639\u0645\u0644\u06cc\u0627\u062a\u06cc", "programingName": "nonOperatingIncomes", "nature": "bes", "usage": "incomeStatement"}}, {"model": "accounts.accounttype", "pk": 13, "fields": {"name": "\u0647\u0632\u06cc\u0646\u0647 \u0647\u0627\u06cc \u063a\u06cc\u0631 \u0639\u0645\u0644\u06cc\u0627\u062a\u06cc", "programingName": "nonOperatingCosts", "nature": "bed", "usage": "incomeStatement"}}, {"model": "accounts.accounttype", "pk": 14, "fields": {"name": "\u0646\u0642\u062f \u0648 \u0628\u0627\u0646\u06a9", "programingName": "cacheAndBank", "nature": "bed", "usage": "balanceSheet"}}, {"model": "accounts.accounttype", "pk": 15, "fields": {"name": "\u0633\u0631\u0645\u0627\u06cc\u0647 \u06af\u0630\u0627\u0631\u06cc \u0647\u0627\u06cc \u06a9\u0648\u062a\u0627\u0647 \u0645\u062f\u062a", "programingName": "shortTimeInvestments", "nature": "bed", "usage": "balanceSheet"}}, {"model": "accounts.accounttype", "pk": 16, "fields": {"name": "\u062d\u0633\u0627\u0628 \u0647\u0627 \u0648 \u0627\u0633\u0646\u0627\u062f \u062f\u0631\u06cc\u0627\u0641\u062a\u0646\u06cc \u062a\u062c\u0627\u0631\u06cc", "programingName": "commercialAccountsAndReceivables", "nature": "bed", "usage": "balanceSheet"}}, {"model": "accounts.accounttype", "pk": 17, "fields": {"name": "\u0633\u0627\u06cc\u0631 \u062d\u0633\u0627\u0628 \u0647\u0627\u06cc \u0648 \u0627\u0633\u0646\u0627\u062f \u062f\u0631\u06cc\u0627\u0641\u062a\u0646\u06cc", "programingName": "otherAccountsAndReceivables", "nature": "bed", "usage": "balanceSheet"}}, {"model": "accounts.accounttype", "pk": 18, "fields": {"name": "\u0645\u0648\u062c\u0648\u062f\u06cc \u0645\u0648\u0627\u062f \u0648 \u06a9\u0627\u0644\u0627", "programingName": "inventories", "nature": "bed", "usage": "balanceSheet"}}, {"model": "accounts.accounttype", "pk": 19, "fields": {"name": "\u0633\u0641\u0627\u0631\u0634\u0627\u062a \u0648 \u067e\u06cc\u0634 \u067e\u0631\u062f\u0627\u062e\u062a \u0647\u0627", "programingName": "ordersAndPrepayments", "nature": "bed", "usage": "balanceSheet"}}, {"model": "accounts.accounttype", "pk": 20, "fields": {"name": "\u062f\u0627\u0631\u0627\u06cc\u06cc \u0647\u0627\u06cc \u062b\u0627\u0628\u062a \u0645\u0634\u0647\u0648\u062f", "programingName": "evidentFixedAssets", "nature": "bed", "usage": "balanceSheet"}}, {"model": "accounts.accounttype", "pk": 21, "fields": {"name": "\u062f\u0627\u0631\u0627\u06cc\u06cc \u0647\u0627\u06cc \u0646\u0627 \u0645\u0634\u0647\u0648\u062f", "programingName": "notEvidentAssets", "nature": "bed", "usage": "balanceSheet"}}, {"model": "accounts.accounttype", "pk": 22, "fields": {"name": "\u0633\u0631\u0645\u0627\u06cc\u0647 \u06af\u0630\u0627\u0631\u06cc \u0647\u0627\u06cc \u0628\u0644\u0646\u062f \u0645\u062f\u062a", "programingName": "longTimeInvestments", "nature": "bed", "usage": "balanceSheet"}}, {"model": "accounts.accounttype", "pk": 23, "fields": {"name": "\u0633\u0627\u06cc\u0631 \u062f\u0627\u0631\u0627\u06cc\u06cc \u0647\u0627", "programingName": "otherAssets", "nature": "bed", "usage": "balanceSheet"}}, {"model": "accounts.accounttype", "pk": 24, "fields": {"name": "\u062d\u0633\u0627\u0628 \u0647\u0627 \u0648 \u0627\u0633\u0646\u0627\u062f \u067e\u0631\u062f\u0627\u062e\u062a\u0646\u06cc \u062a\u062c\u0627\u0631\u06cc", "programingName": "businessAccountsAndPayableDocuments", "nature": "bes", "usage": "balanceSheet"}}, {"model": "accounts.accounttype", "pk": 25, "fields": {"name": "\u0633\u0627\u06cc\u0631 \u062d\u0633\u0627\u0628 \u0647\u0627 \u0648 \u0627\u0633\u0646\u0627\u062f \u067e\u0631\u062f\u0627\u062e\u062a\u06cc", "programingName": "otherAccountsAndPayableDocuments", "nature": "bes", "usage": "balanceSheet"}}, {"model": "accounts.accounttype", "pk": 26, "fields": {"name": "\u067e\u06cc\u0634 \u062f\u0631\u06cc\u0627\u0641\u062a \u0647\u0627", "programingName": "prepayments", "nature": "bes", "usage": "balanceSheet"}}, {"model": "accounts.accounttype", "pk": 27, "fields": {"name": "\u0627\u0646\u0648\u0627\u0639 \u0630\u062e\u06cc\u0631\u0647 \u0647\u0627", "programingName": "saveTypes", "nature": "bes", "usage": "balanceSheet"}}, {"model": "accounts.accounttype", "pk": 28, "fields": {"name": "\u0633\u0648\u062f \u0633\u0647\u0627\u0645 \u067e\u0631\u062f\u0627\u062e\u062a\u06cc", "programingName": "paidDividends", "nature": "bes", "usage": "balanceSheet"}}, {"model": "accounts.accounttype", "pk": 29, "fields": {"name": "\u062a\u0633\u0647\u06cc\u0644\u0627\u062a \u0645\u0627\u0644\u06cc \u067e\u0631\u062f\u0627\u062e\u062a\u0646\u06cc", "programingName": "receivableFunds", "nature": "bes", "usage": "balanceSheet"}}, {"model": "accounts.accounttype", "pk": 30, "fields": {"name": "\u062d\u0633\u0627\u0628 \u0647\u0627 \u0648 \u0627\u0633\u0646\u0627\u062f \u067e\u0631\u062f\u0627\u062e\u062a\u0646\u06cc \u0628\u0644\u0646\u062f \u0645\u062f\u062a", "programingName": "longtermAccountsAndPayableDocuments", "nature": "bes", "usage": "balanceSheet"}}, {"model": "accounts.accounttype", "pk": 31, "fields": {"name": "\u062a\u0633\u0647\u06cc\u0644\u0627\u062a \u0645\u0627\u0644\u06cc \u067e\u0631\u062f\u0627\u062e\u062a\u0646\u06cc \u0628\u0644\u0646\u062f \u0645\u062f\u062a", "programingName": "longtermReceivableFunds", "nature": "bes", "usage": "balanceSheet"}}, {"model": "accounts.accounttype", "pk": 32, "fields": {"name": "\u0630\u062e\u06cc\u0631\u0647 \u0645\u0632\u0627\u06cc\u0627\u06cc \u067e\u0627\u06cc\u0627\u0646 \u062e\u062f\u0645\u062a \u06a9\u0627\u0631\u06a9\u0646\u0627\u0646", "programingName": "savedEndingServiceBenefits", "nature": "bes", "usage": "balanceSheet"}}, {"model": "accounts.accounttype", "pk": 33, "fields": {"name": "\u0633\u0631\u0645\u0627\u06cc\u0647", "programingName": "fund", "nature": "bes", "usage": "balanceSheet"}}, {"model": "accounts.accounttype", "pk": 34, "fields": {"name": "\u0627\u0646\u062f\u0648\u062e\u062a\u0647 \u0647\u0627", "programingName": "savings", "nature": "bes", "usage": "balanceSheet"}}, {"model": "accounts.accounttype", "pk": 36, "fields": {"name": "\u0633\u0648\u062f (\u0632\u06cc\u0627\u0646) \u0627\u0646\u0628\u0627\u0634\u062a\u0647", "programingName": "accumulatedProfit", "nature": "bes", "usage": "balanceSheet"}}, {"model": "accounts.accounttype", "pk": 37, "fields": {"name": "\u0628\u062f\u0648\u0646 \u0646\u0648\u0639", "programingName": "noType", "nature": "non", "usage": "none"}}, {"model": "accounts.accounttype", "pk": 38, "fields": {"name": "\u0627\u0633\u062a\u0647\u0644\u0627\u06a9 \u0627\u0646\u0628\u0627\u0634\u062a\u0647", "programingName": "accumulatedDepreciation", "nature": "bes", "usage": "balanceSheet"}}, {"model": "accounts.accounttype", "pk": 39, "fields": {"name": "\u062d\u0633\u0627\u0628\u0647\u0627\u06cc \u0627\u0646\u062a\u0638\u0627\u0645\u06cc \u0648 \u06a9\u0646\u062a\u0631\u0644\u06cc", "programingName": "controlAccounts", "nature": "non", "usage": "none"}}, {"model": "accounts.account", "pk": 1, "fields": {"name": "\u062f\u0627\u0631\u0627\u06cc\u06cc \u0647\u0627\u06cc \u062c\u0627\u0631\u06cc", "code": "1", "explanation": null, "is_disabled": false, "max_bed": null, "max_bes": null, "max_bed_with_sanad": null, "max_bes_with_sanad": null, "created_at": null, "updated_at": null, "level": 0, "type": null, "costCenterGroup": null, "floatAccountGroup": null, "parent": null}}, {"model": "accounts.account", "pk": 2, "fields": {"name": "\u062f\u0627\u0631\u0627\u06cc\u06cc \u0647\u0627\u06cc \u063a\u06cc\u0631\u062c\u0627\u0631\u06cc", "code": "2", "explanation": null, "is_disabled": false, "max_bed": null, "max_bes": null, "max_bed_with_sanad": null, "max_bes_with_sanad": null, "created_at": "2019-02-09", "updated_at": null, "level": 0, "type": null, "costCenterGroup": null, "floatAccountGroup": null, "parent": null}}, {"model": "accounts.account", "pk": 3, "fields": {"name": "\u0628\u062f\u0647\u06cc \u0647\u0627\u06cc \u062c\u0627\u0631\u06cc", "code": "3", "explanation": null, "is_disabled": false, "max_bed": null, "max_bes": null, "max_bed_with_sanad": null, "max_bes_with_sanad": null, "created_at": null, "updated_at": null, "level": 0, "type": null, "costCenterGroup": null, "floatAccountGroup": null, "parent": null}}, {"model": "accounts.account", "pk": 4, "fields": {"name": "\u0628\u062f\u0647\u06cc \u0647\u0627\u06cc \u0628\u0644\u0646\u062f\u0645\u062a", "code": "4", "explanation": null, "is_disabled": false, "max_bed": null, "max_bes": null, "max_bed_with_sanad": null, "max_bes_with_sanad": null, "created_at": null, "updated_at": null, "level": 0, "type": null, "costCenterGroup": null, "floatAccountGroup": null, "parent": null}}, {"model": "accounts.account", "pk": 5, "fields": {"name": "\u0633\u0631\u0645\u0627\u06cc\u0647 \u0648 \u062d\u0642\u0648\u0642 \u0635\u0627\u062d\u0628\u0627\u0646 \u0633\u0647\u0627\u0645", "code": "5", "explanation": null, "is_disabled": false, "max_bed": null, "max_bes": null, "max_bed_with_sanad": null, "max_bes_with_sanad": null, "created_at": "2019-04-02", "updated_at": null, "level": 0, "type": null, "costCenterGroup": null, "floatAccountGroup": null, "parent": null}}, {"model": "accounts.account", "pk": 6, "fields": {"name": "\u062f\u0631\u0627\u0645\u062f\u0647\u0627", "code": "6", "explanation": null, "is_disabled": false, "max_bed": null, "max_bes": null, "max_bed_with_sanad": null, "max_bes_with_sanad": null, "created_at": null, "updated_at": null, "level": 0, "type": null, "costCenterGroup": null, "floatAccountGroup": null, "parent": null}}, {"model": "accounts.account", "pk": 7, "fields": {"name": "\u0628\u0647\u0627\u06cc \u062a\u0645\u0627\u0645 \u0634\u062f\u0647 \u06a9\u0627\u0644\u0627\u06cc \u0641\u0631\u0648\u0634 \u0631\u0641\u062a\u0647 \u0648\u062e\u062f\u0645\u0627\u062a \u0627\u0631\u0627\u0626\u0647 \u0634\u062f\u0647", "code": "7", "explanation": null, "is_disabled": false, "max_bed": null, "max_bes": null, "max_bed_with_sanad": null, "max_bes_with_sanad": null, "created_at": null, "updated_at": null, "level": 0, "type": null, "costCenterGroup": null, "floatAccountGroup": null, "parent": null}}, {"model": "accounts.account", "pk": 8, "fields": {"name": "\u0647\u0632\u06cc\u0646\u0647", "code": "8", "explanation": null, "is_disabled": false, "max_bed": null, "max_bes": null, "max_bed_with_sanad": null, "max_bes_with_sanad": null, "created_at": null, "updated_at": null, "level": 0, "type": null, "costCenterGroup": null, "floatAccountGroup": null, "parent": null}}, {"model": "accounts.account", "pk": 9, "fields": {"name": "\u0633\u0627\u06cc\u0631\u062d\u0633\u0627\u0628\u0647\u0627", "code": "9", "explanation": null, "is_disabled": false, "max_bed": null, "max_bes": null, "max_bed_with_sanad": null, "max_bes_with_sanad": null, "created_at": null, "updated_at": null, "level": 0, "type": null, "costCenterGroup": null, "floatAccountGroup": null, "parent": null}}, {"model": "accounts.account", "pk": 10, "fields": {"name": "\u0645\u0648\u062c\u0648\u062f\u06cc \u0646\u0642\u062f\u0648\u0628\u0627\u0646\u06a9", "code": "101", "explanation": null, "is_disabled": false, "max_bed": null, "max_bes": null, "max_bed_with_sanad": null, "max_bes_with_sanad": null, "created_at": "2019-03-08", "updated_at": null, "level": 1, "type": 14, "costCenterGroup": null, "floatAccountGroup": null, "parent": 1}}, {"model": "accounts.account", "pk": 11, "fields": {"name": "\u0633\u0631\u0645\u0627\u06cc\u0647 \u06af\u0630\u0627\u0631\u06cc \u0647\u0627\u06cc \u06a9\u0648\u062a\u0627\u0647 \u0645\u062f\u062a", "code": "102", "explanation": null, "is_disabled": false, "max_bed": null, "max_bes": null, "max_bed_with_sanad": null, "max_bes_with_sanad": null, "created_at": "2019-03-08", "updated_at": null, "level": 1, "type": 15, "costCenterGroup": null, "floatAccountGroup": null, "parent": 1}}, {"model": "accounts.account", "pk": 12, "fields": {"name": "\u062d\u0633\u0627\u0628 \u0647\u0627\u06cc \u062f\u0631\u06cc\u0627\u0641\u062a\u0646\u06cc \u062a\u062c\u0627\u0631\u06cc", "code": "103", "explanation": null, "is_disabled": false, "max_bed": null, "max_bes": null, "max_bed_with_sanad": null, "max_bes_with_sanad": null, "created_at": "2019-03-11", "updated_at": null, "level": 1, "type": 16, "costCenterGroup": null, "floatAccountGroup": null, "parent": 1}}, {"model": "accounts.account", "pk": 13, "fields": {"name": "\u0627\u0633\u0646\u0627\u062f\u062f\u0631\u06cc\u0627\u0641\u062a\u0646\u06cc", "code": "104", "explanation": null, "is_disabled": false, "max_bed": null, "max_bes": null, "max_bed_with_sanad": null, "max_bes_with_sanad": null, "created_at": "2019-03-08", "updated_at": null, "level": 1, "type": 16, "costCenterGroup": null, "floatAccountGroup": null, "parent": 1}}, {"model": "accounts.account", "pk": 14, "fields": {"name": "\u0633\u0627\u06cc\u0631\u062d\u0633\u0627\u0628 \u0647\u0627\u06cc \u062f\u0631\u06cc\u0627\u0641\u062a\u0646\u06cc", "code": "105", "explanation": null, "is_disabled": false, "max_bed": null, "max_bes": null, "max_bed_with_sanad": null, "max_bes_with_sanad": null, "created_at": "2019-03-08", "updated_at": null, "level": 1, "type": 16, "costCenterGroup": null, "floatAccountGroup": null, "parent": 1}}, {"model": "accounts.account", "pk": 15, "fields": {"name": "\u0645\u0648\u062c\u0648\u062f\u06cc \u0645\u0648\u0627\u062f\u0648\u06a9\u0627\u0644\u0627", "code": "106", "explanation": null, "is_disabled": false, "max_bed": null, "max_bes": null, "max_bed_with_sanad": null, "max_bes_with_sanad": null, "created_at": "2019-03-08", "updated_at": null, "level": 1, "type": 18, "costCenterGroup": null, "floatAccountGroup": null, "parent": 1}}, {"model": "accounts.account", "pk": 16, "fields": {"name": "\u0633\u0641\u0627\u0631\u0634\u0627\u062a \u0648\u067e\u06cc\u0634 \u067e\u0631\u062f\u0627\u062e\u062a\u0647\u0627", "code": "107", "explanation": null, "is_disabled": false, "max_bed": null, "max_bes": null, "max_bed_with_sanad": null, "max_bes_with_sanad": null, "created_at": "2019-03-08", "updated_at": null, "level": 1, "type": 19, "costCenterGroup": null, "floatAccountGroup": null, "parent": 1}}, {"model": "accounts.account", "pk": 17, "fields": {"name": "\u062f\u0627\u0631\u0627\u06cc\u06cc \u0647\u0627\u06cc \u062b\u0627\u0628\u062a \u0645\u0634\u0647\u0648\u062f", "code": "201", "explanation": null, "is_disabled": false, "max_bed": null, "max_bes": null, "max_bed_with_sanad": null, "max_bes_with_sanad": null, "created_at": "2019-03-11", "updated_at": null, "level": 1, "type": 20, "costCenterGroup": null, "floatAccountGroup": null, "parent": 2}}, {"model": "accounts.account", "pk": 18, "fields": {"name": "\u0627\u0633\u062a\u0647\u0644\u0627\u06a9 \u0627\u0646\u0628\u0627\u0634\u062a\u0647 \u062f\u0627\u0631\u0627\u06cc\u06cc \u0647\u0627\u06cc \u062b\u0627\u0628\u062a \u0645\u0634\u0647\u0648\u062f", "code": "202", "explanation": null, "is_disabled": false, "max_bed": null, "max_bes": null, "max_bed_with_sanad": null, "max_bes_with_sanad": null, "created_at": "2019-03-12", "updated_at": null, "level": 1, "type": 38, "costCenterGroup": null, "floatAccountGroup": null, "parent": 2}}, {"model": "accounts.account", "pk": 19, "fields": {"name": "\u062f\u0627\u0631\u0627\u06cc\u06cc \u0647\u0627\u06cc \u0646\u0627\u0645\u0634\u0647\u0648\u062f", "code": "203", "explanation": null, "is_disabled": false, "max_bed": null, "max_bes": null, "max_bed_with_sanad": null, "max_bes_with_sanad": null, "created_at": "2019-03-08", "updated_at": null, "level": 1, "type": 21, "costCenterGroup": null, "floatAccountGroup": null, "parent": 2}}, {"model": "accounts.account", "pk": 20, "fields": {"name": "\u0633\u0631\u0645\u0627\u06cc\u0647 \u06af\u0630\u0627\u0631\u06cc \u0647\u0627\u06cc \u0628\u0644\u0646\u062f\u0645\u062f\u062a", "code": "204", "explanation": null, "is_disabled": false, "max_bed": null, "max_bes": null, "max_bed_with_sanad": null, "max_bes_with_sanad": null, "created_at": "2019-03-08", "updated_at": null, "level": 1, "type": 22, "costCenterGroup": null, "floatAccountGroup": null, "parent": 2}}, {"model": "accounts.account", "pk": 21, "fields": {"name": "\u0633\u0627\u06cc\u0631\u062f\u0627\u0631\u0627\u06cc\u06cc \u0647\u0627\u06cc \u063a\u06cc\u0631\u062c\u0627\u0631\u06cc", "code": "205", "explanation": null, "is_disabled": false, "max_bed": null, "max_bes": null, "max_bed_with_sanad": null, "max_bes_with_sanad": null, "created_at": "2019-03-08", "updated_at": null, "level": 1, "type": 23, "costCenterGroup": null, "floatAccountGroup": null, "parent": 2}}, {"model": "accounts.account", "pk": 22, "fields": {"name": "\u062d\u0633\u0627\u0628 \u0647\u0627\u06cc \u067e\u0631\u062f\u0627\u062e\u062a\u0646\u06cc", "code": "301", "explanation": null, "is_disabled": false, "max_bed": null, "max_bes": null, "max_bed_with_sanad": null, "max_bes_with_sanad": null, "created_at": "2019-03-10", "updated_at": null, "level": 1, "type": 24, "costCenterGroup": null, "floatAccountGroup": null, "parent": 3}}, {"model": "accounts.account", "pk": 23, "fields": {"name": "\u0627\u0633\u0646\u0627\u062f\u067e\u0631\u062f\u0627\u062e\u062a\u0646\u06cc \u062a\u062c\u0627\u0631\u06cc", "code": "302", "explanation": null, "is_disabled": false, "max_bed": null, "max_bes": null, "max_bed_with_sanad": null, "max_bes_with_sanad": null, "created_at": "2019-03-08", "updated_at": null, "level": 1, "type": 24, "costCenterGroup": null, "floatAccountGroup": null, "parent": 3}}, {"model": "accounts.account", "pk": 24, "fields": {"name": "\u0633\u0627\u06cc\u0631\u062d\u0633\u0627\u0628 \u0647\u0627\u06cc \u067e\u0631\u062f\u0627\u062e\u062a\u0646\u06cc", "code": "303", "explanation": null, "is_disabled": false, "max_bed": null, "max_bes": null, "max_bed_with_sanad": null, "max_bes_with_sanad": null, "created_at": "2019-03-08", "updated_at": null, "level": 1, "type": 25, "costCenterGroup": null, "floatAccountGroup": null, "parent": 3}}, {"model": "accounts.account", "pk": 25, "fields": {"name": "\u0633\u0641\u0627\u0631\u0634\u0627\u062a \u0648\u067e\u06cc\u0634 \u062f\u0631\u06cc\u0627\u0641\u062a \u0647\u0627", "code": "304", "explanation": null, "is_disabled": false, "max_bed": null, "max_bes": null, "max_bed_with_sanad": null, "max_bes_with_sanad": null, "created_at": "2019-03-08", "updated_at": null, "level": 1, "type": 26, "costCenterGroup": null, "floatAccountGroup": null, "parent": 3}}, {"model": "accounts.account", "pk": 27, "fields": {"name": "\u0633\u067e\u0631\u062f\u0647 \u0647\u0627\u06cc \u067e\u0631\u062f\u0627\u062e\u062a\u0646\u06cc", "code": "306", "explanation": null, "is_disabled": false, "max_bed": null, "max_bes": null, "max_bed_with_sanad": null, "max_bes_with_sanad": null, "created_at": "2019-03-08", "updated_at": null, "level": 1, "type": 24, "costCenterGroup": null, "floatAccountGroup": null, "parent": 3}}, {"model": "accounts.account", "pk": 28, "fields": {"name": "\u062a\u0633\u0647\u06cc\u0644\u0627\u062a \u0648\u0627\u0639\u062a\u0628\u0627\u0631\u0627\u062a \u0645\u0627\u0644\u06cc \u062f\u0631\u06cc\u0627\u0641\u062a\u06cc \u06a9\u0648\u062a\u0627\u0647 \u0645\u062f\u062a", "code": "307", "explanation": null, "is_disabled": false, "max_bed": null, "max_bes": null, "max_bed_with_sanad": null, "max_bes_with_sanad": null, "created_at": "2019-03-08", "updated_at": null, "level": 1, "type": 29, "costCenterGroup": null, "floatAccountGroup": null, "parent": 3}}, {"model": "accounts.account", "pk": 30, "fields": {"name": "\u062d\u0633\u0627\u0628 \u0647\u0627\u06cc \u0628\u0644\u0646\u062f\u0645\u062f\u062a \u067e\u0631\u062f\u0627\u062e\u062a\u0646\u06cc", "code": "401", "explanation": null, "is_disabled": false, "max_bed": null, "max_bes": null, "max_bed_with_sanad": null, "max_bes_with_sanad": null, "created_at": "2019-03-08", "updated_at": null, "level": 1, "type": 30, "costCenterGroup": null, "floatAccountGroup": null, "parent": 4}}, {"model": "accounts.account", "pk": 31, "fields": {"name": "\u0627\u0633\u0646\u0627\u062f\u0628\u0644\u0646\u062f\u0645\u062f\u062a \u067e\u0631\u062f\u0627\u062e\u062a\u0646\u06cc", "code": "402", "explanation": null, "is_disabled": false, "max_bed": null, "max_bes": null, "max_bed_with_sanad": null, "max_bes_with_sanad": null, "created_at": "2019-03-08", "updated_at": null, "level": 1, "type": 30, "costCenterGroup": null, "floatAccountGroup": null, "parent": 4}}, {"model": "accounts.account", "pk": 32, "fields": {"name": "\u062a\u0633\u0647\u06cc\u0644\u0627\u062a \u0648\u0627\u0639\u062a\u0628\u0627\u0631\u0627\u062a \u0645\u0627\u0644\u06cc \u067e\u0631\u062f\u0627\u062e\u062a\u0646\u06cc \u0628\u0644\u0646\u062f \u0645\u062f\u062a", "code": "403", "explanation": null, "is_disabled": false, "max_bed": null, "max_bes": null, "max_bed_with_sanad": null, "max_bes_with_sanad": null, "created_at": "2019-04-02", "updated_at": null, "level": 1, "type": 31, "costCenterGroup": null, "floatAccountGroup": null, "parent": 4}}, {"model": "accounts.account", "pk": 33, "fields": {"name": "\u0630\u062e\u06cc\u0631\u0647 \u0645\u0632\u0627\u06cc\u0627\u06cc \u067e\u0627\u06cc\u0627\u0646 \u062e\u062f\u0645\u062a \u06a9\u0627\u0631\u06a9\u0646\u0627\u0646", "code": "404", "explanation": null, "is_disabled": false, "max_bed": null, "max_bes": null, "max_bed_with_sanad": null, "max_bes_with_sanad": null, "created_at": "2019-03-08", "updated_at": null, "level": 1, "type": 27, "costCenterGroup": null, "floatAccountGroup": null, "parent": 4}}, {"model": "accounts.account", "pk": 34, "fields": {"name": "\u062f\u0631\u0627\u0645\u062f\u0647\u0627\u06cc \u0627\u0646\u062a\u0642\u0627\u0644\u06cc \u0628\u0647 \u062f\u0648\u0631\u0647 \u0647\u0627\u06cc \u0627\u062a\u06cc", "code": "405", "explanation": null, "is_disabled": false, "max_bed": null, "max_bes": null, "max_bed_with_sanad": null, "max_bes_with_sanad": null, "created_at": "2019-03-08", "updated_at": null, "level": 1, "type": 26, "costCenterGroup": null, "floatAccountGroup": null, "parent": 4}}, {"model": "accounts.account", "pk": 35, "fields": {"name": "\u0633\u0631\u0645\u0627\u06cc\u0647", "code": "501", "explanation": null, "is_disabled": false, "max_bed": null, "max_bes": null, "max_bed_with_sanad": null, "max_bes_with_sanad": null, "created_at": "2019-04-02", "updated_at": null, "level": 1, "type": 33, "costCenterGroup": null, "floatAccountGroup": null, "parent": 5}}, {"model": "accounts.account", "pk": 36, "fields": {"name": "\u0627\u0646\u062f\u0648\u062e\u062a\u0647 \u0642\u0627\u0646\u0648\u0646\u06cc", "code": "502", "explanation": null, "is_disabled": false, "max_bed": null, "max_bes": null, "max_bed_with_sanad": null, "max_bes_with_sanad": null, "created_at": "2019-03-08", "updated_at": null, "level": 1, "type": 34, "costCenterGroup": null, "floatAccountGroup": null, "parent": 5}}, {"model": "accounts.account", "pk": 37, "fields": {"name": "\u0633\u0627\u06cc\u0631\u0627\u0646\u062f\u0648\u062e\u062a\u0647 \u0647\u0627", "code": "503", "explanation": null, "is_disabled": false, "max_bed": null, "max_bes": null, "max_bed_with_sanad": null, "max_bes_with_sanad": null, "created_at": "2019-03-08", "updated_at": null, "level": 1, "type": 34, "costCenterGroup": null, "floatAccountGroup": null, "parent": 5}}, {"model": "accounts.account", "pk": 38, "fields": {"name": "\u0645\u0627\u0632\u0627\u062f \u062a\u062c\u062f\u06cc\u062f \u0627\u0631\u0632\u06cc\u0627\u0628\u06cc \u062f\u0627\u0631\u0627\u06cc\u06cc \u0647\u0627", "code": "504", "explanation": null, "is_disabled": false, "max_bed": null, "max_bes": null, "max_bed_with_sanad": null, "max_bes_with_sanad": null, "created_at": "2019-04-02", "updated_at": null, "level": 1, "type": 36, "costCenterGroup": null, "floatAccountGroup": null, "parent": 5}}, {"model": "accounts.account", "pk": 39, "fields": {"name": "\u0633\u0648\u062f\u0648\u0632\u06cc\u0627\u0646 \u0627\u0646\u0628\u0627\u0634\u062a\u0647", "code": "505", "explanation": null, "is_disabled": false, "max_bed": null, "max_bes": null, "max_bed_with_sanad": null, "max_bes_with_sanad": null, "created_at": "2019-03-08", "updated_at": null, "level": 1, "type": 36, "costCenterGroup": null, "floatAccountGroup": null, "parent": 5}}, {"model": "accounts.account", "pk": 40, "fields": {"name": "\u0641\u0631\u0648\u0634", "code": "601", "explanation": null, "is_disabled": false, "max_bed": null, "max_bes": null, "max_bed_with_sanad": null, "max_bes_with_sanad": null, "created_at": "2019-03-08", "updated_at": null, "level": 1, "type": 1, "costCenterGroup": null, "floatAccountGroup": null, "parent": 6}}, {"model": "accounts.account", "pk": 41, "fields": {"name": "\u062f\u0631\u0627\u0645\u062f\u062d\u0627\u0635\u0644 \u0627\u0632 \u0627\u0631\u0627\u0626\u0647 \u062e\u062f\u0645\u0627\u062a", "code": "602", "explanation": null, "is_disabled": false, "max_bed": null, "max_bes": null, "max_bed_with_sanad": null, "max_bes_with_sanad": null, "created_at": "2019-03-08", "updated_at": null, "level": 1, "type": 1, "costCenterGroup": null, "floatAccountGroup": null, "parent": 6}}, {"model": "accounts.account", "pk": 42, "fields": {"name": "\u0633\u0627\u06cc\u0631\u062f\u0631\u0627\u0645\u062f\u0647\u0627\u06cc \u0639\u0645\u0644\u06cc\u0627\u062a\u06cc", "code": "603", "explanation": null, "is_disabled": false, "max_bed": null, "max_bes": null, "max_bed_with_sanad": null, "max_bes_with_sanad": null, "created_at": "2019-03-11", "updated_at": null, "level": 1, "type": 3, "costCenterGroup": null, "floatAccountGroup": null, "parent": 6}}, {"model": "accounts.account", "pk": 43, "fields": {"name": "\u0633\u0627\u06cc\u0631\u062f\u0631\u0627\u0645\u062f\u0647\u0627\u06cc \u063a\u06cc\u0631\u0639\u0645\u0644\u06cc\u0627\u062a\u06cc", "code": "604", "explanation": null, "is_disabled": false, "max_bed": null, "max_bes": null, "max_bed_with_sanad": null, "max_bes_with_sanad": null, "created_at": "2019-03-08", "updated_at": null, "level": 1, "type": 12, "costCenterGroup": null, "floatAccountGroup": null, "parent": 6}}, {"model": "accounts.account", "pk": 44, "fields": {"name": "\u0628\u0647\u0627\u06cc \u062a\u0645\u0627\u0645 \u0634\u062f\u0647 \u06a9\u0627\u0644\u0627\u06cc \u0641\u0631\u0648\u0634 \u0631\u0641\u062a\u0647", "code": "701", "explanation": null, "is_disabled": false, "max_bed": null, "max_bes": null, "max_bed_with_sanad": null, "max_bes_with_sanad": null, "created_at": "2019-04-02", "updated_at": null, "level": 1, "type": 4, "costCenterGroup": null, "floatAccountGroup": null, "parent": 7}}, {"model": "accounts.account", "pk": 46, "fields": {"name": "\u0647\u0632\u06cc\u0646\u0647 \u062d\u0642\u0648\u0642 \u0648 \u062f\u0633\u062a\u0645\u0632\u062f \u06a9\u0627\u0631\u06a9\u0646\u0627\u0646", "code": "801", "explanation": null, "is_disabled": false, "max_bed": null, "max_bes": null, "max_bed_with_sanad": null, "max_bes_with_sanad": null, "created_at": "2019-04-02", "updated_at": null, "level": 1, "type": 11, "costCenterGroup": null, "floatAccountGroup": null, "parent": 8}}, {"model": "accounts.account", "pk": 47, "fields": {"name": "\u0647\u0632\u06cc\u0646\u0647 \u0647\u0627\u06cc \u0639\u0645\u0644\u06cc\u0627\u062a\u06cc", "code": "802", "explanation": null, "is_disabled": false, "max_bed": null, "max_bes": null, "max_bed_with_sanad": null, "max_bes_with_sanad": null, "created_at": "2019-03-08", "updated_at": null, "level": 1, "type": 11, "costCenterGroup": null, "floatAccountGroup": null, "parent": 8}}, {"model": "accounts.account", "pk": 48, "fields": {"name": "\u0633\u0627\u06cc\u0631\u0647\u0632\u06cc\u0646\u0647 \u0647\u0627\u06cc \u0639\u0645\u0644\u06cc\u0627\u062a\u06cc", "code": "803", "explanation": null, "is_disabled": false, "max_bed": null, "max_bes": null, "max_bed_with_sanad": null, "max_bes_with_sanad": null, "created_at": "2019-03-08", "updated_at": null, "level": 1, "type": 11, "costCenterGroup": null, "floatAccountGroup": null, "parent": 8}}, {"model": "accounts.account", "pk": 49, "fields": {"name": "\u0647\u0632\u06cc\u0646\u0647 \u0647\u0627\u06cc \u0645\u0627\u0644\u06cc", "code": "804", "explanation": null, "is_disabled": false, "max_bed": null, "max_bes": null, "max_bed_with_sanad": null, "max_bes_with_sanad": null, "created_at": "2019-03-08", "updated_at": null, "level": 1, "type": 11, "costCenterGroup": null, "floatAccountGroup": null, "parent": 8}}, {"model": "accounts.account", "pk": 50, "fields": {"name": "\u0647\u0632\u06cc\u0646\u0647 \u0647\u0627\u06cc \u062a\u0648\u0632\u06cc\u0639 \u0648 \u0641\u0631\u0648\u0634 \u0648 \u0628\u0627\u0632\u0627\u0631 \u06cc\u0627\u0628\u06cc", "code": "805", "explanation": null, "is_disabled": false, "max_bed": null, "max_bes": null, "max_bed_with_sanad": null, "max_bes_with_sanad": null, "created_at": "2019-04-02", "updated_at": null, "level": 1, "type": 11, "costCenterGroup": null, "floatAccountGroup": null, "parent": 8}}, {"model": "accounts.account", "pk": 51, "fields": {"name": "\u062d\u0633\u0627\u0628 \u0647\u0627\u06cc \u0627\u0646\u062a\u0638\u0627\u0645\u06cc", "code": "901", "explanation": null, "is_disabled": false, "max_bed": null, "max_bes": null, "max_bed_with_sanad": null, "max_bes_with_sanad": null, "created_at": "2019-03-12", "updated_at": null, "level": 1, "type": 39, "costCenterGroup": null, "floatAccountGroup": null, "parent": 9}}, {"model": "accounts.account", "pk": 52, "fields": {"name": "\u0637\u0631\u0641 \u062d\u0633\u0627\u0628 \u0647\u0627\u06cc \u0627\u0646\u062a\u0638\u0627\u0645\u06cc", "code": "902", "explanation": null, "is_disabled": false, "max_bed": null, "max_bes": null, "max_bed_with_sanad": null, "max_bes_with_sanad": null, "created_at": "2019-03-12", "updated_at": null, "level": 1, "type": 39, "costCenterGroup": null, "floatAccountGroup": null, "parent": 9}}, {"model": "accounts.account", "pk": 53, "fields": {"name": "\u062a\u0631\u0627\u0632\u0627\u0641\u062a\u062a\u0627\u062d\u06cc\u0647", "code": "903", "explanation": null, "is_disabled": false, "max_bed": null, "max_bes": null, "max_bed_with_sanad": null, "max_bes_with_sanad": null, "created_at": "2019-03-12", "updated_at": null, "level": 1, "type": 39, "costCenterGroup": null, "floatAccountGroup": null, "parent": 9}}, {"model": "accounts.account", "pk": 54, "fields": {"name": "\u062a\u0631\u0627\u0632\u0627\u062e\u062a\u062a\u0627\u0645\u06cc\u0647", "code": "904", "explanation": null, "is_disabled": false, "max_bed": null, "max_bes": null, "max_bed_with_sanad": null, "max_bes_with_sanad": null, "created_at": "2019-03-12", "updated_at": null, "level": 1, "type": 39, "costCenterGroup": null, "floatAccountGroup": null, "parent": 9}}, {"model": "accounts.account", "pk": 55, "fields": {"name": "\u0645\u0648\u062c\u0648\u062f\u06cc \u0628\u0627\u0646\u06a9\u0647\u0627", "code": "10101", "explanation": null, "is_disabled": false, "max_bed": null, "max_bes": null, "max_bed_with_sanad": null, "max_bes_with_sanad": null, "created_at": null, "updated_at": null, "level": 2, "type": 14, "costCenterGroup": null, "floatAccountGroup": null, "parent": 10}}, {"model": "accounts.account", "pk": 56, "fields": {"name": "\u0645\u0648\u062c\u0648\u062f\u06cc \u0635\u0646\u062f\u0648\u0642 \u0647\u0627", "code": "10102", "explanation": null, "is_disabled": false, "max_bed": null, "max_bes": null, "max_bed_with_sanad": null, "max_bes_with_sanad": null, "created_at": "2019-03-31", "updated_at": null, "level": 2, "type": 14, "costCenterGroup": null, "floatAccountGroup": null, "parent": 10}}, {"model": "accounts.account", "pk": 57, "fields": {"name": "\u0645\u0648\u062c\u0648\u062f\u06cc \u0646\u0632\u062f \u062a\u0646\u062e\u0648\u0627\u0647 \u06af\u0631\u062f\u0627\u0646", "code": "10103", "explanation": null, "is_disabled": false, "max_bed": null, "max_bes": null, "max_bed_with_sanad": null, "max_bes_with_sanad": null, "created_at": null, "updated_at": null, "level": 2, "type": 14, "costCenterGroup": null, "floatAccountGroup": null, "parent": 10}}, {"model": "accounts.account", "pk": 58, "fields": {"name": "\u0627\u0633\u0646\u0627\u062f\u0648\u0627\u0648\u0631\u0627\u0642 \u0628\u0647\u0627\u062f\u0627\u0631 \u0646\u0632\u062f\u0635\u0646\u062f\u0648\u0642", "code": "10104", "explanation": null, "is_disabled": false, "max_bed": null, "max_bes": null, "max_bed_with_sanad": null, "max_bes_with_sanad": null, "created_at": null, "updated_at": null, "level": 2, "type": 14, "costCenterGroup": null, "floatAccountGroup": null, "parent": 10}}, {"model": "accounts.account", "pk": 59, "fields": {"name": "\u0648\u062c\u0648\u0647 \u062f\u0631 \u0631\u0627\u0647", "code": "10105", "explanation": null, "is_disabled": false, "max_bed": null, "max_bes": null, "max_bed_with_sanad": null, "max_bes_with_sanad": null, "created_at": null, "updated_at": null, "level": 2, "type": 14, "costCenterGroup": null, "floatAccountGroup": null, "parent": 10}}, {"model": "accounts.account", "pk": 60, "fields": {"name": "\u0645\u0648\u062c\u0648\u062f\u06cc \u0648\u0627\u0631\u06cc\u0632\u06cc \u0646\u0627\u0645\u0647 \u0647\u0627\u06cc \u0627\u0631\u0632\u06cc", "code": "10106", "explanation": null, "is_disabled": false, "max_bed": null, "max_bes": null, "max_bed_with_sanad": null, "max_bes_with_sanad": null, "created_at": null, "updated_at": null, "level": 2, "type": 14, "costCenterGroup": null, "floatAccountGroup": null, "parent": 10}}, {"model": "accounts.account", "pk": 61, "fields": {"name": "\u0645\u0633\u06a9\u0648\u06a9\u0627\u062a", "code": "10107", "explanation": null, "is_disabled": false, "max_bed": null, "max_bes": null, "max_bed_with_sanad": null, "max_bes_with_sanad": null, "created_at": null, "updated_at": null, "level": 2, "type": 14, "costCenterGroup": null, "floatAccountGroup": null, "parent": 10}}, {"model": "accounts.account", "pk": 62, "fields": {"name": "\u0633\u067e\u0631\u062f\u0647 \u0633\u0631\u0645\u0627\u06cc\u0647 \u06af\u0630\u0627\u0631\u06cc", "code": "10201", "explanation": null, "is_disabled": false, "max_bed": null, "max_bes": null, "max_bed_with_sanad": null, "max_bes_with_sanad": null, "created_at": null, "updated_at": null, "level": 2, "type": 15, "costCenterGroup": null, "floatAccountGroup": null, "parent": 11}}, {"model": "accounts.account", "pk": 63, "fields": {"name": "\u0633\u0631\u0645\u0627\u06cc\u0647 \u06af\u0630\u0627\u0631\u06cc \u062f\u0631 \u0633\u0647\u0627\u0645", "code": "10202", "explanation": null, "is_disabled": false, "max_bed": null, "max_bes": null, "max_bed_with_sanad": null, "max_bes_with_sanad": null, "created_at": null, "updated_at": null, "level": 2, "type": 15, "costCenterGroup": null, "floatAccountGroup": null, "parent": 11}}, {"model": "accounts.account", "pk": 64, "fields": {"name": "\u0633\u0631\u0645\u0627\u06cc\u0647 \u06af\u0630\u0627\u0631\u06cc \u062f\u0631 \u0627\u0648\u0631\u0627\u0642 \u0645\u0634\u0627\u0631\u06a9\u062a", "code": "10203", "explanation": null, "is_disabled": false, "max_bed": null, "max_bes": null, "max_bed_with_sanad": null, "max_bes_with_sanad": null, "created_at": null, "updated_at": null, "level": 2, "type": 15, "costCenterGroup": null, "floatAccountGroup": null, "parent": 11}}, {"model": "accounts.account", "pk": 65, "fields": {"name": "\u062d\u0633\u0627\u0628 \u0647\u0627\u06cc \u062f\u0631\u06cc\u0627\u0641\u062a\u0646\u06cc \u062a\u062c\u0627\u0631\u06cc \u062d\u0642\u06cc\u0642\u06cc", "code": "10301", "explanation": null, "is_disabled": false, "max_bed": null, "max_bes": null, "max_bed_with_sanad": null, "max_bes_with_sanad": null, "created_at": null, "updated_at": null, "level": 2, "type": 16, "costCenterGroup": null, "floatAccountGroup": null, "parent": 12}}, {"model": "accounts.account", "pk": 66, "fields": {"name": "\u062d\u0633\u0627\u0628 \u0647\u0627\u06cc \u062f\u0631\u06cc\u0627\u0641\u062a\u0646\u06cc \u062a\u062c\u0627\u0631\u06cc \u062d\u0642\u0648\u0642\u06cc", "code": "10302", "explanation": null, "is_disabled": false, "max_bed": null, "max_bes": null, "max_bed_with_sanad": null, "max_bes_with_sanad": null, "created_at": null, "updated_at": null, "level": 2, "type": 16, "costCenterGroup": null, "floatAccountGroup": null, "parent": 12}}, {"model": "accounts.account", "pk": 67, "fields": {"name": "\u0627\u0633\u0646\u0627\u062f\u062f\u0631\u06cc\u0627\u0641\u062a\u0646\u06cc \u062a\u062c\u0627\u0631\u06cc", "code": "10401", "explanation": null, "is_disabled": false, "max_bed": null, "max_bes": null, "max_bed_with_sanad": null, "max_bes_with_sanad": null, "created_at": null, "updated_at": null, "level": 2, "type": 16, "costCenterGroup": null, "floatAccountGroup": null, "parent": 13}}, {"model": "accounts.account", "pk": 68, "fields": {"name": "\u0633\u0627\u06cc\u0631\u062d\u0633\u0627\u0628 \u0647\u0627\u06cc \u062f\u0631\u06cc\u0627\u0641\u062a\u0646\u06cc", "code": "10501", "explanation": null, "is_disabled": false, "max_bed": null, "max_bes": null, "max_bed_with_sanad": null, "max_bes_with_sanad": null, "created_at": null, "updated_at": null, "level": 2, "type": 16, "costCenterGroup": null, "floatAccountGroup": null, "parent": 14}}, {"model": "accounts.account", "pk": 69, "fields": {"name": "\u062d\u0642 \u0627\u0644\u0639\u0645\u0644 \u06a9\u0627\u0631\u0627\u0646", "code": "10502", "explanation": null, "is_disabled": false, "max_bed": null, "max_bes": null, "max_bed_with_sanad": null, "max_bes_with_sanad": null, "created_at": null, "updated_at": null, "level": 2, "type": 16, "costCenterGroup": null, "floatAccountGroup": null, "parent": 14}}, {"model": "accounts.account", "pk": 70, "fields": {"name": "\u062a\u0631\u062e\u06cc\u0635 \u06a9\u0627\u0631\u0627\u0646 \u06af\u0645\u0631\u06a9\u06cc", "code": "10503", "explanation": null, "is_disabled": false, "max_bed": null, "max_bes": null, "max_bed_with_sanad": null, "max_bes_with_sanad": null, "created_at": null, "updated_at": null, "level": 2, "type": 16, "costCenterGroup": null, "floatAccountGroup": null, "parent": 14}}, {"model": "accounts.account", "pk": 71, "fields": {"name": "\u0648\u0627\u0645 \u0636\u0631\u0648\u0631\u06cc \u06a9\u0627\u0631\u06a9\u0646\u0627\u0646", "code": "10504", "explanation": null, "is_disabled": false, "max_bed": null, "max_bes": null, "max_bed_with_sanad": null, "max_bes_with_sanad": null, "created_at": null, "updated_at": null, "level": 2, "type": 16, "costCenterGroup": null, "floatAccountGroup": null, "parent": 14}}, {"model": "accounts.account", "pk": 72, "fields": {"name": "\u0645\u0633\u0627\u0639\u062f\u0647 \u06a9\u0627\u0631\u06a9\u0646\u0627\u0646", "code": "10505", "explanation": null, "is_disabled": false, "max_bed": null, "max_bes": null, "max_bed_with_sanad": null, "max_bes_with_sanad": null, "created_at": null, "updated_at": null, "level": 2, "type": 16, "costCenterGroup": null, "floatAccountGroup": null, "parent": 14}}, {"model": "accounts.account", "pk": 73, "fields": {"name": "\u0633\u067e\u0631\u062f\u0647 \u0647\u0627\u06cc \u0645\u0648\u0642\u062a", "code": "10506", "explanation": null, "is_disabled": false, "max_bed": null, "max_bes": null, "max_bed_with_sanad": null, "max_bes_with_sanad": null, "created_at": null, "updated_at": null, "level": 2, "type": 16, "costCenterGroup": null, "floatAccountGroup": null, "parent": 14}}, {"model": "accounts.account", "pk": 74, "fields": {"name": "\u0637\u0644\u0628 \u0627\u0632 \u0633\u0627\u06cc\u0631 \u0627\u0634\u062e\u0627\u0635 \u0648\u0627\u0628\u0633\u062a\u0647", "code": "10507", "explanation": null, "is_disabled": false, "max_bed": null, "max_bes": null, "max_bed_with_sanad": null, "max_bes_with_sanad": null, "created_at": null, "updated_at": null, "level": 2, "type": 16, "costCenterGroup": null, "floatAccountGroup": null, "parent": 14}}, {"model": "accounts.account", "pk": 75, "fields": {"name": "\u062e\u0633\u0627\u0631\u0627\u062a \u0642\u0627\u0628\u0644 \u062f\u0631\u06cc\u0627\u0641\u062a \u0627\u0632\u0628\u06cc\u0645\u0647", "code": "10508", "explanation": null, "is_disabled": false, "max_bed": null, "max_bes": null, "max_bed_with_sanad": null, "max_bes_with_sanad": null, "created_at": null, "updated_at": null, "level": 2, "type": 16, "costCenterGroup": null, "floatAccountGroup": null, "parent": 14}}, {"model": "accounts.account", "pk": 76, "fields": {"name": "\u0645\u0648\u062c\u0648\u062f\u06cc \u0645\u0648\u0627\u062f \u0627\u0648\u0644\u06cc\u0647 ", "code": "10601", "explanation": null, "is_disabled": false, "max_bed": null, "max_bes": null, "max_bed_with_sanad": null, "max_bes_with_sanad": null, "created_at": null, "updated_at": null, "level": 2, "type": 18, "costCenterGroup": null, "floatAccountGroup": null, "parent": 15}}, {"model": "accounts.account", "pk": 77, "fields": {"name": "\u0645\u0648\u062c\u0648\u062f\u06cc \u0645\u0648\u0627\u062f \u06a9\u0645\u06a9\u06cc", "code": "10602", "explanation": null, "is_disabled": false, "max_bed": null, "max_bes": null, "max_bed_with_sanad": null, "max_bes_with_sanad": null, "created_at": null, "updated_at": null, "level": 2, "type": 18, "costCenterGroup": null, "floatAccountGroup": null, "parent": 15}}, {"model": "accounts.account", "pk": 78, "fields": {"name": "\u0645\u0648\u062c\u0648\u062f\u06cc \u06a9\u0627\u0644\u0627\u06cc \u062f\u0631 \u062c\u0631\u06cc\u0627\u0646 \u0633\u0627\u062e\u062a", "code": "10603", "explanation": null, "is_disabled": false, "max_bed": null, "max_bes": null, "max_bed_with_sanad": null, "max_bes_with_sanad": null, "created_at": null, "updated_at": null, "level": 2, "type": 18, "costCenterGroup": null, "floatAccountGroup": null, "parent": 15}}, {"model": "accounts.account", "pk": 79, "fields": {"name": "\u0645\u0648\u062c\u0648\u062f\u06cc \u0645\u062d\u0635\u0648\u0644", "code": "10604", "explanation": null, "is_disabled": false, "max_bed": null, "max_bes": null, "max_bed_with_sanad": null, "max_bes_with_sanad": null, "created_at": null, "updated_at": null, "level": 2, "type": 18, "costCenterGroup": null, "floatAccountGroup": null, "parent": 15}}, {"model": "accounts.account", "pk": 80, "fields": {"name": "\u0645\u0648\u062c\u0648\u062f\u06cc \u0627\u0646\u0628\u0627\u0631\u0642\u0637\u0639\u0627\u062a", "code": "10605", "explanation": null, "is_disabled": false, "max_bed": null, "max_bes": null, "max_bed_with_sanad": null, "max_bes_with_sanad": null, "created_at": null, "updated_at": null, "level": 2, "type": 18, "costCenterGroup": null, "floatAccountGroup": null, "parent": 15}}, {"model": "accounts.account", "pk": 81, "fields": {"name": "\u0645\u0648\u062c\u0648\u062f\u06cc \u0645\u0648\u0627\u062f\u0645\u0635\u0631\u0641\u06cc \u0648\u06cc\u062f\u06a9\u06cc", "code": "10606", "explanation": null, "is_disabled": false, "max_bed": null, "max_bes": null, "max_bed_with_sanad": null, "max_bes_with_sanad": null, "created_at": null, "updated_at": null, "level": 2, "type": 18, "costCenterGroup": null, "floatAccountGroup": null, "parent": 15}}, {"model": "accounts.account", "pk": 82, "fields": {"name": "\u0645\u062e\u0627\u0631\u062c \u062e\u0631\u06cc\u062f \u06a9\u0627\u0644\u0627 \u0648 \u0645\u0648\u0627\u062f", "code": "10607", "explanation": null, "is_disabled": false, "max_bed": null, "max_bes": null, "max_bed_with_sanad": null, "max_bes_with_sanad": null, "created_at": "2019-04-02", "updated_at": null, "level": 2, "type": 18, "costCenterGroup": null, "floatAccountGroup": null, "parent": 15}}, {"model": "accounts.account", "pk": 83, "fields": {"name": "\u0645\u0648\u062c\u0648\u062f\u06cc \u0627\u0646\u0628\u0627\u0631 \u0645\u062a\u0641\u0631\u0642\u0647", "code": "10608", "explanation": null, "is_disabled": false, "max_bed": null, "max_bes": null, "max_bed_with_sanad": null, "max_bes_with_sanad": null, "created_at": null, "updated_at": null, "level": 2, "type": 18, "costCenterGroup": null, "floatAccountGroup": null, "parent": 15}}, {"model": "accounts.account", "pk": 84, "fields": {"name": "\u067e\u06cc\u0634 \u067e\u0631\u062f\u0627\u062e\u062a \u062e\u0631\u06cc\u062f \u0642\u0637\u0639\u0627\u062a \u0648\u0644\u0648\u0627\u0632\u0645 \u06cc\u062f\u06a9\u06cc", "code": "10701", "explanation": null, "is_disabled": false, "max_bed": null, "max_bes": null, "max_bed_with_sanad": null, "max_bes_with_sanad": null, "created_at": null, "updated_at": null, "level": 2, "type": 19, "costCenterGroup": null, "floatAccountGroup": null, "parent": 16}}, {"model": "accounts.account", "pk": 85, "fields": {"name": "\u067e\u06cc\u0634 \u067e\u0631\u062f\u0627\u062e\u062a \u0645\u0627\u0644\u06cc\u0627\u062a", "code": "10702", "explanation": null, "is_disabled": false, "max_bed": null, "max_bes": null, "max_bed_with_sanad": null, "max_bes_with_sanad": null, "created_at": null, "updated_at": null, "level": 2, "type": 19, "costCenterGroup": null, "floatAccountGroup": null, "parent": 16}}, {"model": "accounts.account", "pk": 86, "fields": {"name": "\u067e\u06cc\u0634 \u067e\u0631\u062f\u0627\u062e\u062a \u0627\u062c\u0627\u0631\u0647", "code": "10703", "explanation": null, "is_disabled": false, "max_bed": null, "max_bes": null, "max_bed_with_sanad": null, "max_bes_with_sanad": null, "created_at": null, "updated_at": null, "level": 2, "type": 19, "costCenterGroup": null, "floatAccountGroup": null, "parent": 16}}, {"model": "accounts.account", "pk": 87, "fields": {"name": "\u067e\u06cc\u0634 \u067e\u0631\u062f\u0627\u062e\u062a \u0628\u06cc\u0645\u0647", "code": "10704", "explanation": null, "is_disabled": false, "max_bed": null, "max_bes": null, "max_bed_with_sanad": null, "max_bes_with_sanad": null, "created_at": null, "updated_at": null, "level": 2, "type": 19, "costCenterGroup": null, "floatAccountGroup": null, "parent": 16}}, {"model": "accounts.account", "pk": 88, "fields": {"name": "\u067e\u06cc\u0634 \u067e\u0631\u062f\u0627\u062e\u062a \u062e\u062f\u0645\u0627\u062a", "code": "10705", "explanation": null, "is_disabled": false, "max_bed": null, "max_bes": null, "max_bed_with_sanad": null, "max_bes_with_sanad": null, "created_at": null, "updated_at": null, "level": 2, "type": 19, "costCenterGroup": null, "floatAccountGroup": null, "parent": 16}}, {"model": "accounts.account", "pk": 89, "fields": {"name": "\u067e\u06cc\u0634 \u067e\u0631\u062f\u0627\u062e\u062a \u062d\u0633\u0646 \u0627\u0646\u062c\u0627\u0645 \u06a9\u0627\u0631", "code": "10706", "explanation": null, "is_disabled": false, "max_bed": null, "max_bes": null, "max_bed_with_sanad": null, "max_bes_with_sanad": null, "created_at": null, "updated_at": null, "level": 2, "type": 19, "costCenterGroup": null, "floatAccountGroup": null, "parent": 16}}, {"model": "accounts.account", "pk": 90, "fields": {"name": "\u067e\u06cc\u0634 \u067e\u0631\u062f\u0627\u062e\u062a \u062e\u0631\u06cc\u062f\u0645\u0648\u0627\u062f\u0627\u0648\u0644\u06cc\u0647", "code": "10707", "explanation": null, "is_disabled": false, "max_bed": null, "max_bes": null, "max_bed_with_sanad": null, "max_bes_with_sanad": null, "created_at": null, "updated_at": null, "level": 2, "type": 19, "costCenterGroup": null, "floatAccountGroup": null, "parent": 16}}, {"model": "accounts.account", "pk": 91, "fields": {"name": "\u067e\u06cc\u0634 \u067e\u0631\u062f\u0627\u062e\u062a \u062e\u0631\u06cc\u062f \u0627\u0645\u0648\u0627\u0644 \u0648\u0645\u0627\u0634\u06cc\u0646 \u0627\u0644\u0627\u062a \u0648\u062a\u062c\u0647\u06cc\u0632\u0627\u062a", "code": "10708", "explanation": null, "is_disabled": false, "max_bed": null, "max_bes": null, "max_bed_with_sanad": null, "max_bes_with_sanad": null, "created_at": null, "updated_at": null, "level": 2, "type": 19, "costCenterGroup": null, "floatAccountGroup": null, "parent": 16}}, {"model": "accounts.account", "pk": 93, "fields": {"name": "\u0632\u0645\u06cc\u0646 ", "code": "20101", "explanation": null, "is_disabled": false, "max_bed": null, "max_bes": null, "max_bed_with_sanad": null, "max_bes_with_sanad": null, "created_at": null, "updated_at": null, "level": 2, "type": 20, "costCenterGroup": null, "floatAccountGroup": null, "parent": 17}}, {"model": "accounts.account", "pk": 94, "fields": {"name": "\u0633\u0627\u062e\u062a\u0645\u0627\u0646", "code": "20102", "explanation": null, "is_disabled": false, "max_bed": null, "max_bes": null, "max_bed_with_sanad": null, "max_bes_with_sanad": null, "created_at": null, "updated_at": null, "level": 2, "type": 20, "costCenterGroup": null, "floatAccountGroup": null, "parent": 17}}, {"model": "accounts.account", "pk": 95, "fields": {"name": "\u0645\u0627\u0634\u06cc\u0646 \u0627\u0644\u0627\u062a \u0648\u062a\u062c\u0647\u06cc\u0632\u0627\u062a", "code": "20103", "explanation": null, "is_disabled": false, "max_bed": null, "max_bes": null, "max_bed_with_sanad": null, "max_bes_with_sanad": null, "created_at": null, "updated_at": null, "level": 2, "type": 20, "costCenterGroup": null, "floatAccountGroup": null, "parent": 17}}, {"model": "accounts.account", "pk": 96, "fields": {"name": "\u0648\u0633\u0627\u0626\u0637 \u0646\u0642\u0644\u06cc\u0647", "code": "20104", "explanation": null, "is_disabled": false, "max_bed": null, "max_bes": null, "max_bed_with_sanad": null, "max_bes_with_sanad": null, "created_at": null, "updated_at": null, "level": 2, "type": 20, "costCenterGroup": null, "floatAccountGroup": null, "parent": 17}}, {"model": "accounts.account", "pk": 97, "fields": {"name": "\u062a\u0627\u0633\u06cc\u0633\u0627\u062a", "code": "20105", "explanation": null, "is_disabled": false, "max_bed": null, "max_bes": null, "max_bed_with_sanad": null, "max_bes_with_sanad": null, "created_at": null, "updated_at": null, "level": 2, "type": 20, "costCenterGroup": null, "floatAccountGroup": null, "parent": 17}}, {"model": "accounts.account", "pk": 98, "fields": {"name": "\u062f\u0627\u0631\u0627\u06cc\u06cc \u062f\u0631 \u062c\u0631\u06cc\u0627\u0646 \u062a\u06a9\u0645\u06cc\u0644", "code": "20106", "explanation": null, "is_disabled": false, "max_bed": null, "max_bes": null, "max_bed_with_sanad": null, "max_bes_with_sanad": null, "created_at": null, "updated_at": null, "level": 2, "type": 20, "costCenterGroup": null, "floatAccountGroup": null, "parent": 17}}, {"model": "accounts.account", "pk": 99, "fields": {"name": "\u0627\u062b\u0627\u062b\u06cc\u0647 \u0648\u0645\u0646\u0635\u0648\u0628\u0627\u062a", "code": "20107", "explanation": null, "is_disabled": false, "max_bed": null, "max_bes": null, "max_bed_with_sanad": null, "max_bes_with_sanad": null, "created_at": null, "updated_at": null, "level": 2, "type": 20, "costCenterGroup": null, "floatAccountGroup": null, "parent": 17}}, {"model": "accounts.account", "pk": 100, "fields": {"name": "\u0627\u0628\u0632\u0627\u0631\u0627\u0644\u0627\u062a \u0648\u0642\u0627\u0644\u0628 \u0647\u0627", "code": "20108", "explanation": null, "is_disabled": false, "max_bed": null, "max_bes": null, "max_bed_with_sanad": null, "max_bes_with_sanad": null, "created_at": null, "updated_at": null, "level": 2, "type": 20, "costCenterGroup": null, "floatAccountGroup": null, "parent": 17}}, {"model": "accounts.account", "pk": 101, "fields": {"name": "\u0627\u0633\u062a\u0647\u0644\u0627\u06a9 \u0627\u0646\u0628\u0627\u0634\u062a\u0647 \u0633\u0627\u062e\u062a\u0645\u0627\u0646", "code": "20201", "explanation": null, "is_disabled": false, "max_bed": null, "max_bes": null, "max_bed_with_sanad": null, "max_bes_with_sanad": null, "created_at": null, "updated_at": null, "level": 2, "type": 38, "costCenterGroup": null, "floatAccountGroup": null, "parent": 18}}, {"model": "accounts.account", "pk": 102, "fields": {"name": "\u0627\u0633\u062a\u0647\u0644\u0627\u06a9 \u0627\u0646\u0628\u0627\u0634\u062a\u0647 \u0645\u0627\u0634\u06cc\u0646 \u0627\u0644\u0627\u062a", "code": "20202", "explanation": null, "is_disabled": false, "max_bed": null, "max_bes": null, "max_bed_with_sanad": null, "max_bes_with_sanad": null, "created_at": null, "updated_at": null, "level": 2, "type": 38, "costCenterGroup": null, "floatAccountGroup": null, "parent": 18}}, {"model": "accounts.account", "pk": 103, "fields": {"name": "\u0627\u0633\u062a\u0647\u0644\u0627\u06a9 \u0627\u0646\u0628\u0627\u0634\u062a\u0647 \u0627\u0628\u0632\u0627\u0631\u0627\u0644\u0627\u062a", "code": "20203", "explanation": null, "is_disabled": false, "max_bed": null, "max_bes": null, "max_bed_with_sanad": null, "max_bes_with_sanad": null, "created_at": null, "updated_at": null, "level": 2, "type": 38, "costCenterGroup": null, "floatAccountGroup": null, "parent": 18}}, {"model": "accounts.account", "pk": 104, "fields": {"name": "\u0627\u0633\u062a\u0647\u0644\u0627\u06a9 \u0627\u0646\u0628\u0627\u0634\u062a\u0647 \u062a\u0627\u0633\u06cc\u0633\u0627\u062a", "code": "20204", "explanation": null, "is_disabled": false, "max_bed": null, "max_bes": null, "max_bed_with_sanad": null, "max_bes_with_sanad": null, "created_at": null, "updated_at": null, "level": 2, "type": 38, "costCenterGroup": null, "floatAccountGroup": null, "parent": 18}}, {"model": "accounts.account", "pk": 105, "fields": {"name": "\u0627\u0633\u062a\u0647\u0644\u0627\u06a9 \u0627\u0646\u0628\u0627\u0634\u062a\u0647 \u0648\u0633\u0627\u0626\u0637 \u0646\u0642\u0644\u06cc\u0647", "code": "20205", "explanation": null, "is_disabled": false, "max_bed": null, "max_bes": null, "max_bed_with_sanad": null, "max_bes_with_sanad": null, "created_at": null, "updated_at": null, "level": 2, "type": 38, "costCenterGroup": null, "floatAccountGroup": null, "parent": 18}}, {"model": "accounts.account", "pk": 106, "fields": {"name": "\u062d\u0642 \u0627\u0644\u0627\u0645\u062a\u06cc\u0627\u0632\u0627\u062a", "code": "20301", "explanation": null, "is_disabled": false, "max_bed": null, "max_bes": null, "max_bed_with_sanad": null, "max_bes_with_sanad": null, "created_at": null, "updated_at": null, "level": 2, "type": 21, "costCenterGroup": null, "floatAccountGroup": null, "parent": 19}}, {"model": "accounts.account", "pk": 107, "fields": {"name": "\u062d\u0642 \u0627\u0633\u062a\u0641\u0627\u062f\u0647 \u0627\u0632 \u062e\u062f\u0645\u0627\u062a \u0639\u0645\u0648\u0645\u06cc", "code": "20302", "explanation": null, "is_disabled": false, "max_bed": null, "max_bes": null, "max_bed_with_sanad": null, "max_bes_with_sanad": null, "created_at": null, "updated_at": null, "level": 2, "type": 21, "costCenterGroup": null, "floatAccountGroup": null, "parent": 19}}, {"model": "accounts.account", "pk": 108, "fields": {"name": "\u0633\u0631\u0642\u0641\u0644\u06cc \u0645\u062d\u0644 \u06a9\u0633\u0628", "code": "20303", "explanation": null, "is_disabled": false, "max_bed": null, "max_bes": null, "max_bed_with_sanad": null, "max_bes_with_sanad": null, "created_at": null, "updated_at": null, "level": 2, "type": 21, "costCenterGroup": null, "floatAccountGroup": null, "parent": 19}}, {"model": "accounts.account", "pk": 110, "fields": {"name": "\u0633\u0631\u0645\u0627\u06cc\u0647 \u06af\u0630\u0627\u0631\u06cc \u062f\u0631 \u0633\u0647\u0627\u0645", "code": "20401", "explanation": null, "is_disabled": false, "max_bed": null, "max_bes": null, "max_bed_with_sanad": null, "max_bes_with_sanad": null, "created_at": null, "updated_at": null, "level": 2, "type": 22, "costCenterGroup": null, "floatAccountGroup": null, "parent": 20}}, {"model": "accounts.account", "pk": 111, "fields": {"name": "\u0633\u0631\u0645\u0627\u06cc\u0647 \u06af\u0630\u0627\u0631\u06cc \u062f\u0631 \u0627\u0648\u0631\u0627\u0642 \u0645\u0634\u0627\u0631\u06a9\u062a", "code": "20402", "explanation": null, "is_disabled": false, "max_bed": null, "max_bes": null, "max_bed_with_sanad": null, "max_bes_with_sanad": null, "created_at": null, "updated_at": null, "level": 2, "type": 22, "costCenterGroup": null, "floatAccountGroup": null, "parent": 20}}, {"model": "accounts.account", "pk": 112, "fields": {"name": "\u0633\u067e\u0631\u062f\u0647 \u0647\u0627\u06cc \u0628\u0627\u0646\u06a9\u06cc", "code": "20501", "explanation": null, "is_disabled": false, "max_bed": null, "max_bes": null, "max_bed_with_sanad": null, "max_bes_with_sanad": null, "created_at": null, "updated_at": null, "level": 2, "type": 23, "costCenterGroup": null, "floatAccountGroup": null, "parent": 21}}, {"model": "accounts.account", "pk": 113, "fields": {"name": "\u0648\u0627\u0645 \u0647\u0627\u06cc \u0627\u0639\u0637\u0627\u06cc\u06cc", "code": "20502", "explanation": null, "is_disabled": false, "max_bed": null, "max_bes": null, "max_bed_with_sanad": null, "max_bes_with_sanad": null, "created_at": null, "updated_at": null, "level": 2, "type": 23, "costCenterGroup": null, "floatAccountGroup": null, "parent": 21}}, {"model": "accounts.account", "pk": 114, "fields": {"name": "\u0646\u0631\u0645 \u0627\u0641\u0632\u0627\u0631 \u0647\u0627", "code": "20503", "explanation": null, "is_disabled": false, "max_bed": null, "max_bes": null, "max_bed_with_sanad": null, "max_bes_with_sanad": null, "created_at": "2019-04-02", "updated_at": null, "level": 2, "type": 23, "costCenterGroup": null, "floatAccountGroup": null, "parent": 21}}, {"model": "accounts.account", "pk": 115, "fields": {"name": "\u062d\u0633\u0627\u0628 \u0647\u0627\u06cc \u067e\u0631\u062f\u0627\u062e\u062a\u0646\u06cc", "code": "30101", "explanation": null, "is_disabled": false, "max_bed": null, "max_bes": null, "max_bed_with_sanad": null, "max_bes_with_sanad": null, "created_at": "2019-03-10", "updated_at": null, "level": 2, "type": 24, "costCenterGroup": null, "floatAccountGroup": null, "parent": 22}}, {"model": "accounts.account", "pk": 116, "fields": {"name": "\u0627\u0633\u0646\u0627\u062f\u067e\u0631\u062f\u0627\u062e\u062a\u0646\u06cc \u062a\u062c\u0627\u0631\u06cc", "code": "30201", "explanation": null, "is_disabled": false, "max_bed": null, "max_bes": null, "max_bed_with_sanad": null, "max_bes_with_sanad": null, "created_at": null, "updated_at": null, "level": 2, "type": 24, "costCenterGroup": null, "floatAccountGroup": null, "parent": 23}}, {"model": "accounts.account", "pk": 117, "fields": {"name": "\u0633\u0627\u06cc\u0631\u062d\u0633\u0627\u0628 \u0648\u0627\u0633\u0646\u0627\u062f\u067e\u0631\u062f\u0627\u062e\u062a\u0646\u06cc", "code": "30301", "explanation": null, "is_disabled": false, "max_bed": null, "max_bes": null, "max_bed_with_sanad": null, "max_bes_with_sanad": null, "created_at": null, "updated_at": null, "level": 2, "type": 25, "costCenterGroup": null, "floatAccountGroup": null, "parent": 24}}, {"model": "accounts.account", "pk": 118, "fields": {"name": "\u062d\u0642\u0648\u0642 \u067e\u0631\u062f\u0627\u062e\u062a\u0646\u06cc", "code": "30302", "explanation": null, "is_disabled": false, "max_bed": null, "max_bes": null, "max_bed_with_sanad": null, "max_bes_with_sanad": null, "created_at": null, "updated_at": null, "level": 2, "type": 25, "costCenterGroup": null, "floatAccountGroup": null, "parent": 24}}, {"model": "accounts.account", "pk": 119, "fields": {"name": "\u0645\u0627\u0644\u06cc\u0627\u062a \u0647\u0627\u06cc \u062a\u06a9\u0644\u06cc\u0641\u06cc \u067e\u0631\u062f\u0627\u062e\u062a\u0646\u06cc", "code": "30303", "explanation": null, "is_disabled": false, "max_bed": null, "max_bes": null, "max_bed_with_sanad": null, "max_bes_with_sanad": null, "created_at": null, "updated_at": null, "level": 2, "type": 25, "costCenterGroup": null, "floatAccountGroup": null, "parent": 24}}, {"model": "accounts.account", "pk": 120, "fields": {"name": "\u0645\u0627\u0644\u06cc\u0627\u062a \u0628\u0631 \u062f\u0631\u0627\u0645\u062f \u0634\u0631\u06a9\u062a", "code": "30304", "explanation": null, "is_disabled": false, "max_bed": null, "max_bes": null, "max_bed_with_sanad": null, "max_bes_with_sanad": null, "created_at": null, "updated_at": null, "level": 2, "type": 25, "costCenterGroup": null, "floatAccountGroup": null, "parent": 24}}, {"model": "accounts.account", "pk": 121, "fields": {"name": "\u062d\u0642 \u0628\u06cc\u0645\u0647 \u067e\u0631\u062f\u0627\u062e\u062a\u0646\u06cc", "code": "30305", "explanation": null, "is_disabled": false, "max_bed": null, "max_bes": null, "max_bed_with_sanad": null, "max_bes_with_sanad": null, "created_at": null, "updated_at": null, "level": 2, "type": 25, "costCenterGroup": null, "floatAccountGroup": null, "parent": 24}}, {"model": "accounts.account", "pk": 122, "fields": {"name": "\u0639\u0648\u0627\u0631\u0636 \u0634\u0647\u0631\u062f\u0627\u0631\u06cc", "code": "30306", "explanation": null, "is_disabled": false, "max_bed": null, "max_bes": null, "max_bed_with_sanad": null, "max_bes_with_sanad": null, "created_at": null, "updated_at": null, "level": 2, "type": 25, "costCenterGroup": null, "floatAccountGroup": null, "parent": 24}}, {"model": "accounts.account", "pk": 123, "fields": {"name": "\u062c\u0627\u0631\u06cc \u0634\u0631\u06a9\u0627", "code": "30307", "explanation": null, "is_disabled": false, "max_bed": null, "max_bes": null, "max_bed_with_sanad": null, "max_bes_with_sanad": null, "created_at": null, "updated_at": null, "level": 2, "type": 25, "costCenterGroup": null, "floatAccountGroup": null, "parent": 24}}, {"model": "accounts.account", "pk": 125, "fields": {"name": "\u067e\u06cc\u0634 \u062f\u0631\u06cc\u0627\u0641\u062a \u0641\u0631\u0648\u0634", "code": "30401", "explanation": null, "is_disabled": false, "max_bed": null, "max_bes": null, "max_bed_with_sanad": null, "max_bes_with_sanad": null, "created_at": null, "updated_at": null, "level": 2, "type": 26, "costCenterGroup": null, "floatAccountGroup": null, "parent": 25}}, {"model": "accounts.account", "pk": 126, "fields": {"name": "\u067e\u06cc\u0634 \u062f\u0631\u06cc\u0627\u0641\u062a \u0627\u0631\u0627\u0626\u0647 \u062e\u062f\u0645\u0627\u062a", "code": "30402", "explanation": null, "is_disabled": false, "max_bed": null, "max_bes": null, "max_bed_with_sanad": null, "max_bes_with_sanad": null, "created_at": null, "updated_at": null, "level": 2, "type": 26, "costCenterGroup": null, "floatAccountGroup": null, "parent": 25}}, {"model": "accounts.account", "pk": 127, "fields": {"name": "\u0633\u0627\u06cc\u0631\u067e\u06cc\u0634 \u062f\u0631\u06cc\u0627\u0641\u062a \u0647\u0627", "code": "30403", "explanation": null, "is_disabled": false, "max_bed": null, "max_bes": null, "max_bed_with_sanad": null, "max_bes_with_sanad": null, "created_at": null, "updated_at": null, "level": 2, "type": 26, "costCenterGroup": null, "floatAccountGroup": null, "parent": 25}}, {"model": "accounts.account", "pk": 129, "fields": {"name": "\u0633\u067e\u0631\u062f\u0647 \u062d\u0633\u0646 \u0627\u0646\u062c\u0627\u0645 \u06a9\u0627\u0631", "code": "30601", "explanation": null, "is_disabled": false, "max_bed": null, "max_bes": null, "max_bed_with_sanad": null, "max_bes_with_sanad": null, "created_at": null, "updated_at": null, "level": 2, "type": 24, "costCenterGroup": null, "floatAccountGroup": null, "parent": 27}}, {"model": "accounts.account", "pk": 130, "fields": {"name": "\u0633\u067e\u0631\u062f\u0647 \u062d\u0633\u0646 \u0627\u0646\u062c\u0627\u0645 \u062a\u0639\u0647\u062f\u0627\u062a", "code": "30602", "explanation": null, "is_disabled": false, "max_bed": null, "max_bes": null, "max_bed_with_sanad": null, "max_bes_with_sanad": null, "created_at": null, "updated_at": null, "level": 2, "type": 24, "costCenterGroup": null, "floatAccountGroup": null, "parent": 27}}, {"model": "accounts.account", "pk": 131, "fields": {"name": "\u0633\u067e\u0631\u062f\u0647 \u062f\u0631\u06cc\u0627\u0641\u062a\u06cc \u0645\u0646\u0627\u0642\u0635\u0647", "code": "30603", "explanation": null, "is_disabled": false, "max_bed": null, "max_bes": null, "max_bed_with_sanad": null, "max_bes_with_sanad": null, "created_at": null, "updated_at": null, "level": 2, "type": 24, "costCenterGroup": null, "floatAccountGroup": null, "parent": 27}}, {"model": "accounts.account", "pk": 132, "fields": {"name": "\u0633\u0627\u06cc\u0631\u0633\u067e\u0631\u062f\u0647 \u0647\u0627\u06cc \u062f\u0631\u06cc\u0627\u0641\u062a\u06cc", "code": "30604", "explanation": null, "is_disabled": false, "max_bed": null, "max_bes": null, "max_bed_with_sanad": null, "max_bes_with_sanad": null, "created_at": null, "updated_at": null, "level": 2, "type": 24, "costCenterGroup": null, "floatAccountGroup": null, "parent": 27}}, {"model": "accounts.account", "pk": 133, "fields": {"name": "\u0641\u0631\u0648\u0634 \u0627\u0642\u0633\u0627\u0637\u06cc", "code": "30701", "explanation": null, "is_disabled": false, "max_bed": null, "max_bes": null, "max_bed_with_sanad": null, "max_bes_with_sanad": null, "created_at": null, "updated_at": null, "level": 2, "type": 29, "costCenterGroup": null, "floatAccountGroup": null, "parent": 28}}, {"model": "accounts.account", "pk": 134, "fields": {"name": "\u0645\u0634\u0627\u0631\u06a9\u062a \u0645\u062f\u0646\u06cc", "code": "30702", "explanation": null, "is_disabled": false, "max_bed": null, "max_bes": null, "max_bed_with_sanad": null, "max_bes_with_sanad": null, "created_at": null, "updated_at": null, "level": 2, "type": 29, "costCenterGroup": null, "floatAccountGroup": null, "parent": 28}}, {"model": "accounts.account", "pk": 135, "fields": {"name": "\u0645\u0636\u0627\u0631\u0628\u0647", "code": "30703", "explanation": null, "is_disabled": false, "max_bed": null, "max_bes": null, "max_bed_with_sanad": null, "max_bes_with_sanad": null, "created_at": null, "updated_at": null, "level": 2, "type": 29, "costCenterGroup": null, "floatAccountGroup": null, "parent": 28}}, {"model": "accounts.account", "pk": 138, "fields": {"name": "\u062d\u0633\u0627\u0628 \u0647\u0627\u06cc \u067e\u0631\u062f\u0627\u062e\u062a\u0646\u06cc \u0628\u0644\u0646\u062f\u0645\u062f\u062a \u062a\u062c\u0627\u0631\u06cc", "code": "40101", "explanation": null, "is_disabled": false, "max_bed": null, "max_bes": null, "max_bed_with_sanad": null, "max_bes_with_sanad": null, "created_at": null, "updated_at": null, "level": 2, "type": 30, "costCenterGroup": null, "floatAccountGroup": null, "parent": 30}}, {"model": "accounts.account", "pk": 139, "fields": {"name": "\u062d\u0633\u0627\u0628 \u0647\u0627\u06cc \u067e\u0631\u062f\u0627\u062e\u062a\u0646\u06cc \u0628\u0644\u0646\u062f\u0645\u062f\u062a \u063a\u06cc\u0631 \u062a\u062c\u0627\u0631\u06cc", "code": "40102", "explanation": null, "is_disabled": false, "max_bed": null, "max_bes": null, "max_bed_with_sanad": null, "max_bes_with_sanad": null, "created_at": null, "updated_at": null, "level": 2, "type": 30, "costCenterGroup": null, "floatAccountGroup": null, "parent": 30}}, {"model": "accounts.account", "pk": 140, "fields": {"name": "\u0627\u0633\u0646\u0627\u062f\u067e\u0631\u062f\u0627\u062e\u062a\u0646\u06cc \u0628\u0644\u0646\u062f\u0645\u062f\u062a \u062a\u062c\u0627\u0631\u06cc", "code": "40201", "explanation": null, "is_disabled": false, "max_bed": null, "max_bes": null, "max_bed_with_sanad": null, "max_bes_with_sanad": null, "created_at": null, "updated_at": null, "level": 2, "type": 30, "costCenterGroup": null, "floatAccountGroup": null, "parent": 31}}, {"model": "accounts.account", "pk": 141, "fields": {"name": "\u0627\u0633\u0646\u0627\u062f\u067e\u0631\u062f\u0627\u062e\u062a\u0646\u06cc \u0628\u0644\u0646\u062f\u0645\u062f\u062a  \u063a\u06cc\u0631\u062a\u062c\u0627\u0631\u06cc", "code": "40202", "explanation": null, "is_disabled": false, "max_bed": null, "max_bes": null, "max_bed_with_sanad": null, "max_bes_with_sanad": null, "created_at": null, "updated_at": null, "level": 2, "type": 30, "costCenterGroup": null, "floatAccountGroup": null, "parent": 31}}, {"model": "accounts.account", "pk": 142, "fields": {"name": "\u0641\u0631\u0648\u0634 \u0627\u0642\u0633\u0627\u0637\u06cc", "code": "40301", "explanation": null, "is_disabled": false, "max_bed": null, "max_bes": null, "max_bed_with_sanad": null, "max_bes_with_sanad": null, "created_at": null, "updated_at": null, "level": 2, "type": 31, "costCenterGroup": null, "floatAccountGroup": null, "parent": 32}}, {"model": "accounts.account", "pk": 143, "fields": {"name": "\u0645\u0634\u0627\u0631\u06a9\u062a \u0645\u062f\u0646\u06cc", "code": "40302", "explanation": null, "is_disabled": false, "max_bed": null, "max_bes": null, "max_bed_with_sanad": null, "max_bes_with_sanad": null, "created_at": null, "updated_at": null, "level": 2, "type": 31, "costCenterGroup": null, "floatAccountGroup": null, "parent": 32}}, {"model": "accounts.account", "pk": 144, "fields": {"name": "\u0645\u0636\u0627\u0631\u0628\u0647", "code": "40303", "explanation": null, "is_disabled": false, "max_bed": null, "max_bes": null, "max_bed_with_sanad": null, "max_bes_with_sanad": null, "created_at": null, "updated_at": null, "level": 2, "type": 31, "costCenterGroup": null, "floatAccountGroup": null, "parent": 32}}, {"model": "accounts.account", "pk": 145, "fields": {"name": "\u0630\u062e\u06cc\u0631\u0647 \u0645\u0632\u0627\u06cc\u0627\u06cc \u067e\u0627\u06cc\u0627\u0646 \u062e\u062f\u0645\u062a \u06a9\u0627\u0631\u06a9\u0646\u0627\u0646", "code": "40401", "explanation": null, "is_disabled": false, "max_bed": null, "max_bes": null, "max_bed_with_sanad": null, "max_bes_with_sanad": null, "created_at": null, "updated_at": null, "level": 2, "type": 27, "costCenterGroup": null, "floatAccountGroup": null, "parent": 33}}, {"model": "accounts.account", "pk": 146, "fields": {"name": "\u062f\u0631\u0627\u0645\u062f\u0647\u0627\u06cc \u0627\u0646\u062a\u0642\u0627\u0644\u06cc \u0628\u0647 \u062f\u0648\u0631\u0647 \u0647\u0627\u06cc \u0622\u062a\u06cc", "code": "40501", "explanation": null, "is_disabled": false, "max_bed": null, "max_bes": null, "max_bed_with_sanad": null, "max_bes_with_sanad": null, "created_at": "2019-04-02", "updated_at": null, "level": 2, "type": 26, "costCenterGroup": null, "floatAccountGroup": null, "parent": 34}}, {"model": "accounts.account", "pk": 148, "fields": {"name": "\u0633\u0631\u0645\u0627\u06cc\u0647 \u0633\u0647\u0627\u0645 \u067e\u0631\u062f\u0627\u062e\u062a \u0634\u062f\u0647", "code": "50101", "explanation": null, "is_disabled": false, "max_bed": null, "max_bes": null, "max_bed_with_sanad": null, "max_bes_with_sanad": null, "created_at": "2019-04-02", "updated_at": null, "level": 2, "type": 33, "costCenterGroup": null, "floatAccountGroup": null, "parent": 35}}, {"model": "accounts.account", "pk": 149, "fields": {"name": "\u0633\u0631\u0645\u0627\u06cc\u0647 \u0633\u0647\u0627\u0645 \u062a\u0639\u0647\u062f \u0634\u062f\u0647", "code": "50102", "explanation": null, "is_disabled": false, "max_bed": null, "max_bes": null, "max_bed_with_sanad": null, "max_bes_with_sanad": null, "created_at": "2019-04-02", "updated_at": null, "level": 2, "type": 33, "costCenterGroup": null, "floatAccountGroup": null, "parent": 35}}, {"model": "accounts.account", "pk": 150, "fields": {"name": "\u0635\u0631\u0641 \u0633\u0647\u0627\u0645", "code": "50103", "explanation": null, "is_disabled": false, "max_bed": null, "max_bes": null, "max_bed_with_sanad": null, "max_bes_with_sanad": null, "created_at": "2019-04-02", "updated_at": null, "level": 2, "type": 33, "costCenterGroup": null, "floatAccountGroup": null, "parent": 35}}, {"model": "accounts.account", "pk": 151, "fields": {"name": "\u0633\u0647\u0627\u0645 \u062e\u0632\u0627\u0646\u0647", "code": "50104", "explanation": null, "is_disabled": false, "max_bed": null, "max_bes": null, "max_bed_with_sanad": null, "max_bes_with_sanad": null, "created_at": "2019-04-02", "updated_at": null, "level": 2, "type": 33, "costCenterGroup": null, "floatAccountGroup": null, "parent": 35}}, {"model": "accounts.account", "pk": 152, "fields": {"name": "\u062d\u0642 \u062a\u0642\u062f\u0645 \u062e\u0631\u06cc\u062f \u0633\u0647\u0627\u0645", "code": "50105", "explanation": null, "is_disabled": false, "max_bed": null, "max_bes": null, "max_bed_with_sanad": null, "max_bes_with_sanad": null, "created_at": "2019-04-02", "updated_at": null, "level": 2, "type": 33, "costCenterGroup": null, "floatAccountGroup": null, "parent": 35}}, {"model": "accounts.account", "pk": 153, "fields": {"name": "\u0633\u0631\u0645\u0627\u06cc\u0647 \u0627\u0647\u062f\u0627\u06cc\u06cc", "code": "50106", "explanation": null, "is_disabled": false, "max_bed": null, "max_bes": null, "max_bed_with_sanad": null, "max_bes_with_sanad": null, "created_at": "2019-04-02", "updated_at": null, "level": 2, "type": 33, "costCenterGroup": null, "floatAccountGroup": null, "parent": 35}}, {"model": "accounts.account", "pk": 156, "fields": {"name": "\u0627\u0646\u062f\u0648\u062e\u062a\u0647 \u0642\u0627\u0646\u0648\u0646\u06cc", "code": "50201", "explanation": null, "is_disabled": false, "max_bed": null, "max_bes": null, "max_bed_with_sanad": null, "max_bes_with_sanad": null, "created_at": null, "updated_at": null, "level": 2, "type": 34, "costCenterGroup": null, "floatAccountGroup": null, "parent": 36}}, {"model": "accounts.account", "pk": 157, "fields": {"name": "\u0627\u0646\u062f\u0648\u062e\u062a\u0647 \u0627\u062d\u062a\u06cc\u0627\u0637\u06cc", "code": "50301", "explanation": null, "is_disabled": false, "max_bed": null, "max_bes": null, "max_bed_with_sanad": null, "max_bes_with_sanad": null, "created_at": null, "updated_at": null, "level": 2, "type": 34, "costCenterGroup": null, "floatAccountGroup": null, "parent": 37}}, {"model": "accounts.account", "pk": 158, "fields": {"name": "\u0627\u0646\u062f\u0648\u062e\u062a\u0647 \u062a\u0648\u0633\u0639\u0647 \u0648\u062a\u06a9\u0645\u06cc\u0644", "code": "50302", "explanation": null, "is_disabled": false, "max_bed": null, "max_bes": null, "max_bed_with_sanad": null, "max_bes_with_sanad": null, "created_at": null, "updated_at": null, "level": 2, "type": 34, "costCenterGroup": null, "floatAccountGroup": null, "parent": 37}}, {"model": "accounts.account", "pk": 159, "fields": {"name": "\u0627\u0646\u062f\u0648\u062e\u062a\u0647 \u0639\u0645\u0648\u0645\u06cc", "code": "50303", "explanation": null, "is_disabled": false, "max_bed": null, "max_bes": null, "max_bed_with_sanad": null, "max_bes_with_sanad": null, "created_at": null, "updated_at": null, "level": 2, "type": 34, "costCenterGroup": null, "floatAccountGroup": null, "parent": 37}}, {"model": "accounts.account", "pk": 160, "fields": {"name": "\u0633\u0627\u06cc\u0631 \u0627\u0646\u062f\u0648\u062e\u062a\u0647 \u0647\u0627", "code": "50304", "explanation": null, "is_disabled": false, "max_bed": null, "max_bes": null, "max_bed_with_sanad": null, "max_bes_with_sanad": null, "created_at": null, "updated_at": null, "level": 2, "type": 34, "costCenterGroup": null, "floatAccountGroup": null, "parent": 37}}, {"model": "accounts.account", "pk": 171, "fields": {"name": "\u0633\u0648\u062f(\u0632\u06cc\u0627\u0646)\u0627\u0646\u0628\u0627\u0634\u062a\u0647", "code": "50501", "explanation": null, "is_disabled": false, "max_bed": null, "max_bes": null, "max_bed_with_sanad": null, "max_bes_with_sanad": null, "created_at": null, "updated_at": null, "level": 2, "type": 36, "costCenterGroup": null, "floatAccountGroup": null, "parent": 39}}, {"model": "accounts.account", "pk": 172, "fields": {"name": "\u0633\u0648\u062f(\u0632\u06cc\u0627\u0646)\u0633\u0627\u0644 \u062c\u0627\u0631\u06cc", "code": "50502", "explanation": null, "is_disabled": false, "max_bed": null, "max_bes": null, "max_bed_with_sanad": null, "max_bes_with_sanad": null, "created_at": null, "updated_at": null, "level": 2, "type": 36, "costCenterGroup": null, "floatAccountGroup": null, "parent": 39}}, {"model": "accounts.account", "pk": 173, "fields": {"name": "\u062a\u0639\u062f\u06cc\u0644\u0627\u062a \u0633\u0646\u0648\u0627\u062a\u06cc", "code": "50503", "explanation": null, "is_disabled": false, "max_bed": null, "max_bes": null, "max_bed_with_sanad": null, "max_bes_with_sanad": null, "created_at": null, "updated_at": null, "level": 2, "type": 36, "costCenterGroup": null, "floatAccountGroup": null, "parent": 39}}, {"model": "accounts.account", "pk": 174, "fields": {"name": "\u0641\u0631\u0648\u0634 \u06a9\u0627\u0644\u0627 \u062f\u0627\u062e\u0644\u06cc", "code": "60101", "explanation": null, "is_disabled": false, "max_bed": null, "max_bes": null, "max_bed_with_sanad": null, "max_bes_with_sanad": null, "created_at": null, "updated_at": null, "level": 2, "type": 1, "costCenterGroup": null, "floatAccountGroup": null, "parent": 40}}, {"model": "accounts.account", "pk": 175, "fields": {"name": "\u0628\u0631\u06af\u0634\u062a \u0627\u0632 \u0641\u0631\u0648\u0634", "code": "60102", "explanation": null, "is_disabled": false, "max_bed": null, "max_bes": null, "max_bed_with_sanad": null, "max_bes_with_sanad": null, "created_at": "2019-04-02", "updated_at": null, "level": 2, "type": 1, "costCenterGroup": null, "floatAccountGroup": null, "parent": 40}}, {"model": "accounts.account", "pk": 176, "fields": {"name": "\u062a\u062e\u0641\u06cc\u0641\u0627\u062a \u0646\u0642\u062f\u06cc \u0641\u0631\u0648\u0634", "code": "60103", "explanation": null, "is_disabled": false, "max_bed": null, "max_bes": null, "max_bed_with_sanad": null, "max_bes_with_sanad": null, "created_at": null, "updated_at": null, "level": 2, "type": 1, "costCenterGroup": null, "floatAccountGroup": null, "parent": 40}}, {"model": "accounts.account", "pk": 177, "fields": {"name": "\u0641\u0631\u0648\u0634 \u06a9\u0627\u0644\u0627\u0635\u0627\u062f\u0631\u0627\u062a\u06cc", "code": "60104", "explanation": null, "is_disabled": false, "max_bed": null, "max_bes": null, "max_bed_with_sanad": null, "max_bes_with_sanad": null, "created_at": null, "updated_at": null, "level": 2, "type": 1, "costCenterGroup": null, "floatAccountGroup": null, "parent": 40}}, {"model": "accounts.account", "pk": 178, "fields": {"name": "\u0628\u0631\u06af\u0634\u062a \u0627\u0632 \u0641\u0631\u0648\u0634 \u06a9\u0627\u0644\u0627 \u0635\u0627\u062f\u0631\u0627\u062a\u06cc", "code": "60105", "explanation": null, "is_disabled": false, "max_bed": null, "max_bes": null, "max_bed_with_sanad": null, "max_bes_with_sanad": null, "created_at": null, "updated_at": null, "level": 2, "type": 1, "costCenterGroup": null, "floatAccountGroup": null, "parent": 40}}, {"model": "accounts.account", "pk": 179, "fields": {"name": "\u062a\u062e\u0641\u06cc\u0641\u0627\u062a \u0646\u0642\u062f\u06cc \u0641\u0631\u0648\u0634 \u0635\u0627\u062f\u0631\u0627\u062a\u06cc", "code": "60106", "explanation": null, "is_disabled": false, "max_bed": null, "max_bes": null, "max_bed_with_sanad": null, "max_bes_with_sanad": null, "created_at": null, "updated_at": null, "level": 2, "type": 1, "costCenterGroup": null, "floatAccountGroup": null, "parent": 40}}, {"model": "accounts.account", "pk": 180, "fields": {"name": "\u062f\u0631\u0622\u0645\u062f \u062d\u0627\u0635\u0644 \u0627\u0632 \u0627\u0631\u0627\u0626\u0647 \u062e\u062f\u0645\u0627\u062a", "code": "60201", "explanation": null, "is_disabled": false, "max_bed": null, "max_bes": null, "max_bed_with_sanad": null, "max_bes_with_sanad": null, "created_at": "2019-04-02", "updated_at": null, "level": 2, "type": 1, "costCenterGroup": null, "floatAccountGroup": null, "parent": 41}}, {"model": "accounts.account", "pk": 182, "fields": {"name": "\u0641\u0631\u0648\u0634 \u0636\u0627\u06cc\u0639\u0627\u062a \u0639\u0627\u062f\u06cc", "code": "60301", "explanation": null, "is_disabled": false, "max_bed": null, "max_bes": null, "max_bed_with_sanad": null, "max_bes_with_sanad": null, "created_at": null, "updated_at": null, "level": 2, "type": 3, "costCenterGroup": null, "floatAccountGroup": null, "parent": 42}}, {"model": "accounts.account", "pk": 183, "fields": {"name": "\u0633\u0648\u062f\u062d\u0627\u0635\u0644 \u0627\u0632 \u0641\u0631\u0648\u0634 \u0645\u0648\u0627\u062f \u0627\u0648\u0644\u06cc\u0647", "code": "60302", "explanation": null, "is_disabled": false, "max_bed": null, "max_bes": null, "max_bed_with_sanad": null, "max_bes_with_sanad": null, "created_at": null, "updated_at": null, "level": 2, "type": 3, "costCenterGroup": null, "floatAccountGroup": null, "parent": 42}}, {"model": "accounts.account", "pk": 185, "fields": {"name": "\u0633\u0627\u06cc\u0631 \u062f\u0631\u0627\u0645\u062f\u0647\u0627\u06cc \u0639\u0645\u0644\u06cc\u0627\u062a\u06cc", "code": "60304", "explanation": null, "is_disabled": false, "max_bed": null, "max_bes": null, "max_bed_with_sanad": null, "max_bes_with_sanad": null, "created_at": null, "updated_at": null, "level": 2, "type": 3, "costCenterGroup": null, "floatAccountGroup": null, "parent": 42}}, {"model": "accounts.account", "pk": 186, "fields": {"name": "\u0633\u0648\u062f\u062d\u0627\u0635\u0644 \u0627\u0632 \u0641\u0631\u0648\u0634 \u062f\u0627\u0631\u0627\u06cc\u06cc", "code": "60401", "explanation": null, "is_disabled": false, "max_bed": null, "max_bes": null, "max_bed_with_sanad": null, "max_bes_with_sanad": null, "created_at": null, "updated_at": null, "level": 2, "type": 12, "costCenterGroup": null, "floatAccountGroup": null, "parent": 43}}, {"model": "accounts.account", "pk": 187, "fields": {"name": "\u0633\u0648\u062f\u062d\u0627\u0635\u0644 \u0627\u0632 \u0633\u0631\u0645\u0627\u06cc\u0647 \u06af\u0630\u0627\u0631\u06cc", "code": "60402", "explanation": null, "is_disabled": false, "max_bed": null, "max_bes": null, "max_bed_with_sanad": null, "max_bes_with_sanad": null, "created_at": null, "updated_at": null, "level": 2, "type": 12, "costCenterGroup": null, "floatAccountGroup": null, "parent": 43}}, {"model": "accounts.account", "pk": 188, "fields": {"name": "\u0633\u0648\u062f\u0646\u0627\u0634\u06cc \u0627\u0632 \u0641\u0631\u0648\u0634 \u0633\u0631\u0645\u0627\u06cc\u0647 \u06af\u0630\u0627\u0631\u06cc", "code": "60403", "explanation": null, "is_disabled": false, "max_bed": null, "max_bes": null, "max_bed_with_sanad": null, "max_bes_with_sanad": null, "created_at": null, "updated_at": null, "level": 2, "type": 12, "costCenterGroup": null, "floatAccountGroup": null, "parent": 43}}, {"model": "accounts.account", "pk": 190, "fields": {"name": "\u0633\u0627\u06cc\u0631 \u062f\u0631\u0627\u0645\u062f\u0647\u0627\u06cc  \u063a\u06cc\u0631\u0639\u0645\u0644\u06cc\u0627\u062a\u06cc", "code": "60405", "explanation": null, "is_disabled": false, "max_bed": null, "max_bes": null, "max_bed_with_sanad": null, "max_bes_with_sanad": null, "created_at": null, "updated_at": null, "level": 2, "type": 12, "costCenterGroup": null, "floatAccountGroup": null, "parent": 43}}, {"model": "accounts.account", "pk": 191, "fields": {"name": "\u0628\u0647\u0627\u06cc \u062a\u0645\u0627\u0645 \u0634\u062f\u0647 \u06a9\u0627\u0644\u0627\u06cc \u0641\u0631\u0648\u0634 \u0631\u0641\u062a\u0647", "code": "70101", "explanation": null, "is_disabled": false, "max_bed": null, "max_bes": null, "max_bed_with_sanad": null, "max_bes_with_sanad": null, "created_at": "2019-04-02", "updated_at": null, "level": 2, "type": 4, "costCenterGroup": null, "floatAccountGroup": null, "parent": 44}}, {"model": "accounts.account", "pk": 194, "fields": {"name": "\u062d\u0642\u0648\u0642 \u0648 \u062f\u0633\u062a\u0645\u0632\u062f \u0645\u0633\u062a\u0645\u0631 \u06a9\u0627\u0631\u06a9\u0646\u0627\u0646", "code": "80101", "explanation": null, "is_disabled": false, "max_bed": null, "max_bes": null, "max_bed_with_sanad": null, "max_bes_with_sanad": null, "created_at": "2019-04-02", "updated_at": null, "level": 2, "type": 11, "costCenterGroup": null, "floatAccountGroup": null, "parent": 46}}, {"model": "accounts.account", "pk": 195, "fields": {"name": "\u062d\u0642\u0648\u0642 \u0648 \u062f\u0633\u062a\u0645\u0632\u062f \u063a\u06cc\u0631 \u0645\u0633\u062a\u0645\u0631 \u06a9\u0627\u0631\u06a9\u0646\u0627\u0646", "code": "80102", "explanation": null, "is_disabled": false, "max_bed": null, "max_bes": null, "max_bed_with_sanad": null, "max_bes_with_sanad": null, "created_at": "2019-04-02", "updated_at": null, "level": 2, "type": 11, "costCenterGroup": null, "floatAccountGroup": null, "parent": 46}}, {"model": "accounts.account", "pk": 196, "fields": {"name": "\u062d\u0642 \u0628\u06cc\u0645\u0647 \u0633\u0647\u0645 \u06a9\u0627\u0631\u0641\u0631\u0645\u0627", "code": "80103", "explanation": null, "is_disabled": false, "max_bed": null, "max_bes": null, "max_bed_with_sanad": null, "max_bes_with_sanad": null, "created_at": null, "updated_at": null, "level": 2, "type": 11, "costCenterGroup": null, "floatAccountGroup": null, "parent": 46}}, {"model": "accounts.account", "pk": 197, "fields": {"name": "\u062f\u0633\u062a\u0645\u0632\u062f\u06a9\u0627\u0631\u06a9\u0646\u0627\u0646 \u0631\u0648\u0632 \u0645\u0632\u062f", "code": "80104", "explanation": null, "is_disabled": false, "max_bed": null, "max_bes": null, "max_bed_with_sanad": null, "max_bes_with_sanad": null, "created_at": null, "updated_at": null, "level": 2, "type": 11, "costCenterGroup": null, "floatAccountGroup": null, "parent": 46}}, {"model": "accounts.account", "pk": 198, "fields": {"name": "\u0647\u0632\u06cc\u0646\u0647 \u062a\u0639\u0645\u06cc\u0631 \u0648\u0646\u06af\u0647\u062f\u0627\u0631\u06cc \u062f\u0627\u0631\u0627\u06cc\u06cc", "code": "80201", "explanation": null, "is_disabled": false, "max_bed": null, "max_bes": null, "max_bed_with_sanad": null, "max_bes_with_sanad": null, "created_at": "2019-04-02", "updated_at": null, "level": 2, "type": 11, "costCenterGroup": null, "floatAccountGroup": null, "parent": 47}}, {"model": "accounts.account", "pk": 199, "fields": {"name": "\u0647\u0632\u06cc\u0646\u0647 \u0633\u0648\u062e\u062a \u0648\u0633\u0627\u0626\u0637 \u0646\u0642\u0644\u06cc\u0647", "code": "80202", "explanation": null, "is_disabled": false, "max_bed": null, "max_bes": null, "max_bed_with_sanad": null, "max_bes_with_sanad": null, "created_at": null, "updated_at": null, "level": 2, "type": 11, "costCenterGroup": null, "floatAccountGroup": null, "parent": 47}}, {"model": "accounts.account", "pk": 200, "fields": {"name": "\u0647\u0632\u06cc\u0646\u0647 \u0627\u0633\u062a\u0641\u0627\u062f\u0647 \u0627\u0632 \u062a\u0627\u0633\u06cc\u0633\u0627\u062a", "code": "80203", "explanation": null, "is_disabled": false, "max_bed": null, "max_bes": null, "max_bed_with_sanad": null, "max_bes_with_sanad": null, "created_at": "2019-04-02", "updated_at": null, "level": 2, "type": 11, "costCenterGroup": null, "floatAccountGroup": null, "parent": 47}}, {"model": "accounts.account", "pk": 201, "fields": {"name": "\u0647\u0632\u06cc\u0646\u0647 \u062a\u0648\u0632\u06cc\u0639 \u0648\u0641\u0631\u0648\u0634", "code": "80204", "explanation": null, "is_disabled": false, "max_bed": null, "max_bes": null, "max_bed_with_sanad": null, "max_bes_with_sanad": null, "created_at": null, "updated_at": null, "level": 2, "type": 11, "costCenterGroup": null, "floatAccountGroup": null, "parent": 47}}, {"model": "accounts.account", "pk": 203, "fields": {"name": "\u0647\u0632\u06cc\u0646\u0647 \u0628\u06cc\u0645\u0647 \u062f\u0627\u0631\u0627\u06cc\u06cc \u0647\u0627\u06cc \u062b\u0627\u0628\u062a", "code": "80206", "explanation": null, "is_disabled": false, "max_bed": null, "max_bes": null, "max_bed_with_sanad": null, "max_bes_with_sanad": null, "created_at": "2019-04-02", "updated_at": null, "level": 2, "type": 11, "costCenterGroup": null, "floatAccountGroup": null, "parent": 47}}, {"model": "accounts.account", "pk": 204, "fields": {"name": "\u0647\u0632\u06cc\u0646\u0647 \u0628\u06cc\u0645\u0647 \u0645\u0648\u062c\u0648\u062f\u06cc \u0647\u0627", "code": "80207", "explanation": null, "is_disabled": false, "max_bed": null, "max_bes": null, "max_bed_with_sanad": null, "max_bes_with_sanad": null, "created_at": null, "updated_at": null, "level": 2, "type": 11, "costCenterGroup": null, "floatAccountGroup": null, "parent": 47}}, {"model": "accounts.account", "pk": 205, "fields": {"name": "\u0647\u0632\u06cc\u0646\u0647 \u0645\u0644\u0632\u0648\u0645\u0627\u062a", "code": "80208", "explanation": null, "is_disabled": false, "max_bed": null, "max_bes": null, "max_bed_with_sanad": null, "max_bes_with_sanad": null, "created_at": null, "updated_at": null, "level": 2, "type": 11, "costCenterGroup": null, "floatAccountGroup": null, "parent": 47}}, {"model": "accounts.account", "pk": 210, "fields": {"name": "\u0632\u06cc\u0627\u0646 \u0646\u0627\u0634\u06cc \u0627\u0632 \u06a9\u0627\u0647\u0634 \u0627\u0631\u0632\u0634", "code": "80301", "explanation": null, "is_disabled": false, "max_bed": null, "max_bes": null, "max_bed_with_sanad": null, "max_bes_with_sanad": null, "created_at": null, "updated_at": null, "level": 2, "type": 11, "costCenterGroup": null, "floatAccountGroup": null, "parent": 48}}, {"model": "accounts.account", "pk": 211, "fields": {"name": "\u0632\u06cc\u0627\u0646 \u0646\u0627\u0634\u06cc \u0627\u0632 \u0627\u0642\u0644\u0627\u0645 \u0631\u0627\u06a9\u062f \u0648\u0646\u0627\u06cc\u0627\u0628", "code": "80302", "explanation": null, "is_disabled": false, "max_bed": null, "max_bes": null, "max_bed_with_sanad": null, "max_bes_with_sanad": null, "created_at": null, "updated_at": null, "level": 2, "type": 11, "costCenterGroup": null, "floatAccountGroup": null, "parent": 48}}, {"model": "accounts.account", "pk": 212, "fields": {"name": "\u062e\u0627\u0644\u0635 \u06a9\u0633\u0631\u06cc \u0648\u0627\u0636\u0627\u0641\u06cc \u0627\u0646\u0628\u0627\u0631", "code": "80303", "explanation": null, "is_disabled": false, "max_bed": null, "max_bes": null, "max_bed_with_sanad": null, "max_bes_with_sanad": null, "created_at": null, "updated_at": null, "level": 2, "type": 11, "costCenterGroup": null, "floatAccountGroup": null, "parent": 48}}, {"model": "accounts.account", "pk": 213, "fields": {"name": "\u0647\u0632\u06cc\u0646\u0647 \u0647\u0627\u06cc \u062c\u0630\u0628 \u0646\u0634\u062f\u0647 \u062f\u0631 \u062a\u0648\u0644\u06cc\u062f", "code": "80304", "explanation": null, "is_disabled": false, "max_bed": null, "max_bes": null, "max_bed_with_sanad": null, "max_bes_with_sanad": null, "created_at": null, "updated_at": null, "level": 2, "type": 11, "costCenterGroup": null, "floatAccountGroup": null, "parent": 48}}, {"model": "accounts.account", "pk": 215, "fields": {"name": "\u0647\u0632\u06cc\u0646\u0647 \u0633\u0648\u062f \u0648\u0627\u0645 \u0647\u0627\u06cc \u062f\u0631\u06cc\u0627\u0641\u062a\u06cc", "code": "80401", "explanation": null, "is_disabled": false, "max_bed": null, "max_bes": null, "max_bed_with_sanad": null, "max_bes_with_sanad": null, "created_at": null, "updated_at": null, "level": 2, "type": 11, "costCenterGroup": null, "floatAccountGroup": null, "parent": 49}}, {"model": "accounts.account", "pk": 216, "fields": {"name": "\u0647\u0632\u06cc\u0646\u0647 \u06a9\u0627\u0631\u0645\u0632\u062f \u0648\u0627\u0645 \u0647\u0627", "code": "80402", "explanation": null, "is_disabled": false, "max_bed": null, "max_bes": null, "max_bed_with_sanad": null, "max_bes_with_sanad": null, "created_at": null, "updated_at": null, "level": 2, "type": 11, "costCenterGroup": null, "floatAccountGroup": null, "parent": 49}}, {"model": "accounts.account", "pk": 217, "fields": {"name": "\u0647\u0632\u06cc\u0646\u0647 \u062c\u0631\u06cc\u0645\u0647 \u062f\u06cc\u0631\u06a9\u0631\u062f \u0648\u0627\u0645\u0647\u0627", "code": "80403", "explanation": null, "is_disabled": false, "max_bed": null, "max_bes": null, "max_bed_with_sanad": null, "max_bes_with_sanad": null, "created_at": null, "updated_at": null, "level": 2, "type": 11, "costCenterGroup": null, "floatAccountGroup": null, "parent": 49}}, {"model": "accounts.account", "pk": 218, "fields": {"name": "\u0647\u0632\u06cc\u0646\u0647 \u062a\u0645\u0628\u0631 \u0648 \u0633\u0641\u062a\u0647", "code": "80404", "explanation": null, "is_disabled": false, "max_bed": null, "max_bes": null, "max_bed_with_sanad": null, "max_bes_with_sanad": null, "created_at": "2019-04-02", "updated_at": null, "level": 2, "type": 11, "costCenterGroup": null, "floatAccountGroup": null, "parent": 49}}, {"model": "accounts.account", "pk": 219, "fields": {"name": "\u0647\u0632\u06cc\u0646\u0647 \u0647\u0627\u06cc \u0645\u062a\u0641\u0631\u0642\u0647  \u0645\u0627\u0644\u06cc", "code": "80405", "explanation": null, "is_disabled": false, "max_bed": null, "max_bes": null, "max_bed_with_sanad": null, "max_bes_with_sanad": null, "created_at": null, "updated_at": null, "level": 2, "type": 11, "costCenterGroup": null, "floatAccountGroup": null, "parent": 49}}, {"model": "accounts.account", "pk": 226, "fields": {"name": "\u062d\u0633\u0627\u0628 \u0627\u0646\u062a\u0638\u0627\u0645\u06cc \u0628\u0647 \u0646\u0641\u0639 \u0634\u0631\u06a9\u062a", "code": "90101", "explanation": null, "is_disabled": false, "max_bed": null, "max_bes": null, "max_bed_with_sanad": null, "max_bes_with_sanad": null, "created_at": null, "updated_at": null, "level": 2, "type": 39, "costCenterGroup": null, "floatAccountGroup": null, "parent": 51}}, {"model": "accounts.account", "pk": 227, "fields": {"name": "\u062d\u0633\u0627\u0628 \u0627\u0646\u062a\u0638\u0627\u0645\u06cc \u0628\u0631\u0639\u0647\u062f\u0647 \u0634\u0631\u06a9\u062a", "code": "90102", "explanation": null, "is_disabled": false, "max_bed": null, "max_bes": null, "max_bed_with_sanad": null, "max_bes_with_sanad": null, "created_at": null, "updated_at": null, "level": 2, "type": 39, "costCenterGroup": null, "floatAccountGroup": null, "parent": 51}}, {"model": "accounts.account", "pk": 228, "fields": {"name": "\u0637\u0631\u0641 \u062d\u0633\u0627\u0628 \u0647\u0627\u06cc \u0627\u0646\u062a\u0638\u0627\u0645\u06cc \u0628\u0647 \u0646\u0641\u0639 \u0634\u0631\u06a9\u062a", "code": "90201", "explanation": null, "is_disabled": false, "max_bed": null, "max_bes": null, "max_bed_with_sanad": null, "max_bes_with_sanad": null, "created_at": null, "updated_at": null, "level": 2, "type": 39, "costCenterGroup": null, "floatAccountGroup": null, "parent": 52}}, {"model": "accounts.account", "pk": 229, "fields": {"name": "\u0637\u0631\u0641 \u062d\u0633\u0627\u0628 \u0647\u0627\u06cc \u0627\u0646\u062a\u0638\u0627\u0645\u06cc \u0628\u0631\u0639\u0647\u062f\u0647 \u0634\u0631\u06a9\u062a", "code": "90202", "explanation": null, "is_disabled": false, "max_bed": null, "max_bes": null, "max_bed_with_sanad": null, "max_bes_with_sanad": null, "created_at": null, "updated_at": null, "level": 2, "type": 39, "costCenterGroup": null, "floatAccountGroup": null, "parent": 52}}, {"model": "accounts.account", "pk": 230, "fields": {"name": "\u062a\u0631\u0627\u0632\u0627\u0641\u062a\u062a\u0627\u062d\u06cc\u0647 ", "code": "90301", "explanation": null, "is_disabled": false, "max_bed": null, "max_bes": null, "max_bed_with_sanad": null, "max_bes_with_sanad": null, "created_at": null, "updated_at": null, "level": 2, "type": 39, "costCenterGroup": null, "floatAccountGroup": null, "parent": 53}}, {"model": "accounts.account", "pk": 231, "fields": {"name": "\u062a\u0631\u0627\u0632 \u0627\u062e\u062a\u062a\u0627\u0645\u06cc\u0647", "code": "90401", "explanation": null, "is_disabled": false, "max_bed": null, "max_bes": null, "max_bed_with_sanad": null, "max_bes_with_sanad": null, "created_at": null, "updated_at": null, "level": 2, "type": 39, "costCenterGroup": null, "floatAccountGroup": null, "parent": 54}}, {"model": "accounts.account", "pk": 232, "fields": {"name": "\u0645\u0648\u062c\u0648\u062f\u06cc \u0646\u0632\u062f \u0635\u0646\u062f\u0648\u0642", "code": "101020001", "explanation": null, "is_disabled": false, "max_bed": null, "max_bes": null, "max_bed_with_sanad": null, "max_bes_with_sanad": null, "created_at": "2019-04-10", "updated_at": null, "level": 3, "type": 14, "costCenterGroup": null, "floatAccountGroup": null, "parent": 56}}, {"model": "accounts.account", "pk": 233, "fields": {"name": "\u0627\u0633\u0646\u0627\u062f \u062f\u0631\u06cc\u0627\u0641\u062a\u0646\u06cc \u0646\u0632\u062f \u0635\u0646\u062f\u0648\u0642", "code": "104010001", "explanation": null, "is_disabled": false, "max_bed": null, "max_bes": null, "max_bed_with_sanad": null, "max_bes_with_sanad": null, "created_at": "2019-04-02", "updated_at": null, "level": 3, "type": 16, "costCenterGroup": null, "floatAccountGroup": null, "parent": 67}}, {"model": "accounts.account", "pk": 234, "fields": {"name": "\u0627\u0633\u0646\u0627\u062f \u062f\u0631\u06cc\u0627\u0641\u062a\u0646\u06cc \u062f\u0631 \u062c\u0631\u06cc\u0627\u0646 \u0648\u0635\u0648\u0644", "code": "104010002", "explanation": null, "is_disabled": false, "max_bed": null, "max_bes": null, "max_bed_with_sanad": null, "max_bes_with_sanad": null, "created_at": "2019-04-02", "updated_at": null, "level": 3, "type": 16, "costCenterGroup": null, "floatAccountGroup": null, "parent": 67}}, {"model": "accounts.account", "pk": 235, "fields": {"name": "\u0645\u0648\u062c\u0648\u062f\u06cc \u0645\u0648\u0627\u062f \u0627\u0648\u0644\u06cc\u0647", "code": "106010001", "explanation": null, "is_disabled": false, "max_bed": null, "max_bes": null, "max_bed_with_sanad": null, "max_bes_with_sanad": null, "created_at": "2019-04-02", "updated_at": null, "level": 3, "type": 18, "costCenterGroup": null, "floatAccountGroup": null, "parent": 76}}, {"model": "accounts.account", "pk": 236, "fields": {"name": "\u0645\u0648\u062c\u0648\u062f\u06cc \u0645\u0648\u0627\u062f \u06a9\u0645\u06a9\u06cc", "code": "106020001", "explanation": null, "is_disabled": false, "max_bed": null, "max_bes": null, "max_bed_with_sanad": null, "max_bes_with_sanad": null, "created_at": "2019-03-10", "updated_at": null, "level": 3, "type": 18, "costCenterGroup": null, "floatAccountGroup": null, "parent": 77}}, {"model": "accounts.account", "pk": 237, "fields": {"name": "\u0645\u0648\u062c\u0648\u062f\u06cc \u06a9\u0627\u0644\u0627\u06cc \u062f\u0631 \u062c\u0631\u06cc\u0627\u0646 \u0633\u0627\u062e\u062a", "code": "106030001", "explanation": null, "is_disabled": false, "max_bed": null, "max_bes": null, "max_bed_with_sanad": null, "max_bes_with_sanad": null, "created_at": "2019-02-11", "updated_at": null, "level": 3, "type": 18, "costCenterGroup": null, "floatAccountGroup": null, "parent": 78}}, {"model": "accounts.account", "pk": 238, "fields": {"name": "\u0645\u0648\u062c\u0648\u062f\u06cc \u06a9\u0627\u0644\u0627", "code": "106040001", "explanation": null, "is_disabled": false, "max_bed": null, "max_bes": null, "max_bed_with_sanad": null, "max_bes_with_sanad": null, "created_at": "2019-04-02", "updated_at": null, "level": 3, "type": 18, "costCenterGroup": null, "floatAccountGroup": null, "parent": 79}}, {"model": "accounts.account", "pk": 239, "fields": {"name": "\u0645\u0648\u062c\u0648\u062f\u06cc \u0636\u0627\u06cc\u0639\u0627\u062a", "code": "106040002", "explanation": null, "is_disabled": false, "max_bed": null, "max_bes": null, "max_bed_with_sanad": null, "max_bes_with_sanad": null, "created_at": null, "updated_at": null, "level": 3, "type": 18, "costCenterGroup": null, "floatAccountGroup": null, "parent": 79}}, {"model": "accounts.account", "pk": 240, "fields": {"name": "\u067e\u06cc\u0634 \u067e\u0631\u062f\u0627\u062e\u062a \u0645\u0627\u0644\u06cc\u0627\u062a \u0628\u0631\u0627\u0631\u0632\u0634 \u0627\u0641\u0632\u0648\u062f\u0647", "code": "107020001", "explanation": null, "is_disabled": false, "max_bed": null, "max_bes": null, "max_bed_with_sanad": null, "max_bes_with_sanad": null, "created_at": null, "updated_at": null, "level": 3, "type": 19, "costCenterGroup": null, "floatAccountGroup": null, "parent": 85}}, {"model": "accounts.account", "pk": 241, "fields": {"name": "\u067e\u06cc\u0634 \u067e\u0631\u062f\u0627\u062e\u062a \u0639\u0648\u0627\u0631\u0636 \u0634\u0647\u0631\u062f\u0627\u0631\u06cc", "code": "107020002", "explanation": null, "is_disabled": false, "max_bed": null, "max_bes": null, "max_bed_with_sanad": null, "max_bes_with_sanad": null, "created_at": null, "updated_at": null, "level": 3, "type": 19, "costCenterGroup": null, "floatAccountGroup": null, "parent": 85}}, {"model": "accounts.account", "pk": 242, "fields": {"name": "\u0627\u062b\u0627\u062b\u0647 \u0627\u062f\u0627\u0631\u06cc", "code": "201070001", "explanation": null, "is_disabled": false, "max_bed": null, "max_bes": null, "max_bed_with_sanad": null, "max_bes_with_sanad": null, "created_at": null, "updated_at": null, "level": 3, "type": 20, "costCenterGroup": null, "floatAccountGroup": null, "parent": 99}}, {"model": "accounts.account", "pk": 243, "fields": {"name": "\u062d\u0642 \u062a\u0627\u0644\u06cc\u0641", "code": "203010001", "explanation": null, "is_disabled": false, "max_bed": null, "max_bes": null, "max_bed_with_sanad": null, "max_bes_with_sanad": null, "created_at": "2019-02-11", "updated_at": null, "level": 3, "type": 21, "costCenterGroup": null, "floatAccountGroup": null, "parent": 106}}, {"model": "accounts.account", "pk": 244, "fields": {"name": "\u062d\u0642 \u0627\u062e\u062a\u0631\u0627\u0639", "code": "203010002", "explanation": null, "is_disabled": false, "max_bed": null, "max_bes": null, "max_bed_with_sanad": null, "max_bes_with_sanad": null, "created_at": null, "updated_at": null, "level": 3, "type": 21, "costCenterGroup": null, "floatAccountGroup": null, "parent": 106}}, {"model": "accounts.account", "pk": 245, "fields": {"name": "\u062d\u0642 \u0627\u0646\u062d\u0635\u0627\u0631\u06cc \u062a\u0648\u0644\u06cc\u062f", "code": "203010003", "explanation": null, "is_disabled": false, "max_bed": null, "max_bes": null, "max_bed_with_sanad": null, "max_bes_with_sanad": null, "created_at": "2019-02-11", "updated_at": null, "level": 3, "type": 21, "costCenterGroup": null, "floatAccountGroup": null, "parent": 106}}, {"model": "accounts.account", "pk": 246, "fields": {"name": "\u062d\u0642 \u0627\u0646\u062d\u0635\u0627\u0631\u06cc \u062a\u0648\u0632\u06cc\u0639", "code": "203010004", "explanation": null, "is_disabled": false, "max_bed": null, "max_bes": null, "max_bed_with_sanad": null, "max_bes_with_sanad": null, "created_at": null, "updated_at": null, "level": 3, "type": 21, "costCenterGroup": null, "floatAccountGroup": null, "parent": 106}}, {"model": "accounts.account", "pk": 247, "fields": {"name": "\u062d\u0642 \u0627\u0644\u0627\u0645\u062a\u06cc\u0627\u0632 \u0628\u0631\u0642", "code": "203020001", "explanation": null, "is_disabled": false, "max_bed": null, "max_bes": null, "max_bed_with_sanad": null, "max_bes_with_sanad": null, "created_at": "2019-03-09", "updated_at": null, "level": 3, "type": 21, "costCenterGroup": null, "floatAccountGroup": null, "parent": 107}}, {"model": "accounts.account", "pk": 248, "fields": {"name": "\u062d\u0642 \u0627\u0644\u0627\u0645\u062a\u06cc\u0627\u0632\u062a\u0644\u0641\u0646", "code": "203020002", "explanation": null, "is_disabled": false, "max_bed": null, "max_bes": null, "max_bed_with_sanad": null, "max_bes_with_sanad": null, "created_at": null, "updated_at": null, "level": 3, "type": 21, "costCenterGroup": null, "floatAccountGroup": null, "parent": 107}}, {"model": "accounts.account", "pk": 249, "fields": {"name": "\u062d\u0642 \u0627\u0644\u0627\u0645\u062a\u06cc\u0627\u0632\u06af\u0627\u0632", "code": "203020003", "explanation": null, "is_disabled": false, "max_bed": null, "max_bes": null, "max_bed_with_sanad": null, "max_bes_with_sanad": null, "created_at": "2019-02-11", "updated_at": null, "level": 3, "type": 21, "costCenterGroup": null, "floatAccountGroup": null, "parent": 107}}, {"model": "accounts.account", "pk": 250, "fields": {"name": "\u062d\u0642 \u0627\u0644\u0627\u0645\u062a\u06cc\u0627\u0632\u0627\u0628", "code": "203020004", "explanation": null, "is_disabled": false, "max_bed": null, "max_bes": null, "max_bed_with_sanad": null, "max_bes_with_sanad": null, "created_at": null, "updated_at": null, "level": 3, "type": 21, "costCenterGroup": null, "floatAccountGroup": null, "parent": 107}}, {"model": "accounts.account", "pk": 251, "fields": {"name": "\u0633\u0631\u0642\u0641\u0644\u06cc \u0645\u062d\u0644 \u06a9\u0633\u0628", "code": "203030001", "explanation": null, "is_disabled": false, "max_bed": null, "max_bes": null, "max_bed_with_sanad": null, "max_bes_with_sanad": null, "created_at": null, "updated_at": null, "level": 3, "type": 21, "costCenterGroup": null, "floatAccountGroup": null, "parent": 108}}, {"model": "accounts.account", "pk": 255, "fields": {"name": "\u0646\u0631\u0645 \u0627\u0641\u0632\u0627\u0631 \u062d\u0633\u0627\u0628\u062f\u0627\u0631\u06cc", "code": "205030001", "explanation": null, "is_disabled": false, "max_bed": null, "max_bes": null, "max_bed_with_sanad": null, "max_bes_with_sanad": null, "created_at": "2019-04-02", "updated_at": null, "level": 3, "type": 23, "costCenterGroup": null, "floatAccountGroup": null, "parent": 114}}, {"model": "accounts.account", "pk": 257, "fields": {"name": "\u0627\u0633\u0646\u0627\u062f\u067e\u0631\u062f\u0627\u062e\u062a\u0646\u06cc \u062a\u062c\u0627\u0631\u06cc", "code": "302010001", "explanation": null, "is_disabled": false, "max_bed": null, "max_bes": null, "max_bed_with_sanad": null, "max_bes_with_sanad": null, "created_at": "2019-03-10", "updated_at": null, "level": 3, "type": 24, "costCenterGroup": null, "floatAccountGroup": null, "parent": 116}}, {"model": "accounts.account", "pk": 258, "fields": {"name": "\u0633\u0627\u06cc\u0631 \u062d\u0633\u0627\u0628\u0647\u0627\u06cc \u067e\u0631\u062f\u0627\u062e\u062a\u0646\u06cc", "code": "303010001", "explanation": null, "is_disabled": false, "max_bed": null, "max_bes": null, "max_bed_with_sanad": null, "max_bes_with_sanad": null, "created_at": "2019-04-02", "updated_at": null, "level": 3, "type": 25, "costCenterGroup": null, "floatAccountGroup": null, "parent": 117}}, {"model": "accounts.account", "pk": 259, "fields": {"name": "\u0627\u062c\u0627\u0631\u0647 \u067e\u0631\u062f\u0627\u062e\u062a\u0646\u06cc", "code": "303010002", "explanation": null, "is_disabled": false, "max_bed": null, "max_bes": null, "max_bed_with_sanad": null, "max_bes_with_sanad": null, "created_at": null, "updated_at": null, "level": 3, "type": 25, "costCenterGroup": null, "floatAccountGroup": null, "parent": 117}}, {"model": "accounts.account", "pk": 261, "fields": {"name": "\u0645\u0627\u0644\u06cc\u0627\u062a \u0628\u0631\u0633\u0648\u062f\u0633\u0647\u0627\u0645", "code": "303030001", "explanation": null, "is_disabled": false, "max_bed": null, "max_bes": null, "max_bed_with_sanad": null, "max_bes_with_sanad": null, "created_at": null, "updated_at": null, "level": 3, "type": 25, "costCenterGroup": null, "floatAccountGroup": null, "parent": 119}}, {"model": "accounts.account", "pk": 262, "fields": {"name": "\u0645\u0627\u0644\u06cc\u0627\u062a \u0628\u0631\u062d\u0642\u0648\u0642 \u06a9\u0627\u0631\u06a9\u0646\u0627\u0646", "code": "303030002", "explanation": null, "is_disabled": false, "max_bed": null, "max_bes": null, "max_bed_with_sanad": null, "max_bes_with_sanad": null, "created_at": null, "updated_at": null, "level": 3, "type": 25, "costCenterGroup": null, "floatAccountGroup": null, "parent": 119}}, {"model": "accounts.account", "pk": 263, "fields": {"name": "\u0645\u0627\u0644\u06cc\u0627\u062a \u0628\u0631\u0627\u0631\u0632\u0634 \u0627\u0641\u0632\u0648\u062f\u0647", "code": "303030003", "explanation": null, "is_disabled": false, "max_bed": null, "max_bes": null, "max_bed_with_sanad": null, "max_bes_with_sanad": null, "created_at": null, "updated_at": null, "level": 3, "type": 25, "costCenterGroup": null, "floatAccountGroup": null, "parent": 119}}, {"model": "accounts.account", "pk": 264, "fields": {"name": "\u0645\u0627\u0644\u06cc\u0627\u062a \u0628\u0631 \u062f\u0631\u0622\u0645\u062f \u067e\u0631\u062f\u0627\u062e\u062a\u0646\u06cc", "code": "303040001", "explanation": null, "is_disabled": false, "max_bed": null, "max_bes": null, "max_bed_with_sanad": null, "max_bes_with_sanad": null, "created_at": "2019-04-02", "updated_at": null, "level": 3, "type": 25, "costCenterGroup": null, "floatAccountGroup": null, "parent": 120}}, {"model": "accounts.account", "pk": 265, "fields": {"name": "\u062d\u0642 \u0628\u06cc\u0645\u0647 \u0633\u0647\u0645 \u06a9\u0627\u0631\u0641\u0631\u0645\u0627", "code": "303050001", "explanation": null, "is_disabled": false, "max_bed": null, "max_bes": null, "max_bed_with_sanad": null, "max_bes_with_sanad": null, "created_at": null, "updated_at": null, "level": 3, "type": 25, "costCenterGroup": null, "floatAccountGroup": null, "parent": 121}}, {"model": "accounts.account", "pk": 266, "fields": {"name": "\u062d\u0642 \u0628\u06cc\u0645\u0647 \u0633\u0647\u0645 \u06a9\u0627\u0631\u06a9\u0646\u0627\u0646", "code": "303050002", "explanation": null, "is_disabled": false, "max_bed": null, "max_bes": null, "max_bed_with_sanad": null, "max_bes_with_sanad": null, "created_at": null, "updated_at": null, "level": 3, "type": 25, "costCenterGroup": null, "floatAccountGroup": null, "parent": 121}}, {"model": "accounts.account", "pk": 267, "fields": {"name": "\u062d\u0642 \u0628\u06cc\u0645\u0647 \u062a\u0631\u0627\u0646\u0632\u06cc\u062a \u0627\u0634\u062e\u0627\u0635 \u062b\u0627\u0644\u062b", "code": "303050003", "explanation": null, "is_disabled": false, "max_bed": null, "max_bes": null, "max_bed_with_sanad": null, "max_bes_with_sanad": null, "created_at": null, "updated_at": null, "level": 3, "type": 25, "costCenterGroup": null, "floatAccountGroup": null, "parent": 121}}, {"model": "accounts.account", "pk": 268, "fields": {"name": "\u0628\u06cc\u0645\u0647 \u0639\u0645\u0631 \u0648\u062d\u0648\u0627\u062f\u062b", "code": "303050004", "explanation": null, "is_disabled": false, "max_bed": null, "max_bes": null, "max_bed_with_sanad": null, "max_bes_with_sanad": null, "created_at": null, "updated_at": null, "level": 3, "type": 25, "costCenterGroup": null, "floatAccountGroup": null, "parent": 121}}, {"model": "accounts.account", "pk": 275, "fields": {"name": "\u0633\u0647\u0627\u0645 \u0639\u0627\u062f\u06cc", "code": "501010001", "explanation": null, "is_disabled": false, "max_bed": null, "max_bes": null, "max_bed_with_sanad": null, "max_bes_with_sanad": null, "created_at": null, "updated_at": null, "level": 3, "type": 33, "costCenterGroup": null, "floatAccountGroup": null, "parent": 148}}, {"model": "accounts.account", "pk": 276, "fields": {"name": "\u0633\u0647\u0627\u0645 \u0645\u0645\u062a\u0627\u0632", "code": "501010002", "explanation": null, "is_disabled": false, "max_bed": null, "max_bes": null, "max_bed_with_sanad": null, "max_bes_with_sanad": null, "created_at": null, "updated_at": null, "level": 3, "type": 33, "costCenterGroup": null, "floatAccountGroup": null, "parent": 148}}, {"model": "accounts.account", "pk": 277, "fields": {"name": "\u0633\u0647\u0627\u0645 \u0639\u0627\u062f\u06cc", "code": "501020001", "explanation": null, "is_disabled": false, "max_bed": null, "max_bes": null, "max_bed_with_sanad": null, "max_bes_with_sanad": null, "created_at": null, "updated_at": null, "level": 3, "type": 33, "costCenterGroup": null, "floatAccountGroup": null, "parent": 149}}, {"model": "accounts.account", "pk": 278, "fields": {"name": "\u0633\u0647\u0627\u0645 \u0645\u0645\u062a\u0627\u0632", "code": "501020002", "explanation": null, "is_disabled": false, "max_bed": null, "max_bes": null, "max_bed_with_sanad": null, "max_bes_with_sanad": null, "created_at": null, "updated_at": null, "level": 3, "type": 33, "costCenterGroup": null, "floatAccountGroup": null, "parent": 149}}, {"model": "accounts.account", "pk": 294, "fields": {"name": "\u0645\u0648\u0627\u062f\u0627\u0648\u0644\u06cc\u0647", "code": "603010001", "explanation": null, "is_disabled": false, "max_bed": null, "max_bes": null, "max_bed_with_sanad": null, "max_bes_with_sanad": null, "created_at": null, "updated_at": null, "level": 3, "type": 3, "costCenterGroup": null, "floatAccountGroup": null, "parent": 182}}, {"model": "accounts.account", "pk": 295, "fields": {"name": "\u062f\u0627\u0631\u0627\u06cc\u06cc \u062b\u0627\u0628\u062a \u0645\u0634\u0647\u0648\u062f", "code": "604010001", "explanation": null, "is_disabled": false, "max_bed": null, "max_bes": null, "max_bed_with_sanad": null, "max_bes_with_sanad": null, "created_at": null, "updated_at": null, "level": 3, "type": 12, "costCenterGroup": null, "floatAccountGroup": null, "parent": 186}}, {"model": "accounts.account", "pk": 296, "fields": {"name": "\u062f\u0627\u0631\u0627\u06cc\u06cc \u062b\u0627\u0628\u062a \u0646\u0627\u0645\u0634\u0647\u0648\u062f", "code": "604010002", "explanation": null, "is_disabled": false, "max_bed": null, "max_bes": null, "max_bed_with_sanad": null, "max_bes_with_sanad": null, "created_at": null, "updated_at": null, "level": 3, "type": 12, "costCenterGroup": null, "floatAccountGroup": null, "parent": 186}}, {"model": "accounts.account", "pk": 297, "fields": {"name": "\u0633\u067e\u0631\u062f\u0647 \u06af\u0630\u0627\u0631\u06cc \u06a9\u0648\u062a\u0627\u0647 \u0645\u062f\u062a", "code": "604020001", "explanation": null, "is_disabled": false, "max_bed": null, "max_bes": null, "max_bed_with_sanad": null, "max_bes_with_sanad": null, "created_at": null, "updated_at": null, "level": 3, "type": 12, "costCenterGroup": null, "floatAccountGroup": null, "parent": 187}}, {"model": "accounts.account", "pk": 298, "fields": {"name": "\u0627\u0648\u0631\u0627\u0642 \u0645\u0634\u0627\u0631\u06a9\u062a", "code": "604020002", "explanation": null, "is_disabled": false, "max_bed": null, "max_bes": null, "max_bed_with_sanad": null, "max_bes_with_sanad": null, "created_at": null, "updated_at": null, "level": 3, "type": 12, "costCenterGroup": null, "floatAccountGroup": null, "parent": 187}}, {"model": "accounts.account", "pk": 299, "fields": {"name": "\u0633\u0647\u0627\u0645", "code": "604020003", "explanation": null, "is_disabled": false, "max_bed": null, "max_bes": null, "max_bed_with_sanad": null, "max_bes_with_sanad": null, "created_at": null, "updated_at": null, "level": 3, "type": 12, "costCenterGroup": null, "floatAccountGroup": null, "parent": 187}}, {"model": "accounts.account", "pk": 300, "fields": {"name": "\u0627\u0648\u0631\u0627\u0642 \u0645\u0634\u0627\u0631\u06a9\u062a ", "code": "604030001", "explanation": null, "is_disabled": false, "max_bed": null, "max_bes": null, "max_bed_with_sanad": null, "max_bes_with_sanad": null, "created_at": null, "updated_at": null, "level": 3, "type": 12, "costCenterGroup": null, "floatAccountGroup": null, "parent": 188}}, {"model": "accounts.account", "pk": 301, "fields": {"name": "\u0633\u0647\u0627\u0645", "code": "604030002", "explanation": null, "is_disabled": false, "max_bed": null, "max_bes": null, "max_bed_with_sanad": null, "max_bes_with_sanad": null, "created_at": null, "updated_at": null, "level": 3, "type": 12, "costCenterGroup": null, "floatAccountGroup": null, "parent": 188}}, {"model": "accounts.account", "pk": 302, "fields": {"name": "\u0628\u0647\u0627\u06cc \u062a\u0645\u0627\u0645 \u0634\u062f\u0647 \u06a9\u0627\u0644\u0627\u06cc \u0641\u0631\u0648\u0634 \u0631\u0641\u062a\u0647", "code": "701010001", "explanation": null, "is_disabled": false, "max_bed": null, "max_bes": null, "max_bed_with_sanad": null, "max_bes_with_sanad": null, "created_at": "2019-04-02", "updated_at": null, "level": 3, "type": 4, "costCenterGroup": null, "floatAccountGroup": null, "parent": 191}}, {"model": "accounts.account", "pk": 310, "fields": {"name": "\u062d\u0642\u0648\u0642 \u067e\u0627\u06cc\u0647 ", "code": "801010001", "explanation": null, "is_disabled": false, "max_bed": null, "max_bes": null, "max_bed_with_sanad": null, "max_bes_with_sanad": null, "created_at": null, "updated_at": null, "level": 3, "type": 11, "costCenterGroup": null, "floatAccountGroup": null, "parent": 194}}, {"model": "accounts.account", "pk": 311, "fields": {"name": "\u0627\u06cc\u0627\u0628 \u0648\u0630\u0647\u0627\u0628", "code": "801010002", "explanation": null, "is_disabled": false, "max_bed": null, "max_bes": null, "max_bed_with_sanad": null, "max_bes_with_sanad": null, "created_at": null, "updated_at": null, "level": 3, "type": 11, "costCenterGroup": null, "floatAccountGroup": null, "parent": 194}}, {"model": "accounts.account", "pk": 312, "fields": {"name": "\u0627\u0636\u0627\u0641\u0647 \u06a9\u0627\u0631\u06cc \u0645\u0633\u062a\u0645\u0631", "code": "801010003", "explanation": null, "is_disabled": false, "max_bed": null, "max_bes": null, "max_bed_with_sanad": null, "max_bes_with_sanad": null, "created_at": null, "updated_at": null, "level": 3, "type": 11, "costCenterGroup": null, "floatAccountGroup": null, "parent": 194}}, {"model": "accounts.account", "pk": 313, "fields": {"name": "\u062d\u0642 \u062c\u0630\u0628", "code": "801010004", "explanation": null, "is_disabled": false, "max_bed": null, "max_bes": null, "max_bed_with_sanad": null, "max_bes_with_sanad": null, "created_at": null, "updated_at": null, "level": 3, "type": 11, "costCenterGroup": null, "floatAccountGroup": null, "parent": 194}}, {"model": "accounts.account", "pk": 314, "fields": {"name": "\u062d\u0642 \u062e\u0648\u0627\u0631 \u0648 \u0628\u0627\u0631 (\u0628\u0646 \u0646\u0642\u062f\u06cc)", "code": "801010005", "explanation": null, "is_disabled": false, "max_bed": null, "max_bes": null, "max_bed_with_sanad": null, "max_bes_with_sanad": null, "created_at": "2019-04-02", "updated_at": null, "level": 3, "type": 11, "costCenterGroup": null, "floatAccountGroup": null, "parent": 194}}, {"model": "accounts.account", "pk": 315, "fields": {"name": "\u062d\u0642 \u0627\u0648\u0644\u0627\u062f", "code": "801010006", "explanation": null, "is_disabled": false, "max_bed": null, "max_bes": null, "max_bed_with_sanad": null, "max_bes_with_sanad": null, "created_at": "2019-03-19", "updated_at": null, "level": 3, "type": 11, "costCenterGroup": null, "floatAccountGroup": null, "parent": 194}}, {"model": "accounts.account", "pk": 316, "fields": {"name": "\u062d\u0642 \u0645\u0633\u06a9\u0646", "code": "801010007", "explanation": null, "is_disabled": false, "max_bed": null, "max_bes": null, "max_bed_with_sanad": null, "max_bes_with_sanad": null, "created_at": "2019-04-02", "updated_at": null, "level": 3, "type": 11, "costCenterGroup": null, "floatAccountGroup": null, "parent": 194}}, {"model": "accounts.account", "pk": 317, "fields": {"name": "\u067e\u0627\u06cc\u0647 \u0633\u0646\u0648\u0627\u062a", "code": "801010008", "explanation": null, "is_disabled": false, "max_bed": null, "max_bes": null, "max_bed_with_sanad": null, "max_bes_with_sanad": null, "created_at": "2019-04-02", "updated_at": null, "level": 3, "type": 11, "costCenterGroup": null, "floatAccountGroup": null, "parent": 194}}, {"model": "accounts.account", "pk": 318, "fields": {"name": "\u0628\u0627\u0632\u062e\u0631\u06cc\u062f\u0633\u0646\u0648\u0627\u062a \u062e\u062f\u0645\u062a \u06a9\u0627\u0631\u06a9\u0646\u0627\u0646", "code": "801010009", "explanation": null, "is_disabled": false, "max_bed": null, "max_bes": null, "max_bed_with_sanad": null, "max_bes_with_sanad": null, "created_at": null, "updated_at": null, "level": 3, "type": 11, "costCenterGroup": null, "floatAccountGroup": null, "parent": 194}}, {"model": "accounts.account", "pk": 319, "fields": {"name": "\u062d\u0642 \u0633\u0631\u067e\u0631\u0633\u062a\u06cc", "code": "801010010", "explanation": null, "is_disabled": false, "max_bed": null, "max_bes": null, "max_bed_with_sanad": null, "max_bes_with_sanad": null, "created_at": null, "updated_at": null, "level": 3, "type": 11, "costCenterGroup": null, "floatAccountGroup": null, "parent": 194}}, {"model": "accounts.account", "pk": 320, "fields": {"name": "\u062d\u0642 \u0633\u062e\u062a\u06cc \u06a9\u0627\u0631", "code": "801010011", "explanation": null, "is_disabled": false, "max_bed": null, "max_bes": null, "max_bed_with_sanad": null, "max_bes_with_sanad": null, "created_at": null, "updated_at": null, "level": 3, "type": 11, "costCenterGroup": null, "floatAccountGroup": null, "parent": 194}}, {"model": "accounts.account", "pk": 321, "fields": {"name": "\u0634\u0628 \u06a9\u0627\u0631\u06cc", "code": "801010012", "explanation": null, "is_disabled": false, "max_bed": null, "max_bes": null, "max_bed_with_sanad": null, "max_bes_with_sanad": null, "created_at": "2019-04-02", "updated_at": null, "level": 3, "type": 11, "costCenterGroup": null, "floatAccountGroup": null, "parent": 194}}, {"model": "accounts.account", "pk": 322, "fields": {"name": "\u062d\u0642 \u0628\u062f\u06cc \u0627\u0628 \u0648\u0647\u0648\u0627", "code": "801010013", "explanation": null, "is_disabled": false, "max_bed": null, "max_bes": null, "max_bed_with_sanad": null, "max_bes_with_sanad": null, "created_at": null, "updated_at": null, "level": 3, "type": 11, "costCenterGroup": null, "floatAccountGroup": null, "parent": 194}}, {"model": "accounts.account", "pk": 323, "fields": {"name": "\u062d\u0642 \u0646\u0648\u0628\u062a \u06a9\u0627\u0631\u06cc", "code": "801010014", "explanation": null, "is_disabled": false, "max_bed": null, "max_bes": null, "max_bed_with_sanad": null, "max_bes_with_sanad": null, "created_at": null, "updated_at": null, "level": 3, "type": 11, "costCenterGroup": null, "floatAccountGroup": null, "parent": 194}}, {"model": "accounts.account", "pk": 324, "fields": {"name": "\u062d\u0642 \u062a\u0636\u0645\u06cc\u0646", "code": "801010015", "explanation": null, "is_disabled": false, "max_bed": null, "max_bes": null, "max_bed_with_sanad": null, "max_bes_with_sanad": null, "created_at": null, "updated_at": null, "level": 3, "type": 11, "costCenterGroup": null, "floatAccountGroup": null, "parent": 194}}, {"model": "accounts.account", "pk": 325, "fields": {"name": "\u062d\u0642 \u0634\u06cc\u0641\u062a", "code": "801010016", "explanation": null, "is_disabled": false, "max_bed": null, "max_bes": null, "max_bed_with_sanad": null, "max_bes_with_sanad": null, "created_at": "2019-04-02", "updated_at": null, "level": 3, "type": 11, "costCenterGroup": null, "floatAccountGroup": null, "parent": 194}}, {"model": "accounts.account", "pk": 326, "fields": {"name": "\u0639\u06cc\u062f\u06cc", "code": "801020001", "explanation": null, "is_disabled": false, "max_bed": null, "max_bes": null, "max_bed_with_sanad": null, "max_bes_with_sanad": null, "created_at": null, "updated_at": null, "level": 3, "type": 11, "costCenterGroup": null, "floatAccountGroup": null, "parent": 195}}, {"model": "accounts.account", "pk": 327, "fields": {"name": "\u067e\u0627\u062f\u0627\u0634 \u0628\u0647\u0631\u0648\u0631\u06cc \u062a\u0648\u0644\u06cc\u062f", "code": "801020002", "explanation": null, "is_disabled": false, "max_bed": null, "max_bes": null, "max_bed_with_sanad": null, "max_bes_with_sanad": null, "created_at": null, "updated_at": null, "level": 3, "type": 11, "costCenterGroup": null, "floatAccountGroup": null, "parent": 195}}, {"model": "accounts.account", "pk": 328, "fields": {"name": "\u0645\u0631\u062e\u0635\u06cc \u0627\u0633\u062a\u0641\u0627\u062f\u0647 \u0646\u0634\u062f\u0647", "code": "801020003", "explanation": null, "is_disabled": false, "max_bed": null, "max_bes": null, "max_bed_with_sanad": null, "max_bes_with_sanad": null, "created_at": null, "updated_at": null, "level": 3, "type": 11, "costCenterGroup": null, "floatAccountGroup": null, "parent": 195}}, {"model": "accounts.account", "pk": 329, "fields": {"name": "\u062d\u0642 \u0633\u0641\u0631\u0645\u0631\u0628\u0648\u0637 \u0628\u0647 \u0634\u063a\u0644", "code": "801020004", "explanation": null, "is_disabled": false, "max_bed": null, "max_bes": null, "max_bed_with_sanad": null, "max_bes_with_sanad": null, "created_at": null, "updated_at": null, "level": 3, "type": 11, "costCenterGroup": null, "floatAccountGroup": null, "parent": 195}}, {"model": "accounts.account", "pk": 330, "fields": {"name": "\u06a9\u0645\u06a9 \u0647\u0627\u06cc \u063a\u06cc\u0631\u0646\u0642\u062f\u06cc", "code": "801020005", "explanation": null, "is_disabled": false, "max_bed": null, "max_bes": null, "max_bed_with_sanad": null, "max_bes_with_sanad": null, "created_at": null, "updated_at": null, "level": 3, "type": 11, "costCenterGroup": null, "floatAccountGroup": null, "parent": 195}}, {"model": "accounts.account", "pk": 331, "fields": {"name": "\u0641\u0648\u0642 \u0627\u0644\u0639\u0627\u062f\u0647 \u0645\u0627\u0645\u0648\u0631\u06cc\u062a \u0645\u0631\u0628\u0648\u0637 \u0628\u0647 \u0634\u063a\u0644", "code": "801020006", "explanation": null, "is_disabled": false, "max_bed": null, "max_bes": null, "max_bed_with_sanad": null, "max_bes_with_sanad": null, "created_at": null, "updated_at": null, "level": 3, "type": 11, "costCenterGroup": null, "floatAccountGroup": null, "parent": 195}}, {"model": "accounts.account", "pk": 332, "fields": {"name": "\u0628\u0647\u062f\u0627\u0634\u062a \u0648 \u062f\u0631\u0645\u0627\u0646", "code": "801020007", "explanation": null, "is_disabled": false, "max_bed": null, "max_bes": null, "max_bed_with_sanad": null, "max_bes_with_sanad": null, "created_at": null, "updated_at": null, "level": 3, "type": 11, "costCenterGroup": null, "floatAccountGroup": null, "parent": 195}}, {"model": "accounts.account", "pk": 333, "fields": {"name": "\u062e\u0633\u0627\u0631\u062a \u0627\u062e\u0631\u0627\u062c", "code": "801020008", "explanation": null, "is_disabled": false, "max_bed": null, "max_bes": null, "max_bed_with_sanad": null, "max_bes_with_sanad": null, "created_at": null, "updated_at": null, "level": 3, "type": 11, "costCenterGroup": null, "floatAccountGroup": null, "parent": 195}}, {"model": "accounts.account", "pk": 334, "fields": {"name": "\u062d\u0642\u0648\u0642 \u0648\u0645\u0632\u0627\u06cc\u0627\u06cc \u0645\u062a\u0641\u0631\u0642\u0647", "code": "801020009", "explanation": null, "is_disabled": false, "max_bed": null, "max_bes": null, "max_bed_with_sanad": null, "max_bes_with_sanad": null, "created_at": null, "updated_at": null, "level": 3, "type": 11, "costCenterGroup": null, "floatAccountGroup": null, "parent": 195}}, {"model": "accounts.account", "pk": 335, "fields": {"name": "\u067e\u0627\u062f\u0627\u0634 ", "code": "801020010", "explanation": null, "is_disabled": false, "max_bed": null, "max_bes": null, "max_bed_with_sanad": null, "max_bes_with_sanad": null, "created_at": null, "updated_at": null, "level": 3, "type": 11, "costCenterGroup": null, "floatAccountGroup": null, "parent": 195}}, {"model": "accounts.account", "pk": 336, "fields": {"name": "\u0627\u0645\u0648\u0632\u0634", "code": "801020011", "explanation": null, "is_disabled": false, "max_bed": null, "max_bes": null, "max_bed_with_sanad": null, "max_bes_with_sanad": null, "created_at": null, "updated_at": null, "level": 3, "type": 11, "costCenterGroup": null, "floatAccountGroup": null, "parent": 195}}, {"model": "accounts.account", "pk": 337, "fields": {"name": "\u0627\u0636\u0627\u0641\u0647 \u06a9\u0627\u0631\u06cc \u063a\u06cc\u0631\u0645\u0633\u062a\u0645\u0631", "code": "801020012", "explanation": null, "is_disabled": false, "max_bed": null, "max_bes": null, "max_bed_with_sanad": null, "max_bes_with_sanad": null, "created_at": null, "updated_at": null, "level": 3, "type": 11, "costCenterGroup": null, "floatAccountGroup": null, "parent": 195}}, {"model": "accounts.account", "pk": 338, "fields": {"name": "\u0628\u06cc\u0645\u0647 \u0633\u0647\u0645 \u06a9\u0627\u0631\u0641\u0631\u0645\u0627", "code": "801030001", "explanation": null, "is_disabled": false, "max_bed": null, "max_bes": null, "max_bed_with_sanad": null, "max_bes_with_sanad": null, "created_at": null, "updated_at": null, "level": 3, "type": 11, "costCenterGroup": null, "floatAccountGroup": null, "parent": 196}}, {"model": "accounts.account", "pk": 339, "fields": {"name": "\u0628\u06cc\u0645\u0647 \u0628\u06cc\u06a9\u0627\u0631\u06cc", "code": "801030002", "explanation": null, "is_disabled": false, "max_bed": null, "max_bes": null, "max_bed_with_sanad": null, "max_bes_with_sanad": null, "created_at": null, "updated_at": null, "level": 3, "type": 11, "costCenterGroup": null, "floatAccountGroup": null, "parent": 196}}, {"model": "accounts.account", "pk": 340, "fields": {"name": "\u062f\u0633\u062a\u0645\u0632\u062f \u06a9\u0627\u0631\u06a9\u0646\u0627\u0646 \u0631\u0648\u0632 \u0645\u0632\u062f", "code": "801040001", "explanation": null, "is_disabled": false, "max_bed": null, "max_bes": null, "max_bed_with_sanad": null, "max_bes_with_sanad": null, "created_at": null, "updated_at": null, "level": 3, "type": 11, "costCenterGroup": null, "floatAccountGroup": null, "parent": 197}}, {"model": "accounts.account", "pk": 341, "fields": {"name": "\u0633\u0627\u062e\u062a\u0645\u0627\u0646", "code": "802010001", "explanation": null, "is_disabled": false, "max_bed": null, "max_bes": null, "max_bed_with_sanad": null, "max_bes_with_sanad": null, "created_at": null, "updated_at": null, "level": 3, "type": 11, "costCenterGroup": null, "floatAccountGroup": null, "parent": 198}}, {"model": "accounts.account", "pk": 342, "fields": {"name": "\u062a\u0627\u0633\u06cc\u0633\u0627\u062a", "code": "802010002", "explanation": null, "is_disabled": false, "max_bed": null, "max_bes": null, "max_bed_with_sanad": null, "max_bes_with_sanad": null, "created_at": null, "updated_at": null, "level": 3, "type": 11, "costCenterGroup": null, "floatAccountGroup": null, "parent": 198}}, {"model": "accounts.account", "pk": 343, "fields": {"name": "\u0645\u0627\u0634\u06cc\u0646 \u0627\u0644\u0627\u062a ", "code": "802010003", "explanation": null, "is_disabled": false, "max_bed": null, "max_bes": null, "max_bed_with_sanad": null, "max_bes_with_sanad": null, "created_at": null, "updated_at": null, "level": 3, "type": 11, "costCenterGroup": null, "floatAccountGroup": null, "parent": 198}}, {"model": "accounts.account", "pk": 344, "fields": {"name": "\u0627\u0628\u0632\u0627\u0631\u0627\u0644\u0627\u062a ", "code": "802010004", "explanation": null, "is_disabled": false, "max_bed": null, "max_bes": null, "max_bed_with_sanad": null, "max_bes_with_sanad": null, "created_at": null, "updated_at": null, "level": 3, "type": 11, "costCenterGroup": null, "floatAccountGroup": null, "parent": 198}}, {"model": "accounts.account", "pk": 345, "fields": {"name": "\u0648\u0633\u0627\u0626\u0637 \u0646\u0642\u0644\u06cc\u0647", "code": "802010005", "explanation": null, "is_disabled": false, "max_bed": null, "max_bes": null, "max_bed_with_sanad": null, "max_bes_with_sanad": null, "created_at": null, "updated_at": null, "level": 3, "type": 11, "costCenterGroup": null, "floatAccountGroup": null, "parent": 198}}, {"model": "accounts.account", "pk": 346, "fields": {"name": "\u0627\u062b\u0627\u062b\u0647 \u0648\u0645\u0646\u0635\u0648\u0628\u0627\u062a \u0627\u062f\u0627\u0631\u06cc", "code": "802010006", "explanation": null, "is_disabled": false, "max_bed": null, "max_bes": null, "max_bed_with_sanad": null, "max_bes_with_sanad": null, "created_at": null, "updated_at": null, "level": 3, "type": 11, "costCenterGroup": null, "floatAccountGroup": null, "parent": 198}}, {"model": "accounts.account", "pk": 347, "fields": {"name": "\u0644\u0648\u0627\u0632\u0645 \u0627\u0632\u0645\u0627\u06cc\u0634\u06af\u0627\u0647\u06cc", "code": "802010007", "explanation": null, "is_disabled": false, "max_bed": null, "max_bes": null, "max_bed_with_sanad": null, "max_bes_with_sanad": null, "created_at": null, "updated_at": null, "level": 3, "type": 11, "costCenterGroup": null, "floatAccountGroup": null, "parent": 198}}, {"model": "accounts.account", "pk": 348, "fields": {"name": "\u062f\u0627\u0631\u0627\u06cc\u06cc \u0647\u0627\u06cc \u0633\u0631\u0645\u0627\u06cc\u0647 \u0627\u06cc \u0645\u0648\u062c\u0648\u062f\u062f\u0631\u0627\u0646\u0628\u0627\u0631", "code": "802010008", "explanation": null, "is_disabled": false, "max_bed": null, "max_bes": null, "max_bed_with_sanad": null, "max_bes_with_sanad": null, "created_at": null, "updated_at": null, "level": 3, "type": 11, "costCenterGroup": null, "floatAccountGroup": null, "parent": 198}}, {"model": "accounts.account", "pk": 424, "fields": {"name": "\u0632\u0645\u06cc\u0646", "code": "802060001", "explanation": null, "is_disabled": false, "max_bed": null, "max_bes": null, "max_bed_with_sanad": null, "max_bes_with_sanad": null, "created_at": null, "updated_at": null, "level": 3, "type": 11, "costCenterGroup": null, "floatAccountGroup": null, "parent": 203}}, {"model": "accounts.account", "pk": 425, "fields": {"name": "\u0633\u0627\u062e\u062a\u0645\u0627\u0646", "code": "802060002", "explanation": null, "is_disabled": false, "max_bed": null, "max_bes": null, "max_bed_with_sanad": null, "max_bes_with_sanad": null, "created_at": null, "updated_at": null, "level": 3, "type": 11, "costCenterGroup": null, "floatAccountGroup": null, "parent": 203}}, {"model": "accounts.account", "pk": 426, "fields": {"name": "\u062a\u0627\u0633\u06cc\u0633\u0627\u062a", "code": "802060003", "explanation": null, "is_disabled": false, "max_bed": null, "max_bes": null, "max_bed_with_sanad": null, "max_bes_with_sanad": null, "created_at": null, "updated_at": null, "level": 3, "type": 11, "costCenterGroup": null, "floatAccountGroup": null, "parent": 203}}, {"model": "accounts.account", "pk": 427, "fields": {"name": "\u0645\u0627\u0634\u06cc\u0646 \u0627\u0644\u0627\u062a \u0648\u062a\u062c\u0647\u06cc\u0632\u0627\u062a", "code": "802060004", "explanation": null, "is_disabled": false, "max_bed": null, "max_bes": null, "max_bed_with_sanad": null, "max_bes_with_sanad": null, "created_at": null, "updated_at": null, "level": 3, "type": 11, "costCenterGroup": null, "floatAccountGroup": null, "parent": 203}}, {"model": "accounts.account", "pk": 428, "fields": {"name": "\u0627\u0628\u0632\u0627\u0631 \u0627\u0644\u0627\u062a", "code": "802060005", "explanation": null, "is_disabled": false, "max_bed": null, "max_bes": null, "max_bed_with_sanad": null, "max_bes_with_sanad": null, "created_at": null, "updated_at": null, "level": 3, "type": 11, "costCenterGroup": null, "floatAccountGroup": null, "parent": 203}}, {"model": "accounts.account", "pk": 429, "fields": {"name": "\u0648\u0633\u0627\u0626\u0637 \u0646\u0642\u0644\u06cc\u0647", "code": "802060006", "explanation": null, "is_disabled": false, "max_bed": null, "max_bes": null, "max_bed_with_sanad": null, "max_bes_with_sanad": null, "created_at": null, "updated_at": null, "level": 3, "type": 11, "costCenterGroup": null, "floatAccountGroup": null, "parent": 203}}, {"model": "accounts.account", "pk": 430, "fields": {"name": "\u0627\u062b\u0627\u062b\u0647 \u0648 \u0645\u0646\u0635\u0648\u0628\u0627\u062a \u0627\u062f\u0627\u0631\u06cc", "code": "802060007", "explanation": null, "is_disabled": false, "max_bed": null, "max_bes": null, "max_bed_with_sanad": null, "max_bes_with_sanad": null, "created_at": null, "updated_at": null, "level": 3, "type": 11, "costCenterGroup": null, "floatAccountGroup": null, "parent": 203}}, {"model": "accounts.account", "pk": 431, "fields": {"name": "\u0644\u0648\u0627\u0632\u0645 \u0622\u0632\u0645\u0627\u06cc\u0634\u06af\u0627\u0647\u06cc", "code": "802060008", "explanation": null, "is_disabled": false, "max_bed": null, "max_bes": null, "max_bed_with_sanad": null, "max_bes_with_sanad": null, "created_at": null, "updated_at": null, "level": 3, "type": 11, "costCenterGroup": null, "floatAccountGroup": null, "parent": 203}}, {"model": "accounts.account", "pk": 432, "fields": {"name": "\u062f\u0627\u0631\u0627\u06cc\u06cc \u0647\u0627\u06cc \u0633\u0631\u0645\u0627\u06cc\u0647 \u0627\u06cc \u0645\u0648\u062c\u0648\u062f \u062f\u0631 \u0627\u0646\u0628\u0627\u0631", "code": "802060009", "explanation": null, "is_disabled": false, "max_bed": null, "max_bes": null, "max_bed_with_sanad": null, "max_bes_with_sanad": null, "created_at": null, "updated_at": null, "level": 3, "type": 11, "costCenterGroup": null, "floatAccountGroup": null, "parent": 203}}, {"model": "accounts.account", "pk": 433, "fields": {"name": "\u0645\u0648\u062c\u0648\u062f\u06cc \u0645\u0648\u0627\u062f\u0627\u0648\u0644\u06cc\u0647", "code": "802070001", "explanation": null, "is_disabled": false, "max_bed": null, "max_bes": null, "max_bed_with_sanad": null, "max_bes_with_sanad": null, "created_at": null, "updated_at": null, "level": 3, "type": 11, "costCenterGroup": null, "floatAccountGroup": null, "parent": 204}}, {"model": "accounts.account", "pk": 434, "fields": {"name": "\u0645\u0648\u0627\u062f \u06a9\u0645\u06a9\u06cc \u0648 \u0628\u0633\u062a\u0647 \u0628\u0646\u062f\u06cc", "code": "802070002", "explanation": null, "is_disabled": false, "max_bed": null, "max_bes": null, "max_bed_with_sanad": null, "max_bes_with_sanad": null, "created_at": null, "updated_at": null, "level": 3, "type": 11, "costCenterGroup": null, "floatAccountGroup": null, "parent": 204}}, {"model": "accounts.account", "pk": 435, "fields": {"name": "\u0642\u0637\u0639\u0627\u062a \u0648 \u0645\u0644\u0632\u0648\u0645\u0627\u062a \u0645\u0635\u0631\u0641\u06cc", "code": "802070003", "explanation": null, "is_disabled": false, "max_bed": null, "max_bes": null, "max_bed_with_sanad": null, "max_bes_with_sanad": null, "created_at": null, "updated_at": null, "level": 3, "type": 11, "costCenterGroup": null, "floatAccountGroup": null, "parent": 204}}, {"model": "accounts.account", "pk": 436, "fields": {"name": "\u06a9\u0627\u0644\u0627\u06cc \u062f\u0631 \u062c\u0631\u06cc\u0627\u0646 \u0633\u0627\u062e\u062a", "code": "802070004", "explanation": null, "is_disabled": false, "max_bed": null, "max_bes": null, "max_bed_with_sanad": null, "max_bes_with_sanad": null, "created_at": null, "updated_at": null, "level": 3, "type": 11, "costCenterGroup": null, "floatAccountGroup": null, "parent": 204}}, {"model": "accounts.account", "pk": 437, "fields": {"name": "\u06a9\u0627\u0644\u0627\u06cc \u0633\u0627\u062e\u062a\u0647 \u0634\u062f\u0647", "code": "802070005", "explanation": null, "is_disabled": false, "max_bed": null, "max_bes": null, "max_bed_with_sanad": null, "max_bes_with_sanad": null, "created_at": null, "updated_at": null, "level": 3, "type": 11, "costCenterGroup": null, "floatAccountGroup": null, "parent": 204}}, {"model": "accounts.account", "pk": 438, "fields": {"name": "\u06a9\u0627\u0644\u0627\u06cc \u0627\u0645\u0627\u0646\u06cc \u0645\u0627 \u0646\u0632\u062f \u062f\u06cc\u06af\u0631\u0627\u0646", "code": "802070006", "explanation": null, "is_disabled": false, "max_bed": null, "max_bes": null, "max_bed_with_sanad": null, "max_bes_with_sanad": null, "created_at": null, "updated_at": null, "level": 3, "type": 11, "costCenterGroup": null, "floatAccountGroup": null, "parent": 204}}, {"model": "accounts.account", "pk": 447, "fields": {"name": "\u0645\u0648\u062c\u0648\u062f\u06cc \u0645\u0648\u0627\u062f\u0627\u0648\u0644\u06cc\u0647", "code": "803010001", "explanation": null, "is_disabled": false, "max_bed": null, "max_bes": null, "max_bed_with_sanad": null, "max_bes_with_sanad": null, "created_at": null, "updated_at": null, "level": 3, "type": 11, "costCenterGroup": null, "floatAccountGroup": null, "parent": 210}}, {"model": "accounts.account", "pk": 448, "fields": {"name": "\u0645\u0648\u0627\u062f \u06a9\u0645\u06a9\u06cc \u0648 \u0628\u0633\u062a\u0647 \u0628\u0646\u062f\u06cc", "code": "803010002", "explanation": null, "is_disabled": false, "max_bed": null, "max_bes": null, "max_bed_with_sanad": null, "max_bes_with_sanad": null, "created_at": null, "updated_at": null, "level": 3, "type": 11, "costCenterGroup": null, "floatAccountGroup": null, "parent": 210}}, {"model": "accounts.account", "pk": 449, "fields": {"name": "\u0642\u0637\u0639\u0627\u062a \u0648 \u0645\u0644\u0632\u0648\u0645\u0627\u062a \u0645\u0635\u0631\u0641\u06cc", "code": "803010003", "explanation": null, "is_disabled": false, "max_bed": null, "max_bes": null, "max_bed_with_sanad": null, "max_bes_with_sanad": null, "created_at": null, "updated_at": null, "level": 3, "type": 11, "costCenterGroup": null, "floatAccountGroup": null, "parent": 210}}, {"model": "accounts.account", "pk": 450, "fields": {"name": "\u06a9\u0627\u0644\u0627\u06cc \u062f\u0631 \u062c\u0631\u06cc\u0627\u0646 \u0633\u0627\u062e\u062a", "code": "803010004", "explanation": null, "is_disabled": false, "max_bed": null, "max_bes": null, "max_bed_with_sanad": null, "max_bes_with_sanad": null, "created_at": null, "updated_at": null, "level": 3, "type": 11, "costCenterGroup": null, "floatAccountGroup": null, "parent": 210}}, {"model": "accounts.account", "pk": 451, "fields": {"name": "\u06a9\u0627\u0644\u0627\u06cc \u0633\u0627\u062e\u062a\u0647 \u0634\u062f\u0647", "code": "803010005", "explanation": null, "is_disabled": false, "max_bed": null, "max_bes": null, "max_bed_with_sanad": null, "max_bes_with_sanad": null, "created_at": null, "updated_at": null, "level": 3, "type": 11, "costCenterGroup": null, "floatAccountGroup": null, "parent": 210}}, {"model": "accounts.account", "pk": 459, "fields": {"name": "\u0636\u0645\u0627\u0646\u062a \u0646\u0627\u0645\u0647 \u0634\u0631\u06a9\u062a \u062f\u0631 \u0645\u0646\u0627\u0642\u0635\u0647", "code": "901010001", "explanation": null, "is_disabled": false, "max_bed": null, "max_bes": null, "max_bed_with_sanad": null, "max_bes_with_sanad": null, "created_at": null, "updated_at": null, "level": 3, "type": 39, "costCenterGroup": null, "floatAccountGroup": null, "parent": 226}}, {"model": "accounts.account", "pk": 460, "fields": {"name": "\u0636\u0645\u0627\u0646\u062a \u0646\u0627\u0645\u062f\u0647 \u0634\u0631\u06a9\u062a \u062f\u0631 \u0645\u0632\u0627\u06cc\u062f\u0647", "code": "901010002", "explanation": null, "is_disabled": false, "max_bed": null, "max_bes": null, "max_bed_with_sanad": null, "max_bes_with_sanad": null, "created_at": null, "updated_at": null, "level": 3, "type": 39, "costCenterGroup": null, "floatAccountGroup": null, "parent": 226}}, {"model": "accounts.account", "pk": 461, "fields": {"name": "\u0636\u0645\u0627\u0646\u062a \u0646\u0627\u0645\u0647 \u062d\u0633\u0646 \u0627\u0646\u062c\u0627\u0645 \u06a9\u0627\u0631", "code": "901010003", "explanation": null, "is_disabled": false, "max_bed": null, "max_bes": null, "max_bed_with_sanad": null, "max_bes_with_sanad": null, "created_at": null, "updated_at": null, "level": 3, "type": 39, "costCenterGroup": null, "floatAccountGroup": null, "parent": 226}}, {"model": "accounts.account", "pk": 462, "fields": {"name": "\u0636\u0645\u0627\u0646\u062a \u0646\u0627\u0645\u0647 \u062d\u0633\u0646 \u0627\u062c\u0631\u0627\u06cc \u062a\u0639\u0647\u062f\u0627\u062a", "code": "901010004", "explanation": null, "is_disabled": false, "max_bed": null, "max_bes": null, "max_bed_with_sanad": null, "max_bes_with_sanad": null, "created_at": null, "updated_at": null, "level": 3, "type": 39, "costCenterGroup": null, "floatAccountGroup": null, "parent": 226}}, {"model": "accounts.account", "pk": 463, "fields": {"name": "\u0636\u0645\u0627\u0646\u062a \u0646\u0627\u0645\u0647 \u0628\u0627\u0646\u06a9\u06cc", "code": "901010005", "explanation": null, "is_disabled": false, "max_bed": null, "max_bes": null, "max_bed_with_sanad": null, "max_bes_with_sanad": null, "created_at": null, "updated_at": null, "level": 3, "type": 39, "costCenterGroup": null, "floatAccountGroup": null, "parent": 226}}, {"model": "accounts.account", "pk": 464, "fields": {"name": "\u0627\u0633\u0646\u0627\u062f \u062a\u0636\u0645\u06cc\u0646\u06cc \u062f\u0631\u06cc\u0627\u0641\u062a\u06cc \u0627\u0632 \u06a9\u0627\u0631\u06a9\u0646\u0627\u0646", "code": "901010006", "explanation": null, "is_disabled": false, "max_bed": null, "max_bes": null, "max_bed_with_sanad": null, "max_bes_with_sanad": null, "created_at": null, "updated_at": null, "level": 3, "type": 39, "costCenterGroup": null, "floatAccountGroup": null, "parent": 226}}, {"model": "accounts.account", "pk": 465, "fields": {"name": "\u06a9\u0627\u0644\u0627\u06cc \u0627\u0645\u0627\u0646\u06cc \u0645\u0627 \u0646\u0632\u062f \u062f\u06cc\u06af\u0631\u0627\u0646", "code": "901010007", "explanation": null, "is_disabled": false, "max_bed": null, "max_bes": null, "max_bed_with_sanad": null, "max_bes_with_sanad": null, "created_at": null, "updated_at": null, "level": 3, "type": 39, "costCenterGroup": null, "floatAccountGroup": null, "parent": 226}}, {"model": "accounts.account", "pk": 466, "fields": {"name": "\u0633\u0627\u06cc\u0631 \u0627\u0633\u0646\u0627\u062f \u062a\u0636\u0645\u06cc\u0646\u06cc \u0628\u0647 \u0646\u0641\u0639 \u0634\u0631\u06a9\u062a", "code": "901010008", "explanation": null, "is_disabled": false, "max_bed": null, "max_bes": null, "max_bed_with_sanad": null, "max_bes_with_sanad": null, "created_at": null, "updated_at": null, "level": 3, "type": 39, "costCenterGroup": null, "floatAccountGroup": null, "parent": 226}}, {"model": "accounts.account", "pk": 467, "fields": {"name": "\u0627\u0633\u0646\u0627\u062f \u062a\u0636\u0645\u06cc\u0646\u06cc \u062a\u0646\u062e\u0648\u0627\u0647 ", "code": "901010009", "explanation": null, "is_disabled": false, "max_bed": null, "max_bes": null, "max_bed_with_sanad": null, "max_bes_with_sanad": null, "created_at": null, "updated_at": null, "level": 3, "type": 39, "costCenterGroup": null, "floatAccountGroup": null, "parent": 226}}, {"model": "accounts.account", "pk": 468, "fields": {"name": "\u0645\u0648\u062c\u0648\u062f\u06cc \u0636\u0627\u06cc\u0639\u0627\u062a", "code": "901010010", "explanation": null, "is_disabled": false, "max_bed": null, "max_bes": null, "max_bed_with_sanad": null, "max_bes_with_sanad": null, "created_at": null, "updated_at": null, "level": 3, "type": 39, "costCenterGroup": null, "floatAccountGroup": null, "parent": 226}}, {"model": "accounts.account", "pk": 469, "fields": {"name": "\u0636\u0645\u0627\u0646\u062a \u0646\u0627\u0645\u0647 \u0634\u0631\u06a9\u062a \u062f\u0631 \u0645\u0646\u0627\u0642\u0635\u0647", "code": "901020001", "explanation": null, "is_disabled": false, "max_bed": null, "max_bes": null, "max_bed_with_sanad": null, "max_bes_with_sanad": null, "created_at": null, "updated_at": null, "level": 3, "type": 39, "costCenterGroup": null, "floatAccountGroup": null, "parent": 227}}, {"model": "accounts.account", "pk": 470, "fields": {"name": "\u0636\u0645\u0627\u0646\u062a \u0646\u0627\u0645\u0647 \u0634\u0631\u06a9\u062a \u062f\u0631 \u0645\u0632\u0627\u06cc\u062f\u0647", "code": "901020002", "explanation": null, "is_disabled": false, "max_bed": null, "max_bes": null, "max_bed_with_sanad": null, "max_bes_with_sanad": null, "created_at": null, "updated_at": null, "level": 3, "type": 39, "costCenterGroup": null, "floatAccountGroup": null, "parent": 227}}, {"model": "accounts.account", "pk": 471, "fields": {"name": "\u0636\u0645\u0627\u0646\u062a \u0646\u0627\u0645\u0647 \u062d\u0633\u0646 \u0627\u0646\u062c\u0627\u0645 \u06a9\u0627\u0631", "code": "901020003", "explanation": null, "is_disabled": false, "max_bed": null, "max_bes": null, "max_bed_with_sanad": null, "max_bes_with_sanad": null, "created_at": null, "updated_at": null, "level": 3, "type": 39, "costCenterGroup": null, "floatAccountGroup": null, "parent": 227}}, {"model": "accounts.account", "pk": 472, "fields": {"name": "\u0636\u0645\u0627\u0646\u062a \u0646\u0627\u0645\u0647 \u067e\u06cc\u0634 \u067e\u0631\u062f\u0627\u062e\u062a ", "code": "901020004", "explanation": null, "is_disabled": false, "max_bed": null, "max_bes": null, "max_bed_with_sanad": null, "max_bes_with_sanad": null, "created_at": null, "updated_at": null, "level": 3, "type": 39, "costCenterGroup": null, "floatAccountGroup": null, "parent": 227}}, {"model": "accounts.account", "pk": 473, "fields": {"name": "\u0636\u0645\u0627\u0646\u062a \u0646\u0627\u0645\u0647 \u062d\u0633\u0646 \u0627\u062c\u0631\u0627\u06cc \u062a\u0639\u0647\u062f\u0627\u062a", "code": "901020005", "explanation": null, "is_disabled": false, "max_bed": null, "max_bes": null, "max_bed_with_sanad": null, "max_bes_with_sanad": null, "created_at": null, "updated_at": null, "level": 3, "type": 39, "costCenterGroup": null, "floatAccountGroup": null, "parent": 227}}, {"model": "accounts.account", "pk": 474, "fields": {"name": "\u0636\u0645\u0627\u0646\u062a \u0646\u0627\u0645\u0647 \u0628\u0627\u0646\u06a9\u06cc", "code": "901020006", "explanation": null, "is_disabled": false, "max_bed": null, "max_bes": null, "max_bed_with_sanad": null, "max_bes_with_sanad": null, "created_at": null, "updated_at": null, "level": 3, "type": 39, "costCenterGroup": null, "floatAccountGroup": null, "parent": 227}}, {"model": "accounts.account", "pk": 475, "fields": {"name": "\u06a9\u0627\u0644\u0627\u06cc \u0627\u0645\u0627\u0646\u06cc \u062f\u06cc\u06af\u0631\u0627\u0646 \u0646\u0632\u062f \u0645\u0627", "code": "901020007", "explanation": null, "is_disabled": false, "max_bed": null, "max_bes": null, "max_bed_with_sanad": null, "max_bes_with_sanad": null, "created_at": null, "updated_at": null, "level": 3, "type": 39, "costCenterGroup": null, "floatAccountGroup": null, "parent": 227}}, {"model": "accounts.account", "pk": 476, "fields": {"name": "\u0627\u0633\u0646\u0627\u062f \u062a\u0636\u0645\u06cc\u0646\u06cc \u0628\u0627\u0628\u062a \u062a\u0633\u0647\u06cc\u0644\u0627\u062a \u0645\u0627\u0644\u06cc \u062f\u0631\u06cc\u0627\u0641\u062a\u06cc \u0627\u0634\u062e\u0627\u0635 \u062b\u0627\u0644\u062b", "code": "901020008", "explanation": null, "is_disabled": false, "max_bed": null, "max_bes": null, "max_bed_with_sanad": null, "max_bes_with_sanad": null, "created_at": null, "updated_at": null, "level": 3, "type": 39, "costCenterGroup": null, "floatAccountGroup": null, "parent": 227}}, {"model": "accounts.account", "pk": 477, "fields": {"name": "\u0627\u0633\u0646\u0627\u062f \u062a\u0636\u0645\u06cc\u0646\u06cc \u0628\u0627\u0628\u062a \u062a\u0633\u0647\u06cc\u0644\u0627\u062a \u0645\u0627\u0644\u06cc \u062f\u0631\u06cc\u0627\u0641\u062a\u06cc \u0634\u0631\u06a9\u062a", "code": "901020009", "explanation": null, "is_disabled": false, "max_bed": null, "max_bes": null, "max_bed_with_sanad": null, "max_bes_with_sanad": null, "created_at": null, "updated_at": null, "level": 3, "type": 39, "costCenterGroup": null, "floatAccountGroup": null, "parent": 227}}, {"model": "accounts.account", "pk": 478, "fields": {"name": "\u0633\u0627\u06cc\u0631 \u0627\u0633\u0646\u0627\u062f \u062a\u0636\u0645\u06cc\u0646\u06cc \u0628\u0647 \u0639\u0647\u062f\u0647 \u0634\u0631\u06a9\u062a", "code": "901020010", "explanation": null, "is_disabled": false, "max_bed": null, "max_bes": null, "max_bed_with_sanad": null, "max_bes_with_sanad": null, "created_at": null, "updated_at": null, "level": 3, "type": 39, "costCenterGroup": null, "floatAccountGroup": null, "parent": 227}}, {"model": "accounts.account", "pk": 479, "fields": {"name": "\u0627\u0633\u0646\u0627\u062f \u062a\u0636\u0645\u06cc\u0646\u06cc \u0628\u0627\u0628\u062a \u0633\u0641\u0627\u0631\u0634\u0627\u062a", "code": "901020011", "explanation": null, "is_disabled": false, "max_bed": null, "max_bes": null, "max_bed_with_sanad": null, "max_bes_with_sanad": null, "created_at": null, "updated_at": null, "level": 3, "type": 39, "costCenterGroup": null, "floatAccountGroup": null, "parent": 227}}, {"model": "accounts.account", "pk": 480, "fields": {"name": "\u0636\u0645\u0627\u0646\u062a \u0646\u0627\u0645\u0647 \u06af\u0645\u0631\u06a9\u06cc", "code": "901020012", "explanation": null, "is_disabled": false, "max_bed": null, "max_bes": null, "max_bed_with_sanad": null, "max_bes_with_sanad": null, "created_at": null, "updated_at": null, "level": 3, "type": 39, "costCenterGroup": null, "floatAccountGroup": null, "parent": 227}}, {"model": "accounts.account", "pk": 481, "fields": {"name": "\u0627\u0633\u0646\u0627\u062f \u062a\u0636\u0645\u06cc\u0646\u06cc \u0628\u0627\u0628\u062a \u062a\u0633\u0647\u06cc\u0644\u0627\u062a \u0645\u0627\u0644\u06cc \u062f\u0631\u06cc\u0627\u0641\u062a\u06cc \u0627\u0632 \u06a9\u0627\u0631\u06a9\u0646\u0627\u0646", "code": "901020013", "explanation": null, "is_disabled": false, "max_bed": null, "max_bes": null, "max_bed_with_sanad": null, "max_bes_with_sanad": null, "created_at": null, "updated_at": null, "level": 3, "type": 39, "costCenterGroup": null, "floatAccountGroup": null, "parent": 227}}, {"model": "accounts.account", "pk": 482, "fields": {"name": "\u0627\u0633\u0646\u0627\u062f \u062a\u0636\u0645\u06cc\u0646\u06cc \u0628\u0627\u0628\u062a \u062a\u0633\u0647\u06cc\u0644\u0627\u062a \u0645\u0627\u0644\u06cc \u062f\u0631\u06cc\u0627\u0641\u062a\u06cc \u0627\u0634\u062e\u0627\u0635 \u0648\u0627\u0628\u0633\u062a\u0647", "code": "901020014", "explanation": null, "is_disabled": false, "max_bed": null, "max_bes": null, "max_bed_with_sanad": null, "max_bes_with_sanad": null, "created_at": null, "updated_at": null, "level": 3, "type": 39, "costCenterGroup": null, "floatAccountGroup": null, "parent": 227}}, {"model": "accounts.account", "pk": 483, "fields": {"name": "\u0633\u0627\u06cc\u0631 \u0627\u0633\u0646\u0627\u062f \u062a\u0636\u0645\u06cc\u0646\u06cc \u0628\u0647 \u0639\u0647\u062f\u0647 \u0634\u0631\u06a9\u062a", "code": "901020015", "explanation": null, "is_disabled": false, "max_bed": null, "max_bes": null, "max_bed_with_sanad": null, "max_bes_with_sanad": null, "created_at": null, "updated_at": null, "level": 3, "type": 39, "costCenterGroup": null, "floatAccountGroup": null, "parent": 227}}, {"model": "accounts.account", "pk": 489, "fields": {"name": "\u062e\u0631\u06cc\u062f\u0627\u0631 1", "code": "103020001", "explanation": null, "is_disabled": false, "max_bed": null, "max_bes": null, "max_bed_with_sanad": null, "max_bes_with_sanad": null, "created_at": "2019-03-10", "updated_at": "2019-02-21", "level": 3, "type": 16, "costCenterGroup": null, "floatAccountGroup": null, "parent": 66}}, {"model": "accounts.account", "pk": 490, "fields": {"name": "\u0641\u0631\u0648\u0634\u0646\u062f\u0647 1", "code": "301010002", "explanation": null, "is_disabled": false, "max_bed": null, "max_bes": null, "max_bed_with_sanad": null, "max_bes_with_sanad": null, "created_at": "2019-02-21", "updated_at": "2019-02-21", "level": 3, "type": 24, "costCenterGroup": null, "floatAccountGroup": null, "parent": 115}}, {"model": "accounts.account", "pk": 491, "fields": {"name": "\u0628\u0627\u0646\u06a9 1", "code": "101010001", "explanation": null, "is_disabled": false, "max_bed": null, "max_bes": null, "max_bed_with_sanad": null, "max_bes_with_sanad": null, "created_at": "2019-03-19", "updated_at": "2019-02-21", "level": 3, "type": 14, "costCenterGroup": null, "floatAccountGroup": null, "parent": 55}}, {"model": "accounts.account", "pk": 492, "fields": {"name": "\u062d\u0633\u06cc\u0646\u06cc", "code": "103010001", "explanation": null, "is_disabled": false, "max_bed": null, "max_bes": null, "max_bed_with_sanad": null, "max_bes_with_sanad": null, "created_at": "2019-03-23", "updated_at": "2019-03-10", "level": 3, "type": 16, "costCenterGroup": null, "floatAccountGroup": null, "parent": 65}}, {"model": "accounts.account", "pk": 493, "fields": {"name": "\u062d\u0633\u0627\u0628 \u0647\u0627\u06cc \u067e\u0631\u062f\u0627\u062e\u062a\u0646\u06cc \u062d\u0642\u0648\u0642\u06cc", "code": "30102", "explanation": null, "is_disabled": false, "max_bed": null, "max_bes": null, "max_bed_with_sanad": null, "max_bes_with_sanad": null, "created_at": "2019-03-10", "updated_at": "2019-03-10", "level": 2, "type": 24, "costCenterGroup": null, "floatAccountGroup": null, "parent": 22}}, {"model": "accounts.account", "pk": 494, "fields": {"name": "\u0627\u0635\u063a\u0631\u06cc", "code": "301010003", "explanation": null, "is_disabled": false, "max_bed": null, "max_bes": null, "max_bed_with_sanad": null, "max_bes_with_sanad": null, "created_at": "2019-03-13", "updated_at": "2019-03-10", "level": 3, "type": 24, "costCenterGroup": null, "floatAccountGroup": null, "parent": 115}}, {"model": "accounts.account", "pk": 495, "fields": {"name": "\u0645\u06cc\u0631\u0632\u0627\u06cc\u06cc", "code": "103010002", "explanation": null, "is_disabled": false, "max_bed": null, "max_bes": null, "max_bed_with_sanad": null, "max_bes_with_sanad": null, "created_at": "2019-03-23", "updated_at": "2019-03-10", "level": 3, "type": 16, "costCenterGroup": null, "floatAccountGroup": null, "parent": 65}}, {"model": "accounts.account", "pk": 496, "fields": {"name": "\u062f\u0647\u0642\u0627\u0646\u06cc", "code": "301010004", "explanation": null, "is_disabled": false, "max_bed": null, "max_bes": null, "max_bed_with_sanad": null, "max_bes_with_sanad": null, "created_at": "2019-03-13", "updated_at": "2019-03-10", "level": 3, "type": 24, "costCenterGroup": null, "floatAccountGroup": null, "parent": 115}}, {"model": "accounts.account", "pk": 497, "fields": {"name": "\u0628\u0627\u0646\u06a9 2", "code": "101010002", "explanation": null, "is_disabled": false, "max_bed": null, "max_bes": null, "max_bed_with_sanad": null, "max_bes_with_sanad": null, "created_at": "2019-03-12", "updated_at": "2019-03-10", "level": 3, "type": 14, "costCenterGroup": null, "floatAccountGroup": null, "parent": 55}}, {"model": "accounts.account", "pk": 498, "fields": {"name": "\u0641\u0631\u0648\u0634", "code": "601010001", "explanation": null, "is_disabled": false, "max_bed": null, "max_bes": null, "max_bed_with_sanad": null, "max_bes_with_sanad": null, "created_at": "2019-03-23", "updated_at": "2019-03-16", "level": 3, "type": 1, "costCenterGroup": null, "floatAccountGroup": null, "parent": 174}}, {"model": "accounts.account", "pk": 500, "fields": {"name": "\u0628\u0631\u06af\u0634\u062a \u0627\u0632 \u0641\u0631\u0648\u0634", "code": "601020001", "explanation": null, "is_disabled": false, "max_bed": null, "max_bes": null, "max_bed_with_sanad": null, "max_bes_with_sanad": null, "created_at": "2019-03-19", "updated_at": "2019-03-19", "level": 3, "type": 1, "costCenterGroup": null, "floatAccountGroup": null, "parent": 175}}, {"model": "accounts.account", "pk": 501, "fields": {"name": "\u062a\u062e\u0641\u06cc\u0641\u0627\u062a \u0646\u0642\u062f\u06cc \u0641\u0631\u0648\u0634", "code": "601030001", "explanation": null, "is_disabled": false, "max_bed": null, "max_bes": null, "max_bed_with_sanad": null, "max_bes_with_sanad": null, "created_at": "2019-03-19", "updated_at": "2019-03-19", "level": 3, "type": 1, "costCenterGroup": null, "floatAccountGroup": null, "parent": 176}}, {"model": "accounts.account", "pk": 502, "fields": {"name": "\u062e\u0627\u0646\u0645 \u0628\u0627\u0642\u0631\u06cc", "code": "103010003", "explanation": null, "is_disabled": false, "max_bed": null, "max_bes": null, "max_bed_with_sanad": null, "max_bes_with_sanad": null, "created_at": "2019-03-22", "updated_at": "2019-03-19", "level": 3, "type": 16, "costCenterGroup": null, "floatAccountGroup": null, "parent": 65}}, {"model": "accounts.account", "pk": 503, "fields": {"name": "\u067e\u067e\u0633\u06cc", "code": "103020002", "explanation": null, "is_disabled": false, "max_bed": null, "max_bes": null, "max_bed_with_sanad": null, "max_bes_with_sanad": null, "created_at": "2019-03-19", "updated_at": "2019-03-19", "level": 3, "type": 16, "costCenterGroup": null, "floatAccountGroup": null, "parent": 66}}, {"model": "accounts.account", "pk": 504, "fields": {"name": "\u0639\u0644\u0627\u0642\u0647 \u0628\u0646\u062f", "code": "103010004", "explanation": null, "is_disabled": false, "max_bed": null, "max_bes": null, "max_bed_with_sanad": null, "max_bes_with_sanad": null, "created_at": "2019-03-19", "updated_at": "2019-03-19", "level": 3, "type": 16, "costCenterGroup": null, "floatAccountGroup": null, "parent": 65}}, {"model": "accounts.account", "pk": 505, "fields": {"name": "\u0634\u0647\u0631\u0627\u0645 \u0631\u06cc\u0633\u0645\u0627\u0646\u0686\u06cc\u0627\u0646", "code": "103010005", "explanation": null, "is_disabled": false, "max_bed": null, "max_bes": null, "max_bed_with_sanad": null, "max_bes_with_sanad": null, "created_at": "2019-03-21", "updated_at": "2019-03-21", "level": 3, "type": 16, "costCenterGroup": null, "floatAccountGroup": null, "parent": 65}}, {"model": "accounts.account", "pk": 506, "fields": {"name": "\u0686\u0627\u0622\u0628\u06cc", "code": "301010005", "explanation": null, "is_disabled": false, "max_bed": null, "max_bes": null, "max_bed_with_sanad": null, "max_bes_with_sanad": null, "created_at": "2019-03-22", "updated_at": "2019-03-22", "level": 3, "type": 24, "costCenterGroup": null, "floatAccountGroup": null, "parent": 115}}, {"model": "accounts.account", "pk": 507, "fields": {"name": "\u0632\u0627\u0631\u0639", "code": "103010006", "explanation": null, "is_disabled": false, "max_bed": null, "max_bes": null, "max_bed_with_sanad": null, "max_bes_with_sanad": null, "created_at": "2019-03-22", "updated_at": "2019-03-22", "level": 3, "type": 16, "costCenterGroup": null, "floatAccountGroup": null, "parent": 65}}, {"model": "accounts.account", "pk": 509, "fields": {"name": "\u062d\u0633\u0646\u06cc", "code": "103010007", "explanation": null, "is_disabled": false, "max_bed": null, "max_bes": null, "max_bed_with_sanad": null, "max_bes_with_sanad": null, "created_at": "2019-03-26", "updated_at": "2019-03-26", "level": 3, "type": 16, "costCenterGroup": null, "floatAccountGroup": null, "parent": 65}}, {"model": "accounts.account", "pk": 510, "fields": {"name": "\u062a\u0648\u0631 \u0622\u0642\u0627\u06cc \u0627\u06cc\u06a9\u0633", "code": "103020003", "explanation": null, "is_disabled": false, "max_bed": null, "max_bes": null, "max_bed_with_sanad": null, "max_bes_with_sanad": null, "created_at": "2019-03-26", "updated_at": "2019-03-26", "level": 3, "type": 16, "costCenterGroup": null, "floatAccountGroup": null, "parent": 66}}, {"model": "accounts.account", "pk": 511, "fields": {"name": "\u0627\u0642\u06cc y", "code": "103010008", "explanation": null, "is_disabled": false, "max_bed": null, "max_bes": null, "max_bed_with_sanad": null, "max_bes_with_sanad": null, "created_at": "2019-03-27", "updated_at": "2019-03-27", "level": 3, "type": 16, "costCenterGroup": null, "floatAccountGroup": null, "parent": 65}}, {"model": "accounts.account", "pk": 512, "fields": {"name": "\u0645\u0633\u0639\u0648\u062f \u062d\u0633\u0646\u0648\u0646\u062f", "code": "103010009", "explanation": "\u0647\u0645\u0631\u0627\u0647 \u0641\u0647\u06cc\u0645\u0647 \u0631\u062d\u06cc\u0645\u06cc", "is_disabled": false, "max_bed": null, "max_bes": null, "max_bed_with_sanad": null, "max_bes_with_sanad": null, "created_at": "2019-03-27", "updated_at": "2019-03-27", "level": 3, "type": 16, "costCenterGroup": null, "floatAccountGroup": null, "parent": 65}}, {"model": "accounts.account", "pk": 513, "fields": {"name": "\u0641\u0627\u0637\u0645\u0647 \u0645\u062d\u0645\u0648\u062f \u062c\u0627\u0646\u0644\u0648", "code": "103010010", "explanation": "\u0647\u0645\u0631\u0627\u0647\u0627\u0646. \u0645\u0631\u0636\u06cc\u0647 \u0648 \u0645\u0637\u0647\u0631\u0647 \u062c\u0627\u0646\u0644\u0648", "is_disabled": false, "max_bed": null, "max_bes": null, "max_bed_with_sanad": null, "max_bes_with_sanad": null, "created_at": "2019-03-27", "updated_at": "2019-03-27", "level": 3, "type": 16, "costCenterGroup": null, "floatAccountGroup": null, "parent": 65}}, {"model": "accounts.account", "pk": 514, "fields": {"name": "\u0627\u0642\u0627\u06cc z", "code": "103010011", "explanation": null, "is_disabled": false, "max_bed": null, "max_bes": null, "max_bed_with_sanad": null, "max_bes_with_sanad": null, "created_at": "2019-03-27", "updated_at": "2019-03-27", "level": 3, "type": 16, "costCenterGroup": null, "floatAccountGroup": null, "parent": 65}}, {"model": "accounts.account", "pk": 515, "fields": {"name": "\u0627\u0642\u0627\u06cc \u0628\u0627\u0628\u0627\u06cc\u06cc", "code": "103010012", "explanation": null, "is_disabled": false, "max_bed": null, "max_bes": null, "max_bed_with_sanad": null, "max_bes_with_sanad": null, "created_at": "2019-03-29", "updated_at": "2019-03-29", "level": 3, "type": 16, "costCenterGroup": null, "floatAccountGroup": null, "parent": 65}}, {"model": "accounts.account", "pk": 516, "fields": {"name": "\u062a\u0646\u062e\u0648\u0627\u0647 \u06af\u0631\u062f\u0627\u0646", "code": "101030001", "explanation": null, "is_disabled": false, "max_bed": null, "max_bes": null, "max_bed_with_sanad": null, "max_bes_with_sanad": null, "created_at": "2019-04-02", "updated_at": "2019-04-02", "level": 3, "type": 14, "costCenterGroup": null, "floatAccountGroup": null, "parent": 57}}, {"model": "accounts.account", "pk": 517, "fields": {"name": "\u06a9\u0631\u0627\u06cc\u0647 \u062d\u0645\u0644 \u062e\u0631\u06cc\u062f \u06a9\u0627\u0644\u0627 \u0648 \u0645\u0648\u0627\u062f", "code": "106070001", "explanation": null, "is_disabled": false, "max_bed": null, "max_bes": null, "max_bed_with_sanad": null, "max_bes_with_sanad": null, "created_at": "2019-04-02", "updated_at": "2019-04-02", "level": 3, "type": 18, "costCenterGroup": null, "floatAccountGroup": null, "parent": 82}}, {"model": "accounts.account", "pk": 518, "fields": {"name": "\u0628\u0627\u0631\u06af\u06cc\u0631\u06cc \u0648 \u0628\u0633\u062a\u0647 \u0628\u0646\u062f\u06cc \u062e\u0631\u06cc\u062f \u06a9\u0627\u0644\u0627 \u0648 \u0645\u0648\u0627\u062f", "code": "106070002", "explanation": null, "is_disabled": false, "max_bed": null, "max_bes": null, "max_bed_with_sanad": null, "max_bes_with_sanad": null, "created_at": "2019-04-02", "updated_at": "2019-04-02", "level": 3, "type": 18, "costCenterGroup": null, "floatAccountGroup": null, "parent": 82}}, {"model": "accounts.account", "pk": 519, "fields": {"name": "\u0645\u062e\u0627\u0631\u062c \u06af\u0645\u0631\u06a9\u06cc \u0648 \u062b\u0628\u062a \u0633\u0641\u0627\u0631\u0634 \u06a9\u0627\u0644\u0627 \u0648 \u0645\u0648\u0627\u062f", "code": "106070003", "explanation": null, "is_disabled": false, "max_bed": null, "max_bes": null, "max_bed_with_sanad": null, "max_bes_with_sanad": null, "created_at": "2019-04-02", "updated_at": "2019-04-02", "level": 3, "type": 18, "costCenterGroup": null, "floatAccountGroup": null, "parent": 82}}, {"model": "accounts.account", "pk": 520, "fields": {"name": "\u0646\u0631\u0645 \u0627\u0641\u0632\u0627\u0631 \u0627\u062f\u0627\u0631\u06cc", "code": "205030002", "explanation": null, "is_disabled": false, "max_bed": null, "max_bes": null, "max_bed_with_sanad": null, "max_bes_with_sanad": null, "created_at": "2019-04-02", "updated_at": "2019-04-02", "level": 3, "type": 23, "costCenterGroup": null, "floatAccountGroup": null, "parent": 114}}, {"model": "accounts.account", "pk": 521, "fields": {"name": "\u0646\u0631\u0645 \u0627\u0641\u0632\u0627\u0631 \u0641\u0646\u06cc", "code": "205030003", "explanation": null, "is_disabled": false, "max_bed": null, "max_bes": null, "max_bed_with_sanad": null, "max_bes_with_sanad": null, "created_at": "2019-04-02", "updated_at": "2019-04-02", "level": 3, "type": 23, "costCenterGroup": null, "floatAccountGroup": null, "parent": 114}}, {"model": "accounts.account", "pk": 522, "fields": {"name": "\u062c\u0627\u0631\u06cc \u0634\u0631\u06a9\u0627", "code": "303070001", "explanation": null, "is_disabled": false, "max_bed": null, "max_bes": null, "max_bed_with_sanad": null, "max_bes_with_sanad": null, "created_at": "2019-04-02", "updated_at": "2019-04-02", "level": 3, "type": 25, "costCenterGroup": null, "floatAccountGroup": null, "parent": 123}}, {"model": "accounts.account", "pk": 523, "fields": {"name": "\u0630\u062e\u06cc\u0631\u0647 \u06a9\u0627\u0647\u0634 \u0627\u0631\u0632\u0634 \u0645\u0648\u062c\u0648\u062f\u06cc \u06a9\u0627\u0644\u0627 \u0648 \u0645\u0648\u0627\u062f", "code": "10609", "explanation": null, "is_disabled": false, "max_bed": null, "max_bes": null, "max_bed_with_sanad": null, "max_bes_with_sanad": null, "created_at": "2019-04-02", "updated_at": "2019-04-02", "level": 2, "type": 18, "costCenterGroup": null, "floatAccountGroup": null, "parent": 15}}, {"model": "accounts.account", "pk": 524, "fields": {"name": "\u0630\u062e\u06cc\u0631\u0647 \u06a9\u0627\u0647\u0634 \u0627\u0631\u0632\u0634 \u0645\u0648\u062c\u0648\u062f\u06cc \u06a9\u0627\u0644\u0627", "code": "106090001", "explanation": null, "is_disabled": false, "max_bed": null, "max_bes": null, "max_bed_with_sanad": null, "max_bes_with_sanad": null, "created_at": "2019-04-02", "updated_at": "2019-04-02", "level": 3, "type": 18, "costCenterGroup": null, "floatAccountGroup": null, "parent": 523}}, {"model": "accounts.account", "pk": 525, "fields": {"name": "\u0630\u062e\u06cc\u0631\u0647 \u06a9\u0627\u0647\u0634 \u0627\u0631\u0632\u0634 \u0645\u0648\u062c\u0648\u062f\u06cc \u0645\u0648\u0627\u062f", "code": "106090002", "explanation": null, "is_disabled": false, "max_bed": null, "max_bes": null, "max_bed_with_sanad": null, "max_bes_with_sanad": null, "created_at": "2019-04-02", "updated_at": "2019-04-02", "level": 3, "type": 18, "costCenterGroup": null, "floatAccountGroup": null, "parent": 523}}, {"model": "accounts.account", "pk": 526, "fields": {"name": "\u0645\u0627\u0632\u0627\u062f \u062a\u062c\u062f\u06cc\u062f \u0627\u0631\u0632\u06cc\u0627\u0628\u06cc \u062f\u0627\u0631\u0627\u06cc\u06cc \u0647\u0627", "code": "50401", "explanation": null, "is_disabled": false, "max_bed": null, "max_bes": null, "max_bed_with_sanad": null, "max_bes_with_sanad": null, "created_at": "2019-04-02", "updated_at": "2019-04-02", "level": 2, "type": 36, "costCenterGroup": null, "floatAccountGroup": null, "parent": 38}}, {"model": "accounts.account", "pk": 528, "fields": {"name": "\u062a\u0642\u0633\u06cc\u0645 \u0633\u0648\u062f", "code": "50504", "explanation": null, "is_disabled": false, "max_bed": null, "max_bes": null, "max_bed_with_sanad": null, "max_bes_with_sanad": null, "created_at": "2019-04-02", "updated_at": "2019-04-02", "level": 2, "type": 36, "costCenterGroup": null, "floatAccountGroup": null, "parent": 39}}, {"model": "accounts.account", "pk": 529, "fields": {"name": "\u0633\u0648\u062f \u0648 \u0632\u06cc\u0627\u0646 \u0627\u0646\u0628\u0627\u0634\u062a\u0647", "code": "505010002", "explanation": null, "is_disabled": false, "max_bed": null, "max_bes": null, "max_bed_with_sanad": null, "max_bes_with_sanad": null, "created_at": "2019-04-02", "updated_at": "2019-04-02", "level": 3, "type": 36, "costCenterGroup": null, "floatAccountGroup": null, "parent": 171}}, {"model": "accounts.account", "pk": 530, "fields": {"name": "\u0633\u0648\u062f \u0648 \u0632\u06cc\u0627\u0646 \u062f\u0648\u0631\u0647 \u062c\u0627\u0631\u06cc", "code": "505020001", "explanation": null, "is_disabled": false, "max_bed": null, "max_bes": null, "max_bed_with_sanad": null, "max_bes_with_sanad": null, "created_at": "2019-04-02", "updated_at": "2019-04-02", "level": 3, "type": 36, "costCenterGroup": null, "floatAccountGroup": null, "parent": 172}}, {"model": "accounts.account", "pk": 531, "fields": {"name": "\u0647\u0632\u06cc\u0646\u0647 \u06a9\u0627\u0631\u06a9\u0646\u0627\u0646", "code": "806", "explanation": null, "is_disabled": false, "max_bed": null, "max_bes": null, "max_bed_with_sanad": null, "max_bes_with_sanad": null, "created_at": "2019-04-02", "updated_at": "2019-04-02", "level": 1, "type": 11, "costCenterGroup": null, "floatAccountGroup": null, "parent": 8}}, {"model": "accounts.account", "pk": 532, "fields": {"name": "\u0647\u0632\u06cc\u0646\u0647 \u0627\u062f\u0627\u0631\u06cc \u0648 \u062a\u0634\u06a9\u06cc\u0644\u0627\u062a\u06cc", "code": "807", "explanation": null, "is_disabled": false, "max_bed": null, "max_bes": null, "max_bed_with_sanad": null, "max_bes_with_sanad": null, "created_at": "2019-04-02", "updated_at": "2019-04-02", "level": 1, "type": 11, "costCenterGroup": null, "floatAccountGroup": null, "parent": 8}}, {"model": "accounts.account", "pk": 534, "fields": {"name": "\u0647\u0632\u06cc\u0646\u0647 \u0627\u062f\u0627\u0631\u06cc \u0648 \u062a\u0634\u06a9\u06cc\u0644\u0627\u062a\u06cc", "code": "80701", "explanation": null, "is_disabled": false, "max_bed": null, "max_bes": null, "max_bed_with_sanad": null, "max_bes_with_sanad": null, "created_at": "2019-04-02", "updated_at": "2019-04-02", "level": 2, "type": 11, "costCenterGroup": null, "floatAccountGroup": null, "parent": 532}}, {"model": "accounts.account", "pk": 535, "fields": {"name": "\u0647\u0632\u06cc\u0646\u0647 \u062a\u0648\u0632\u06cc\u0639 \u0648 \u0641\u0631\u0648\u0634 \u0648 \u0628\u0627\u0632\u0627\u0631\u06cc\u0627\u0628\u06cc", "code": "80501", "explanation": null, "is_disabled": false, "max_bed": null, "max_bes": null, "max_bed_with_sanad": null, "max_bes_with_sanad": null, "created_at": "2019-04-02", "updated_at": "2019-04-02", "level": 2, "type": 11, "costCenterGroup": null, "floatAccountGroup": null, "parent": 50}}, {"model": "accounts.account", "pk": 536, "fields": {"name": "\u0647\u0632\u06cc\u0646\u0647 \u062d\u0642 \u0627\u0644\u0632\u062d\u0645\u0647 \u0645\u0634\u0627\u0648\u0631\u0647", "code": "807010001", "explanation": null, "is_disabled": false, "max_bed": null, "max_bes": null, "max_bed_with_sanad": null, "max_bes_with_sanad": null, "created_at": "2019-04-02", "updated_at": "2019-04-02", "level": 3, "type": 11, "costCenterGroup": null, "floatAccountGroup": null, "parent": 534}}, {"model": "accounts.account", "pk": 537, "fields": {"name": "\u0647\u0632\u06cc\u0646\u0647 \u062d\u0642 \u0627\u0644\u0632\u062d\u0645\u0647 \u062d\u0633\u0627\u0628\u0631\u0633\u06cc", "code": "807010002", "explanation": null, "is_disabled": false, "max_bed": null, "max_bes": null, "max_bed_with_sanad": null, "max_bes_with_sanad": null, "created_at": "2019-04-02", "updated_at": "2019-04-02", "level": 3, "type": 11, "costCenterGroup": null, "floatAccountGroup": null, "parent": 534}}, {"model": "accounts.account", "pk": 538, "fields": {"name": "\u0647\u0632\u06cc\u0646\u0647 \u062d\u0642 \u0627\u0644\u0632\u062d\u0645\u0647 \u0648\u06a9\u0627\u0644\u062a", "code": "807010003", "explanation": null, "is_disabled": false, "max_bed": null, "max_bes": null, "max_bed_with_sanad": null, "max_bes_with_sanad": null, "created_at": "2019-04-02", "updated_at": "2019-04-02", "level": 3, "type": 11, "costCenterGroup": null, "floatAccountGroup": null, "parent": 534}}, {"model": "accounts.account", "pk": 539, "fields": {"name": "\u0647\u0632\u06cc\u0646\u0647 \u062d\u0642 \u0627\u0644\u0632\u062d\u0645\u0647 \u062e\u062f\u0645\u0627\u062a", "code": "807010004", "explanation": null, "is_disabled": false, "max_bed": null, "max_bes": null, "max_bed_with_sanad": null, "max_bes_with_sanad": null, "created_at": "2019-04-02", "updated_at": "2019-04-02", "level": 3, "type": 11, "costCenterGroup": null, "floatAccountGroup": null, "parent": 534}}, {"model": "accounts.account", "pk": 541, "fields": {"name": "\u0647\u0632\u06cc\u0646\u0647 \u06a9\u062a\u0628 \u0648 \u0646\u0634\u0631\u06cc\u0627\u062a", "code": "807010005", "explanation": null, "is_disabled": false, "max_bed": null, "max_bes": null, "max_bed_with_sanad": null, "max_bes_with_sanad": null, "created_at": "2019-04-02", "updated_at": "2019-04-02", "level": 3, "type": 11, "costCenterGroup": null, "floatAccountGroup": null, "parent": 534}}, {"model": "accounts.account", "pk": 542, "fields": {"name": "\u0647\u0632\u06cc\u0646\u0647 \u0627\u0646\u062a\u0634\u0627\u0631 \u0622\u06af\u0647\u06cc", "code": "807010006", "explanation": null, "is_disabled": false, "max_bed": null, "max_bes": null, "max_bed_with_sanad": null, "max_bes_with_sanad": null, "created_at": "2019-04-02", "updated_at": "2019-04-02", "level": 3, "type": 11, "costCenterGroup": null, "floatAccountGroup": null, "parent": 534}}, {"model": "accounts.account", "pk": 543, "fields": {"name": "\u0647\u0632\u06cc\u0646\u0647 \u0628\u0631\u06af\u0632\u0627\u0631\u06cc \u062c\u0644\u0633\u0627\u062a \u0648 \u0645\u0631\u0627\u0633\u0645\u0627\u062a", "code": "807010007", "explanation": null, "is_disabled": false, "max_bed": null, "max_bes": null, "max_bed_with_sanad": null, "max_bes_with_sanad": null, "created_at": "2019-04-02", "updated_at": "2019-04-02", "level": 3, "type": 11, "costCenterGroup": null, "floatAccountGroup": null, "parent": 534}}, {"model": "accounts.account", "pk": 544, "fields": {"name": "\u0647\u0632\u06cc\u0646\u0647 \u0645\u0634\u0627\u0648\u0631\u0647", "code": "807010008", "explanation": null, "is_disabled": false, "max_bed": null, "max_bes": null, "max_bed_with_sanad": null, "max_bes_with_sanad": null, "created_at": "2019-04-02", "updated_at": "2019-04-02", "level": 3, "type": 11, "costCenterGroup": null, "floatAccountGroup": null, "parent": 534}}, {"model": "accounts.account", "pk": 545, "fields": {"name": "\u0647\u0632\u06cc\u0646\u0647 \u0627\u06cc\u0627\u0628 \u0648 \u0630\u0647\u0627\u0628", "code": "807010009", "explanation": null, "is_disabled": false, "max_bed": null, "max_bes": null, "max_bed_with_sanad": null, "max_bes_with_sanad": null, "created_at": "2019-04-02", "updated_at": "2019-04-02", "level": 3, "type": 11, "costCenterGroup": null, "floatAccountGroup": null, "parent": 534}}, {"model": "accounts.account", "pk": 546, "fields": {"name": "\u0647\u0632\u06cc\u0646\u0647 \u062e\u062f\u0645\u0627\u062a \u067e\u0633\u062a\u06cc", "code": "807010010", "explanation": null, "is_disabled": false, "max_bed": null, "max_bes": null, "max_bed_with_sanad": null, "max_bes_with_sanad": null, "created_at": "2019-04-02", "updated_at": "2019-04-02", "level": 3, "type": 11, "costCenterGroup": null, "floatAccountGroup": null, "parent": 534}}, {"model": "accounts.account", "pk": 547, "fields": {"name": "\u0647\u0632\u06cc\u0646\u0647 \u062b\u0628\u062a\u06cc", "code": "807010011", "explanation": null, "is_disabled": false, "max_bed": null, "max_bes": null, "max_bed_with_sanad": null, "max_bes_with_sanad": null, "created_at": "2019-04-02", "updated_at": "2019-04-02", "level": 3, "type": 11, "costCenterGroup": null, "floatAccountGroup": null, "parent": 534}}, {"model": "accounts.account", "pk": 548, "fields": {"name": "\u0647\u0632\u06cc\u0646\u0647 \u0622\u06af\u0647\u06cc", "code": "805010001", "explanation": null, "is_disabled": false, "max_bed": null, "max_bes": null, "max_bed_with_sanad": null, "max_bes_with_sanad": null, "created_at": "2019-04-02", "updated_at": "2019-04-02", "level": 3, "type": 11, "costCenterGroup": null, "floatAccountGroup": null, "parent": 535}}, {"model": "accounts.account", "pk": 549, "fields": {"name": "\u0647\u0632\u06cc\u0646\u0647 \u062a\u0628\u0644\u06cc\u063a\u0627\u062a", "code": "805010002", "explanation": null, "is_disabled": false, "max_bed": null, "max_bes": null, "max_bed_with_sanad": null, "max_bes_with_sanad": null, "created_at": "2019-04-02", "updated_at": "2019-04-02", "level": 3, "type": 11, "costCenterGroup": null, "floatAccountGroup": null, "parent": 535}}, {"model": "accounts.account", "pk": 550, "fields": {"name": "\u0647\u0632\u06cc\u0646\u0647 \u062d\u0645\u0644 \u06a9\u0627\u0644\u0627\u06cc \u0641\u0631\u0648\u0634 \u0631\u0641\u062a\u0647", "code": "805010003", "explanation": null, "is_disabled": false, "max_bed": null, "max_bes": null, "max_bed_with_sanad": null, "max_bes_with_sanad": null, "created_at": "2019-04-02", "updated_at": "2019-04-02", "level": 3, "type": 11, "costCenterGroup": null, "floatAccountGroup": null, "parent": 535}}, {"model": "accounts.account", "pk": 551, "fields": {"name": "\u0647\u0632\u06cc\u0646\u0647 \u0647\u0627\u06cc \u0646\u0645\u0627\u06cc\u0634\u06af\u0627\u0647", "code": "805010004", "explanation": null, "is_disabled": false, "max_bed": null, "max_bes": null, "max_bed_with_sanad": null, "max_bes_with_sanad": null, "created_at": "2019-04-02", "updated_at": "2019-04-02", "level": 3, "type": 11, "costCenterGroup": null, "floatAccountGroup": null, "parent": 535}}, {"model": "accounts.account", "pk": 552, "fields": {"name": "\u0647\u0632\u06cc\u0646\u0647 \u0634\u0631\u06a9\u062a \u062f\u0631 \u0645\u0632\u0627\u06cc\u062f\u0647 \u0648 \u0645\u0646\u0627\u0642\u0635\u0647", "code": "805010005", "explanation": null, "is_disabled": false, "max_bed": null, "max_bes": null, "max_bed_with_sanad": null, "max_bes_with_sanad": null, "created_at": "2019-04-02", "updated_at": "2019-04-02", "level": 3, "type": 11, "costCenterGroup": null, "floatAccountGroup": null, "parent": 535}}, {"model": "accounts.account", "pk": 553, "fields": {"name": "\u0647\u0632\u06cc\u0646\u0647 \u0628\u0627\u0632\u0627\u0631\u06cc\u0627\u0628\u06cc \u0648 \u067e\u0648\u0631\u0633\u0627\u0646\u062a", "code": "805010006", "explanation": null, "is_disabled": false, "max_bed": null, "max_bes": null, "max_bed_with_sanad": null, "max_bes_with_sanad": null, "created_at": "2019-04-02", "updated_at": "2019-04-02", "level": 3, "type": 11, "costCenterGroup": null, "floatAccountGroup": null, "parent": 535}}, {"model": "accounts.account", "pk": 554, "fields": {"name": "\u0647\u0632\u06cc\u0646\u0647 \u0627\u0646\u0628\u0627\u0631\u062f\u0627\u0631\u06cc \u06a9\u0627\u0644\u0627\u06cc \u0641\u0631\u0648\u0634 \u0631\u0641\u062a\u0647", "code": "805010007", "explanation": null, "is_disabled": false, "max_bed": null, "max_bes": null, "max_bed_with_sanad": null, "max_bes_with_sanad": null, "created_at": "2019-04-02", "updated_at": "2019-04-02", "level": 3, "type": 11, "costCenterGroup": null, "floatAccountGroup": null, "parent": 535}}, {"model": "accounts.account", "pk": 555, "fields": {"name": "\u0647\u0632\u06cc\u0646\u0647 \u0645\u0637\u0627\u0644\u0628\u0627\u062a \u0645\u0634\u06a9\u0648\u06a9 \u0627\u0644\u0648\u0635\u0648\u0644", "code": "805010008", "explanation": null, "is_disabled": false, "max_bed": null, "max_bes": null, "max_bed_with_sanad": null, "max_bes_with_sanad": null, "created_at": "2019-04-02", "updated_at": "2019-04-02", "level": 3, "type": 11, "costCenterGroup": null, "floatAccountGroup": null, "parent": 535}}, {"model": "accounts.account", "pk": 556, "fields": {"name": "\u0647\u0632\u06cc\u0646\u0647 \u0627\u06cc\u0646\u062a\u0631\u0646\u062a", "code": "805010009", "explanation": null, "is_disabled": false, "max_bed": null, "max_bes": null, "max_bed_with_sanad": null, "max_bes_with_sanad": null, "created_at": "2019-04-02", "updated_at": "2019-04-02", "level": 3, "type": 11, "costCenterGroup": null, "floatAccountGroup": null, "parent": 535}}, {"model": "accounts.account", "pk": 557, "fields": {"name": "\u0647\u0632\u06cc\u0646\u0647 \u067e\u0630\u06cc\u0631\u0627\u06cc\u06cc", "code": "807010012", "explanation": null, "is_disabled": false, "max_bed": null, "max_bes": null, "max_bed_with_sanad": null, "max_bes_with_sanad": null, "created_at": "2019-04-02", "updated_at": "2019-04-02", "level": 3, "type": 11, "costCenterGroup": null, "floatAccountGroup": null, "parent": 534}}, {"model": "accounts.account", "pk": 560, "fields": {"name": "\u0647\u0632\u06cc\u0646\u0647 \u0628\u0631\u0642 \u0645\u0635\u0631\u0641\u06cc", "code": "802030001", "explanation": null, "is_disabled": false, "max_bed": null, "max_bes": null, "max_bed_with_sanad": null, "max_bes_with_sanad": null, "created_at": "2019-04-02", "updated_at": "2019-04-02", "level": 3, "type": 11, "costCenterGroup": null, "floatAccountGroup": null, "parent": 200}}, {"model": "accounts.account", "pk": 561, "fields": {"name": "\u0647\u0632\u06cc\u0646\u0647 \u06af\u0627\u0632 \u0645\u0635\u0631\u0641\u06cc", "code": "802030002", "explanation": null, "is_disabled": false, "max_bed": null, "max_bes": null, "max_bed_with_sanad": null, "max_bes_with_sanad": null, "created_at": "2019-04-02", "updated_at": "2019-04-02", "level": 3, "type": 11, "costCenterGroup": null, "floatAccountGroup": null, "parent": 200}}, {"model": "accounts.account", "pk": 562, "fields": {"name": "\u0647\u0632\u06cc\u0646\u0647 \u0622\u0628 \u0645\u0635\u0631\u0641\u06cc", "code": "802030003", "explanation": null, "is_disabled": false, "max_bed": null, "max_bes": null, "max_bed_with_sanad": null, "max_bes_with_sanad": null, "created_at": "2019-04-02", "updated_at": "2019-04-02", "level": 3, "type": 11, "costCenterGroup": null, "floatAccountGroup": null, "parent": 200}}, {"model": "accounts.account", "pk": 563, "fields": {"name": "\u0647\u0632\u06cc\u0646\u0647 \u062a\u0644\u0641\u0646 \u062b\u0627\u0628\u062a", "code": "805010010", "explanation": null, "is_disabled": false, "max_bed": null, "max_bes": null, "max_bed_with_sanad": null, "max_bes_with_sanad": null, "created_at": "2019-04-02", "updated_at": "2019-04-02", "level": 3, "type": 11, "costCenterGroup": null, "floatAccountGroup": null, "parent": 535}}, {"model": "accounts.account", "pk": 564, "fields": {"name": "\u0647\u0632\u06cc\u0646\u0647 \u062a\u0644\u0641\u0646 \u0647\u0645\u0631\u0627\u0647", "code": "805010011", "explanation": null, "is_disabled": false, "max_bed": null, "max_bes": null, "max_bed_with_sanad": null, "max_bes_with_sanad": null, "created_at": "2019-04-02", "updated_at": "2019-04-02", "level": 3, "type": 11, "costCenterGroup": null, "floatAccountGroup": null, "parent": 535}}, {"model": "accounts.account", "pk": 565, "fields": {"name": "\u0647\u0632\u06cc\u0646\u0647 \u067e\u06cc\u0627\u0645\u06a9", "code": "805010012", "explanation": null, "is_disabled": false, "max_bed": null, "max_bes": null, "max_bed_with_sanad": null, "max_bes_with_sanad": null, "created_at": "2019-04-02", "updated_at": "2019-04-02", "level": 3, "type": 11, "costCenterGroup": null, "floatAccountGroup": null, "parent": 535}}, {"model": "accounts.account", "pk": 566, "fields": {"name": "\u0647\u0632\u06cc\u0646\u0647 \u0627\u0633\u062a\u0647\u0644\u0627\u06a9", "code": "80209", "explanation": null, "is_disabled": false, "max_bed": null, "max_bes": null, "max_bed_with_sanad": null, "max_bes_with_sanad": null, "created_at": "2019-04-02", "updated_at": "2019-04-02", "level": 2, "type": 11, "costCenterGroup": null, "floatAccountGroup": null, "parent": 47}}, {"model": "accounts.account", "pk": 567, "fields": {"name": "\u0627\u062e\u062a\u062a\u0627\u0645\u06cc\u0647", "code": "904010001", "explanation": null, "is_disabled": false, "max_bed": null, "max_bes": null, "max_bed_with_sanad": null, "max_bes_with_sanad": null, "created_at": "2019-04-05", "updated_at": "2019-04-05", "level": 3, "type": 39, "costCenterGroup": null, "floatAccountGroup": null, "parent": 231}}, {"model": "accounts.person", "pk": 492, "fields": {"personType": "real", "phone1": null, "phone2": null, "mobile": null, "meli_code": null, "website": null, "fax": null, "email": null, "address1": null, "address2": null, "city": null, "province": null, "postalCode": null, "accountNumber1": null, "accountNumber2": null, "eghtesadiCode": null, "type": "buyer", "file": ""}}, {"model": "accounts.person", "pk": 495, "fields": {"personType": "real", "phone1": null, "phone2": null, "mobile": null, "meli_code": null, "website": null, "fax": null, "email": null, "address1": null, "address2": null, "city": null, "province": null, "postalCode": null, "accountNumber1": null, "accountNumber2": null, "eghtesadiCode": null, "type": "buyer", "file": ""}}, {"model": "accounts.person", "pk": 502, "fields": {"personType": "real", "phone1": null, "phone2": null, "mobile": null, "meli_code": null, "website": null, "fax": null, "email": null, "address1": null, "address2": null, "city": null, "province": null, "postalCode": null, "accountNumber1": null, "accountNumber2": null, "eghtesadiCode": null, "type": "buyer", "file": ""}}, {"model": "accounts.person", "pk": 504, "fields": {"personType": "real", "phone1": null, "phone2": null, "mobile": null, "meli_code": null, "website": null, "fax": null, "email": null, "address1": null, "address2": null, "city": null, "province": null, "postalCode": null, "accountNumber1": null, "accountNumber2": null, "eghtesadiCode": null, "type": "buyer", "file": ""}}, {"model": "accounts.person", "pk": 505, "fields": {"personType": "real", "phone1": null, "phone2": null, "mobile": null, "meli_code": null, "website": null, "fax": null, "email": null, "address1": null, "address2": null, "city": null, "province": null, "postalCode": null, "accountNumber1": null, "accountNumber2": null, "eghtesadiCode": null, "type": "buyer", "file": ""}}, {"model": "accounts.person", "pk": 507, "fields": {"personType": "real", "phone1": null, "phone2": null, "mobile": null, "meli_code": null, "website": null, "fax": null, "email": null, "address1": null, "address2": null, "city": null, "province": null, "postalCode": null, "accountNumber1": null, "accountNumber2": null, "eghtesadiCode": null, "type": "buyer", "file": ""}}, {"model": "accounts.person", "pk": 509, "fields": {"personType": "real", "phone1": null, "phone2": null, "mobile": null, "meli_code": null, "website": null, "fax": null, "email": null, "address1": null, "address2": null, "city": null, "province": null, "postalCode": null, "accountNumber1": null, "accountNumber2": null, "eghtesadiCode": null, "type": "buyer", "file": ""}}, {"model": "accounts.person", "pk": 511, "fields": {"personType": "real", "phone1": null, "phone2": null, "mobile": "00000000000000", "meli_code": null, "website": null, "fax": null, "email": null, "address1": null, "address2": null, "city": null, "province": null, "postalCode": null, "accountNumber1": null, "accountNumber2": null, "eghtesadiCode": null, "type": "buyer", "file": ""}}, {"model": "accounts.person", "pk": 512, "fields": {"personType": "real", "phone1": null, "phone2": null, "mobile": "09168663106", "meli_code": null, "website": null, "fax": null, "email": null, "address1": "24 \u0645\u062a\u0631\u06cc \u0648\u0644\u06cc\u0639\u0635\u0631\u0646\u0628\u0634 \u0627\u0646\u062a\u0638\u0627\u0631 22", "address2": null, "city": "\u062f\u0631\u0648\u062f", "province": "\u0644\u0631\u0633\u062a\u0627\u0646", "postalCode": null, "accountNumber1": null, "accountNumber2": null, "eghtesadiCode": null, "type": "buyer", "file": ""}}, {"model": "accounts.person", "pk": 513, "fields": {"personType": "real", "phone1": "09113518141", "phone2": "09113569759", "mobile": null, "meli_code": null, "website": null, "fax": null, "email": null, "address1": "\u0628\u0644\u0648\u0627\u0631 \u0628\u0627\u0647\u0646\u0631 \u0628\u0627\u0647\u0646\u063130", "address2": null, "city": "\u06af\u0644\u0648\u06af\u0627\u0647", "province": "\u0645\u0627\u0632\u0646\u062f\u0631\u0627\u0646", "postalCode": null, "accountNumber1": null, "accountNumber2": null, "eghtesadiCode": null, "type": "buyer", "file": ""}}, {"model": "accounts.person", "pk": 514, "fields": {"personType": "real", "phone1": "22", "phone2": null, "mobile": "33333333333333", "meli_code": null, "website": null, "fax": null, "email": null, "address1": null, "address2": null, "city": null, "province": "\u062a\u0647\u0631\u0627\u0646", "postalCode": null, "accountNumber1": null, "accountNumber2": null, "eghtesadiCode": null, "type": "buyer", "file": ""}}, {"model": "accounts.person", "pk": 515, "fields": {"personType": "real", "phone1": "09121694526", "phone2": null, "mobile": "09121691559", "meli_code": null, "website": null, "fax": null, "email": null, "address1": null, "address2": null, "city": null, "province": null, "postalCode": null, "accountNumber1": null, "accountNumber2": null, "eghtesadiCode": null, "type": "buyer", "file": ""}}, {"model": "accounts.person", "pk": 503, "fields": {"personType": "legal", "phone1": null, "phone2": null, "mobile": null, "meli_code": null, "website": null, "fax": null, "email": null, "address1": null, "address2": null, "city": null, "province": null, "postalCode": null, "accountNumber1": null, "accountNumber2": null, "eghtesadiCode": null, "type": "buyer", "file": ""}}, {"model": "accounts.person", "pk": 510, "fields": {"personType": "legal", "phone1": null, "phone2": null, "mobile": null, "meli_code": null, "website": null, "fax": null, "email": null, "address1": null, "address2": null, "city": null, "province": null, "postalCode": null, "accountNumber1": null, "accountNumber2": null, "eghtesadiCode": null, "type": "buyer", "file": ""}}, {"model": "accounts.person", "pk": 494, "fields": {"personType": "real", "phone1": null, "phone2": null, "mobile": null, "meli_code": null, "website": null, "fax": null, "email": null, "address1": null, "address2": null, "city": null, "province": null, "postalCode": null, "accountNumber1": null, "accountNumber2": null, "eghtesadiCode": null, "type": "seller", "file": ""}}, {"model": "accounts.person", "pk": 496, "fields": {"personType": "real", "phone1": null, "phone2": null, "mobile": null, "meli_code": null, "website": null, "fax": null, "email": null, "address1": null, "address2": null, "city": null, "province": null, "postalCode": null, "accountNumber1": null, "accountNumber2": null, "eghtesadiCode": null, "type": "seller", "file": ""}}, {"model": "accounts.person", "pk": 506, "fields": {"personType": "real", "phone1": null, "phone2": null, "mobile": null, "meli_code": null, "website": null, "fax": null, "email": null, "address1": null, "address2": null, "city": null, "province": null, "postalCode": null, "accountNumber1": null, "accountNumber2": null, "eghtesadiCode": null, "type": "seller", "file": ""}}, {"model": "accounts.bank", "pk": 491, "fields": {"name": null, "branch": null, "branchCode": null, "accountNumber": null, "sheba": null, "phone": null, "file": ""}}, {"model": "accounts.bank", "pk": 497, "fields": {"name": null, "branch": null, "branchCode": null, "accountNumber": null, "sheba": null, "phone": null, "file": ""}}, {"model": "accounts.defaultaccount", "pk": 1, "fields": {"name": "\u0686\u06a9 \u062f\u0631\u06cc\u0627\u0641\u062a\u0646\u06cc", "explanation": "", "account": 233, "usage": "receive", "programingName": "receivedCheque"}}, {"model": "accounts.defaultaccount", "pk": 2, "fields": {"name": "\u0686\u06a9 \u067e\u0631\u062f\u0627\u062e\u062a\u0646\u06cc", "explanation": "", "account": 257, "usage": "payment", "programingName": "paidCheque"}}, {"model": "accounts.defaultaccount", "pk": 3, "fields": {"name": "\u0627\u0633\u0646\u0627\u062f \u062f\u0631 \u062c\u0631\u06cc\u0627\u0646 \u0648\u0635\u0648\u0644", "explanation": "", "account": 234, "usage": "none", "programingName": "inFlowDocuments"}}, {"model": "accounts.defaultaccount", "pk": 4, "fields": {"name": "\u0628\u0627\u0646\u06a9", "explanation": "", "account": 491, "usage": "receiveAndPayment", "programingName": "bank"}}, {"model": "accounts.defaultaccount", "pk": 5, "fields": {"name": "\u0646\u0642\u062f\u06cc", "explanation": "", "account": 232, "usage": "receiveAndPayment", "programingName": "cash"}}, {"model": "accounts.defaultaccount", "pk": 6, "fields": {"name": "\u062e\u0631\u06cc\u062f", "explanation": "", "account": 238, "usage": "factor", "programingName": "buy"}}, {"model": "accounts.defaultaccount", "pk": 7, "fields": {"name": "\u0628\u0631\u06af\u0634\u062a \u0627\u0632 \u062e\u0631\u06cc\u062f", "explanation": "", "account": 232, "usage": "factor", "programingName": "backFromBuy"}}, {"model": "accounts.defaultaccount", "pk": 8, "fields": {"name": "\u062a\u062e\u0641\u06cc\u0641 \u062e\u0631\u06cc\u062f", "explanation": "", "account": 315, "usage": "factor", "programingName": "buyDiscount"}}, {"model": "accounts.defaultaccount", "pk": 9, "fields": {"name": "\u0641\u0631\u0648\u0634", "explanation": "", "account": 498, "usage": "factor", "programingName": "sale"}}, {"model": "accounts.defaultaccount", "pk": 10, "fields": {"name": "\u0628\u0631\u06af\u0634\u062a \u0627\u0632 \u0641\u0631\u0648\u0634", "explanation": "", "account": 500, "usage": "factor", "programingName": "backFromSale"}}, {"model": "accounts.defaultaccount", "pk": 11, "fields": {"name": "\u062a\u062e\u0641\u06cc\u0641 \u0641\u0631\u0648\u0634", "explanation": "", "account": 501, "usage": "factor", "programingName": "saleDiscount"}}, {"model": "accounts.defaultaccount", "pk": 12, "fields": {"name": "\u0645\u0627\u0644\u06cc\u0627\u062a", "explanation": "", "account": 315, "usage": "factor", "programingName": "tax"}}, {"model": "accounts.defaultaccount", "pk": 13, "fields": {"name": "\u0633\u0648\u062f \u0648 \u0632\u06cc\u0627\u0646 \u062c\u0627\u0631\u06cc", "explanation": "", "account": 530, "usage": "closeAccounts", "programingName": "currentEarnings"}}, {"model": "accounts.defaultaccount", "pk": 14, "fields": {"name": "\u0633\u0648\u062f \u0648 \u0632\u06cc\u0627\u0646 \u0627\u0646\u0628\u0627\u0634\u062a\u0647", "explanation": "", "account": 529, "usage": "closeAccounts", "programingName": "retainedEarnings"}}, {"model": "accounts.defaultaccount", "pk": 15, "fields": {"name": "\u0627\u062e\u062a\u062a\u0627\u0645\u06cc\u0647", "explanation": "", "account": 567, "usage": "closeAccounts", "programingName": "closing"}}, {"model": "wares.unit", "pk": 1, "fields": {"name": "\u0634\u0628", "explanation": null}}, {"model": "wares.unit", "pk": 2, "fields": {"name": "\u0646\u0641\u0631", "explanation": null}}, {"model": "wares.unit", "pk": 3, "fields": {"name": "\u0639\u062f\u062f", "explanation": null}}, {"model": "wares.unit", "pk": 4, "fields": {"name": "\u06a9\u06cc\u0644\u0648", "explanation": null}}, {"model": "wares.unit", "pk": 5, "fields": {"name": "\u06af\u0631\u0645", "explanation": null}}, {"model": "wares.unit", "pk": 6, "fields": {"name": "\u067e\u0631\u0633", "explanation": null}}, {"model": "wares.unit", "pk": 7, "fields": {"name": "\u0644\u06cc\u0648\u0627\u0646", "explanation": null}}, {"model": "wares.warehouse", "pk": 1, "fields": {"name": "\u0647\u062a\u0644 \u0639\u0645\u0627\u0631\u062a \u0647\u0641\u062a \u0631\u0646\u06af", "explanation": null}}, {"model": "wares.warehouse", "pk": 2, "fields": {"name": "\u0645\u0648\u0627\u062f \u063a\u0630\u0627\u06cc\u06cc", "explanation": ""}}, {"model": "wares.warehouse", "pk": 3, "fields": {"name": "\u0631\u0633\u062a\u0648\u0631\u0627\u0646", "explanation": null}}, {"model": "wares.warelevel", "pk": 1, "fields": {"name": "\u0627\u062a\u0627\u0642 \u0647\u0627", "explanation": null, "code": "1", "parent": null, "level": 0}}, {"model": "wares.warelevel", "pk": 2, "fields": {"name": "\u0627\u062a\u0627\u0642 \u0647\u0627", "explanation": null, "code": "101", "parent": 1, "level": 1}}, {"model": "wares.warelevel", "pk": 3, "fields": {"name": "\u062f\u0648 \u062a\u062e\u062a\u0647", "explanation": null, "code": "10101", "parent": 2, "level": 2}}, {"model": "wares.warelevel", "pk": 4, "fields": {"name": "\u0633\u0647 \u062a\u062e\u062a\u0647", "explanation": null, "code": "10102", "parent": 2, "level": 2}}, {"model": "wares.warelevel", "pk": 5, "fields": {"name": "\u0686\u0647\u0627\u0631 \u062a\u062e\u062a\u0647", "explanation": null, "code": "10103", "parent": 2, "level": 2}}, {"model": "wares.warelevel", "pk": 6, "fields": {"name": "\u062a\u0634\u06a9 \u0627\u0638\u0627\u0641\u0647 \u062f\u0631 \u0627\u062a\u0627\u0642 \u0647\u0627", "explanation": null, "code": "10104", "parent": 2, "level": 2}}, {"model": "wares.warelevel", "pk": 7, "fields": {"name": "\u0645\u0648\u0627\u062f \u063a\u0630\u0627\u06cc\u06cc", "explanation": null, "code": "2", "parent": null, "level": 0}}, {"model": "wares.warelevel", "pk": 8, "fields": {"name": "\u0646\u0648\u0634\u06cc\u062f\u0646\u06cc", "explanation": null, "code": "201", "parent": 7, "level": 1}}, {"model": "wares.warelevel", "pk": 9, "fields": {"name": "\u0646\u0648\u0634\u0627\u0628\u0647", "explanation": null, "code": "20101", "parent": 8, "level": 2}}, {"model": "wares.warelevel", "pk": 10, "fields": {"name": "\u0645\u0648\u0627\u062f \u063a\u0630\u0627\u06cc\u06cc", "explanation": null, "code": "202", "parent": 7, "level": 1}}, {"model": "wares.warelevel", "pk": 11, "fields": {"name": "\u0645\u0648\u0627\u062f \u063a\u0630\u0627\u06cc\u06cc", "explanation": null, "code": "20201", "parent": 10, "level": 2}}, {"model": "wares.warelevel", "pk": 12, "fields": {"name": "\u0647\u0632\u06cc\u0646\u0647", "explanation": null, "code": "3", "parent": null, "level": 0}}, {"model": "wares.warelevel", "pk": 13, "fields": {"name": "\u0647\u0632\u06cc\u0646\u0647", "explanation": null, "code": "301", "parent": 12, "level": 1}}, {"model": "wares.warelevel", "pk": 14, "fields": {"name": "\u0647\u0632\u06cc\u0646\u0647", "explanation": null, "code": "30101", "parent": 13, "level": 2}}, {"model": "wares.warelevel", "pk": 15, "fields": {"name": "\u0631\u0633\u062a\u0648\u0631\u0627\u0646", "explanation": null, "code": "4", "parent": null, "level": 0}}, {"model": "wares.warelevel", "pk": 16, "fields": {"name": "\u0631\u0633\u062a\u0648\u0631\u0627\u0646", "explanation": null, "code": "401", "parent": 15, "level": 1}}, {"model": "wares.warelevel", "pk": 17, "fields": {"name": "\u0646\u0647\u0627\u0631", "explanation": null, "code": "40101", "parent": 16, "level": 2}}, {"model": "wares.warelevel", "pk": 18, "fields": {"name": "\u0634\u0627\u0645", "explanation": null, "code": "40102", "parent": 16, "level": 2}}, {"model": "wares.warelevel", "pk": 19, "fields": {"name": "\u0646\u0648\u0634\u06cc\u062f\u0646\u06cc", "explanation": null, "code": "40103", "parent": 16, "level": 2}}, {"model": "wares.warelevel", "pk": 20, "fields": {"name": "\u0634\u0631\u0628\u062a\u062e\u0627\u0646\u0647", "explanation": null, "code": "40104", "parent": 16, "level": 2}}, {"model": "wares.warelevel", "pk": 21, "fields": {"name": "\u062f\u0633\u0631 \u0648 \u0633\u0627\u0644\u0627\u062f", "explanation": null, "code": "40105", "parent": 16, "level": 2}}, {"model": "wares.warelevel", "pk": 22, "fields": {"name": "\u062f\u0648\u062a\u062e\u062a\u0647", "explanation": null, "code": "102", "parent": 1, "level": 1}}, {"model": "wares.warelevel", "pk": 23, "fields": {"name": "\u062f\u0648\u062a\u062e\u062a\u0647 \u06a9\u0627\u0645\u0644", "explanation": null, "code": "10201", "parent": 22, "level": 2}}, {"model": "wares.ware", "pk": 1, "fields": {"name": "\u062f\u0648 \u062a\u062e\u062a\u0647 \u062f\u0628\u0644", "code": "10101001", "barcode": null, "explanation": null, "isDisabled": false, "price": "2000000", "pricingType": 0, "minSale": null, "maxSale": null, "minInventory": null, "maxInventory": null, "created_at": "1397-12-28", "updated_at": "1397-12-28", "category": 3, "warehouse": 1, "unit": 1, "supplier": null}}, {"model": "wares.ware", "pk": 2, "fields": {"name": "\u062f\u0648 \u062a\u062e\u062a\u0647 \u062f\u0628\u0644 - \u0633\u0631\u0648\u06cc\u0633 \u0645\u0634\u062a\u0631\u06a9", "code": "10101002", "barcode": null, "explanation": null, "isDisabled": false, "price": "1600000", "pricingType": 0, "minSale": null, "maxSale": null, "minInventory": null, "maxInventory": null, "created_at": "1397-12-28", "updated_at": "1397-12-28", "category": 3, "warehouse": 1, "unit": 1, "supplier": null}}, {"model": "wares.ware", "pk": 3, "fields": {"name": "\u0633\u0647 \u062a\u062e\u062a\u0647 \u062f\u0628\u0644 \u0648 \u0633\u06cc\u0646\u06af\u0644", "code": "10102001", "barcode": null, "explanation": null, "isDisabled": false, "price": "3000000", "pricingType": 0, "minSale": null, "maxSale": null, "minInventory": null, "maxInventory": null, "created_at": "1397-12-28", "updated_at": "1397-12-28", "category": 4, "warehouse": 1, "unit": 1, "supplier": null}}, {"model": "wares.ware", "pk": 4, "fields": {"name": "\u0633\u0647 \u062a\u062e\u062a\u0647 \u062f\u0628\u0644 \u0648 \u0633\u06cc\u0646\u06af\u0644 - \u0633\u0631\u0648\u06cc\u0633 \u0645\u0634\u062a\u0631\u06a9", "code": "10102002", "barcode": null, "explanation": null, "isDisabled": false, "price": "2400000", "pricingType": 0, "minSale": null, "maxSale": null, "minInventory": null, "maxInventory": null, "created_at": "1397-12-28", "updated_at": "1397-12-28", "category": 4, "warehouse": 1, "unit": 1, "supplier": null}}, {"model": "wares.ware", "pk": 5, "fields": {"name": "\u0686\u0647\u0627\u0631 \u062a\u062e\u062a\u0647 \u062f\u0628\u0644 \u0648 \u062f\u0648 \u0633\u06cc\u0646\u06af\u0644", "code": "10103001", "barcode": null, "explanation": null, "isDisabled": false, "price": "4000000", "pricingType": 0, "minSale": null, "maxSale": null, "minInventory": null, "maxInventory": null, "created_at": "1397-12-28", "updated_at": "1397-12-28", "category": 5, "warehouse": 1, "unit": 1, "supplier": null}}, {"model": "wares.ware", "pk": 6, "fields": {"name": "\u0686\u0647\u0627\u0631 \u062a\u062e\u062a\u0647 \u062f\u0628\u0644 \u0648 \u062f\u0648 \u0633\u06cc\u0646\u06af\u0644 - \u0633\u0631\u0648\u06cc\u0633 \u0645\u0634\u062a\u0631\u06a9", "code": "10103002", "barcode": null, "explanation": null, "isDisabled": false, "price": "3200000", "pricingType": 0, "minSale": null, "maxSale": null, "minInventory": null, "maxInventory": null, "created_at": "1397-12-28", "updated_at": "1397-12-28", "category": 5, "warehouse": 1, "unit": 1, "supplier": null}}, {"model": "wares.ware", "pk": 7, "fields": {"name": "\u0646\u0648\u0634\u0627\u0628\u0647 \u067e\u067e\u0633\u06cc", "code": "20101001", "barcode": null, "explanation": null, "isDisabled": false, "price": "15000", "pricingType": 0, "minSale": null, "maxSale": null, "minInventory": null, "maxInventory": null, "created_at": "1397-12-28", "updated_at": "1397-12-28", "category": 9, "warehouse": 2, "unit": 3, "supplier": null}}, {"model": "wares.ware", "pk": 8, "fields": {"name": "\u062e\u06cc\u0627\u0631\u0634\u0648\u0631 \u06af\u0627\u0644\u0646\u06cc", "code": "20201001", "barcode": null, "explanation": null, "isDisabled": false, "price": "380000", "pricingType": 0, "minSale": null, "maxSale": null, "minInventory": null, "maxInventory": null, "created_at": "1397-12-28", "updated_at": "1397-12-28", "category": 11, "warehouse": 2, "unit": 3, "supplier": null}}, {"model": "wares.ware", "pk": 9, "fields": {"name": "\u0686\u0644\u0648 \u062e\u0648\u0631\u0634\u062a \u0631\u0648\u0632", "code": "40101001", "barcode": null, "explanation": null, "isDisabled": false, "price": "180000", "pricingType": 0, "minSale": null, "maxSale": null, "minInventory": null, "maxInventory": null, "created_at": "1397-12-29", "updated_at": "1397-12-29", "category": 17, "warehouse": 3, "unit": 6, "supplier": null}}, {"model": "wares.ware", "pk": 10, "fields": {"name": "\u06a9\u0644\u0645 \u067e\u0644\u0648 \u0634\u06cc\u0631\u0627\u0632\u06cc", "code": "40101002", "barcode": null, "explanation": null, "isDisabled": false, "price": "200000", "pricingType": 0, "minSale": null, "maxSale": null, "minInventory": null, "maxInventory": null, "created_at": "1397-12-29", "updated_at": "1397-12-29", "category": 17, "warehouse": 3, "unit": 6, "supplier": null}}, {"model": "wares.ware", "pk": 11, "fields": {"name": "\u06a9\u062a\u0647 \u06af\u0648\u062c\u0647", "code": "40101003", "barcode": null, "explanation": null, "isDisabled": false, "price": "200000", "pricingType": 0, "minSale": null, "maxSale": null, "minInventory": null, "maxInventory": null, "created_at": "1397-12-29", "updated_at": "1397-12-29", "category": 17, "warehouse": 3, "unit": 6, "supplier": null}}, {"model": "wares.ware", "pk": 12, "fields": {"name": "\u062f\u0645\u067e\u062e\u062a \u0634\u06cc\u0631\u0627\u0632\u06cc", "code": "40101004", "barcode": null, "explanation": null, "isDisabled": false, "price": "200000", "pricingType": 0, "minSale": null, "maxSale": null, "minInventory": null, "maxInventory": null, "created_at": "1397-12-29", "updated_at": "1397-12-29", "category": 17, "warehouse": 3, "unit": 6, "supplier": null}}, {"model": "wares.ware", "pk": 13, "fields": {"name": "\u0686\u0644\u0648 \u06a9\u0628\u0627\u0628 \u062a\u0627\u0628\u0647 \u0627\u06cc", "code": "40101005", "barcode": null, "explanation": null, "isDisabled": false, "price": "350000", "pricingType": 0, "minSale": null, "maxSale": null, "minInventory": null, "maxInventory": null, "created_at": "1397-12-29", "updated_at": "1397-12-29", "category": 17, "warehouse": 3, "unit": 6, "supplier": null}}, {"model": "wares.ware", "pk": 14, "fields": {"name": "\u062f\u06cc\u0632\u06cc \u0633\u0646\u06af\u06cc", "code": "40101006", "barcode": null, "explanation": null, "isDisabled": false, "price": "350000", "pricingType": 0, "minSale": null, "maxSale": null, "minInventory": null, "maxInventory": null, "created_at": "1397-12-29", "updated_at": "1397-12-29", "category": 17, "warehouse": 3, "unit": 6, "supplier": null}}, {"model": "wares.ware", "pk": 15, "fields": {"name": "\u062f\u0648 \u067e\u06cc\u0627\u0632\u0647 \u0622\u0644\u0648", "code": "40102001", "barcode": null, "explanation": null, "isDisabled": false, "price": "100000", "pricingType": 0, "minSale": null, "maxSale": null, "minInventory": null, "maxInventory": null, "created_at": "1397-12-29", "updated_at": "1397-12-29", "category": 18, "warehouse": 3, "unit": 6, "supplier": null}}, {"model": "wares.ware", "pk": 16, "fields": {"name": "\u06a9\u0634\u06a9 \u0628\u0627\u062f\u0645\u062c\u0627\u0646", "code": "40102002", "barcode": null, "explanation": null, "isDisabled": false, "price": "100000", "pricingType": 0, "minSale": null, "maxSale": null, "minInventory": null, "maxInventory": null, "created_at": "1397-12-29", "updated_at": "1397-12-29", "category": 18, "warehouse": 3, "unit": 6, "supplier": null}}, {"model": "wares.ware", "pk": 17, "fields": {"name": "\u06a9\u0648\u06a9\u0648 \u0633\u0628\u0632\u06cc", "code": "40102003", "barcode": null, "explanation": null, "isDisabled": false, "price": "150000", "pricingType": 0, "minSale": null, "maxSale": null, "minInventory": null, "maxInventory": null, "created_at": "1397-12-29", "updated_at": "1397-12-29", "category": 18, "warehouse": 3, "unit": 6, "supplier": null}}, {"model": "wares.ware", "pk": 18, "fields": {"name": "\u062e\u0648\u0631\u0627\u06a9 \u06a9\u0628\u0627\u0628 \u062a\u0627\u0628\u0647 \u0627\u06cc", "code": "40102004", "barcode": null, "explanation": null, "isDisabled": false, "price": "260000", "pricingType": 0, "minSale": null, "maxSale": null, "minInventory": null, "maxInventory": null, "created_at": "1397-12-29", "updated_at": "1397-12-29", "category": 18, "warehouse": 3, "unit": 6, "supplier": null}}, {"model": "wares.ware", "pk": 19, "fields": {"name": "\u0639\u062f\u0633\u06cc", "code": "40102005", "barcode": null, "explanation": null, "isDisabled": false, "price": "100000", "pricingType": 0, "minSale": null, "maxSale": null, "minInventory": null, "maxInventory": null, "created_at": "1397-12-29", "updated_at": "1397-12-29", "category": 18, "warehouse": 3, "unit": 6, "supplier": null}}, {"model": "wares.ware", "pk": 20, "fields": {"name": "\u062d\u0644\u0648\u0627 \u0632\u0639\u0641\u0631\u0627\u0646\u06cc", "code": "40105001", "barcode": null, "explanation": null, "isDisabled": false, "price": "50000", "pricingType": 0, "minSale": null, "maxSale": null, "minInventory": null, "maxInventory": null, "created_at": "1397-12-29", "updated_at": "1397-12-29", "category": 21, "warehouse": 3, "unit": 3, "supplier": null}}, {"model": "wares.ware", "pk": 21, "fields": {"name": "\u0646\u0627\u0646 \u067e\u0646\u06cc\u0631 \u0633\u0628\u0632\u06cc", "code": "40105002", "barcode": null, "explanation": null, "isDisabled": false, "price": "70000", "pricingType": 0, "minSale": null, "maxSale": null, "minInventory": null, "maxInventory": null, "created_at": "1397-12-29", "updated_at": "1397-12-29", "category": 21, "warehouse": 3, "unit": 3, "supplier": null}}, {"model": "wares.ware", "pk": 22, "fields": {"name": "\u0633\u0627\u0644\u0627\u062f \u0634\u06cc\u0631\u0627\u0632\u06cc", "code": "40105003", "barcode": null, "explanation": null, "isDisabled": false, "price": "40000", "pricingType": 0, "minSale": null, "maxSale": null, "minInventory": null, "maxInventory": null, "created_at": "1397-12-29", "updated_at": "1397-12-29", "category": 21, "warehouse": 3, "unit": 3, "supplier": null}}, {"model": "wares.ware", "pk": 23, "fields": {"name": "\u0633\u0627\u0644\u0627\u062f \u0641\u0635\u0644", "code": "40105004", "barcode": null, "explanation": null, "isDisabled": false, "price": "70000", "pricingType": 0, "minSale": null, "maxSale": null, "minInventory": null, "maxInventory": null, "created_at": "1397-12-29", "updated_at": "1397-12-29", "category": 21, "warehouse": 3, "unit": 3, "supplier": null}}, {"model": "wares.ware", "pk": 24, "fields": {"name": "\u0645\u0627\u0633\u062a  \u0648 \u062e\u06cc\u0627\u0631", "code": "40105005", "barcode": null, "explanation": null, "isDisabled": false, "price": "40000", "pricingType": 0, "minSale": null, "maxSale": null, "minInventory": null, "maxInventory": null, "created_at": "1397-12-29", "updated_at": "1397-12-29", "category": 21, "warehouse": 3, "unit": 3, "supplier": null}}, {"model": "wares.ware", "pk": 25, "fields": {"name": "\u062a\u0631\u0634\u06cc \u0628\u0627\u062f\u0645\u062c\u0627\u0646", "code": "40105006", "barcode": null, "explanation": null, "isDisabled": false, "price": "40000", "pricingType": 0, "minSale": null, "maxSale": null, "minInventory": null, "maxInventory": null, "created_at": "1397-12-29", "updated_at": "1397-12-29", "category": 21, "warehouse": 3, "unit": 3, "supplier": null}}, {"model": "wares.ware", "pk": 27, "fields": {"name": "\u0686\u0627\u06cc \u0633\u06cc\u0627\u0647", "code": "40104001", "barcode": null, "explanation": null, "isDisabled": false, "price": "20000", "pricingType": 0, "minSale": null, "maxSale": null, "minInventory": null, "maxInventory": null, "created_at": "1397-12-29", "updated_at": "1397-12-29", "category": 20, "warehouse": 3, "unit": 7, "supplier": null}}, {"model": "wares.ware", "pk": 28, "fields": {"name": "\u0686\u0627\u06cc \u0632\u0639\u0641\u0631\u0627\u0646", "code": "40104002", "barcode": null, "explanation": null, "isDisabled": false, "price": "25000", "pricingType": 0, "minSale": null, "maxSale": null, "minInventory": null, "maxInventory": null, "created_at": "1397-12-29", "updated_at": "1397-12-29", "category": 20, "warehouse": 3, "unit": 7, "supplier": null}}, {"model": "wares.ware", "pk": 29, "fields": {"name": "\u0639\u0631\u0642 \u0628\u06cc\u062f\u0645\u0634\u06a9 \u0646\u0633\u062a\u0631\u0646 \u0628\u0627 \u062e\u0627\u06a9\u0634\u06cc\u0631", "code": "40104003", "barcode": null, "explanation": null, "isDisabled": false, "price": "40000", "pricingType": 0, "minSale": null, "maxSale": null, "minInventory": null, "maxInventory": null, "created_at": "1397-12-29", "updated_at": "1397-12-29", "category": 20, "warehouse": 3, "unit": 7, "supplier": null}}, {"model": "wares.ware", "pk": 30, "fields": {"name": "\u0639\u0631\u0642 \u0628\u0647\u0627\u0631 \u0646\u0627\u0631\u0646\u062c", "code": "40104004", "barcode": null, "explanation": null, "isDisabled": false, "price": "40000", "pricingType": 0, "minSale": null, "maxSale": null, "minInventory": null, "maxInventory": null, "created_at": "1397-12-29", "updated_at": "1397-12-29", "category": 20, "warehouse": 3, "unit": 7, "supplier": null}}, {"model": "wares.ware", "pk": 31, "fields": {"name": "\u0634\u0631\u0628\u062a \u0622\u0644\u0628\u0627\u0644\u0648/\u0628\u0647 \u0644\u06cc\u0645\u0648/\u0622\u0628\u0644\u06cc\u0645\u0648/\u0633\u06a9\u0646\u062c\u0628\u06cc\u0646", "code": "40104005", "barcode": null, "explanation": null, "isDisabled": false, "price": "40000", "pricingType": 0, "minSale": null, "maxSale": null, "minInventory": null, "maxInventory": null, "created_at": "1397-12-29", "updated_at": "1397-12-29", "category": 20, "warehouse": 3, "unit": 7, "supplier": null}}, {"model": "wares.ware", "pk": 32, "fields": {"name": "\u0633\u06a9\u0646\u062c\u0628\u06cc\u0646 \u062e\u06cc\u0627\u0631", "code": "40104006", "barcode": null, "explanation": null, "isDisabled": false, "price": "60000", "pricingType": 0, "minSale": null, "maxSale": null, "minInventory": null, "maxInventory": null, "created_at": "1397-12-29", "updated_at": "1397-12-29", "category": 20, "warehouse": 3, "unit": 7, "supplier": null}}, {"model": "wares.ware", "pk": 33, "fields": {"name": "\u0627\u062a\u0627\u0642 \u0644\u0628 \u0622\u0628", "code": "10101003", "barcode": null, "explanation": null, "isDisabled": false, "price": "2000000", "pricingType": 0, "minSale": null, "maxSale": null, "minInventory": null, "maxInventory": null, "created_at": "1398-01-02", "updated_at": "1398-01-02", "category": 3, "warehouse": 1, "unit": 1, "supplier": null}}, {"model": "wares.ware", "pk": 34, "fields": {"name": "\u0633\u0646\u06af \u0633\u06cc\u0627\u0647", "code": "10101004", "barcode": null, "explanation": null, "isDisabled": false, "price": "500000", "pricingType": 0, "minSale": null, "maxSale": null, "minInventory": null, "maxInventory": null, "created_at": "1398-01-03", "updated_at": "1398-01-03", "category": 3, "warehouse": 1, "unit": 1, "supplier": null}}, {"model": "wares.ware", "pk": 35, "fields": {"name": "\u062a\u0634\u06a9", "code": "10104001", "barcode": null, "explanation": null, "isDisabled": false, "price": "1000", "pricingType": 0, "minSale": null, "maxSale": null, "minInventory": null, "maxInventory": null, "created_at": "1398-01-09", "updated_at": "1398-01-09", "category": 6, "warehouse": 1, "unit": 1, "supplier": null}}, {"model": "sanads.sanad", "pk": 1, "fields": {"financial_year": 1, "code": 1, "explanation": "", "date": "1397-12-28", "created_at": "1398-01-02", "updated_at": "1397-12-28", "type": "manual", "createType": "auto", "bed": "0", "bes": "0"}}, {"model": "sanads.sanad", "pk": 2, "fields": {"financial_year": 1, "code": 2, "explanation": "", "date": "1397-12-28", "created_at": "1398-01-16", "updated_at": "1397-12-28", "type": "manual", "createType": "auto", "bed": "9600000", "bes": "9600000"}}, {"model": "sanads.sanad", "pk": 3, "fields": {"financial_year": 1, "code": 3, "explanation": "", "date": "1397-12-28", "created_at": "1398-01-04", "updated_at": "1397-12-28", "type": "manual", "createType": "auto", "bed": "0", "bes": "0"}}, {"model": "sanads.sanad", "pk": 4, "fields": {"financial_year": 1, "code": 4, "explanation": "", "date": "1397-12-28", "created_at": "1398-01-04", "updated_at": "1397-12-28", "type": "manual", "createType": "auto", "bed": "0", "bes": "0"}}, {"model": "sanads.sanad", "pk": 5, "fields": {"financial_year": 1, "code": 5, "explanation": "", "date": "1398-01-01", "created_at": "1398-01-04", "updated_at": "1398-01-01", "type": "manual", "createType": "auto", "bed": "0", "bes": "0"}}, {"model": "sanads.sanad", "pk": 6, "fields": {"financial_year": 1, "code": 6, "explanation": "", "date": "1398-01-02", "created_at": "1398-01-04", "updated_at": "1398-01-02", "type": "manual", "createType": "auto", "bed": "0", "bes": "0"}}, {"model": "sanads.sanad", "pk": 7, "fields": {"financial_year": 1, "code": 7, "explanation": "", "date": "1398-01-03", "created_at": "1398-01-04", "updated_at": "1398-01-03", "type": "manual", "createType": "auto", "bed": "0", "bes": "0"}}, {"model": "sanads.sanad", "pk": 8, "fields": {"financial_year": 1, "code": 8, "explanation": "", "date": "1398-01-03", "created_at": "1398-01-04", "updated_at": "1398-01-03", "type": "manual", "createType": "auto", "bed": "0", "bes": "0"}}, {"model": "sanads.sanad", "pk": 9, "fields": {"financial_year": 1, "code": 9, "explanation": "", "date": "1398-01-03", "created_at": "1398-01-04", "updated_at": "1398-01-03", "type": "manual", "createType": "auto", "bed": "0", "bes": "0"}}, {"model": "sanads.sanad", "pk": 10, "fields": {"financial_year": 1, "code": 10, "explanation": "", "date": "1398-01-03", "created_at": "1398-01-04", "updated_at": "1398-01-03", "type": "manual", "createType": "auto", "bed": "0", "bes": "0"}}, {"model": "sanads.sanad", "pk": 11, "fields": {"financial_year": 1, "code": 11, "explanation": "", "date": "1398-01-03", "created_at": "1398-01-04", "updated_at": "1398-01-03", "type": "manual", "createType": "auto", "bed": "0", "bes": "0"}}, {"model": "sanads.sanad", "pk": 12, "fields": {"financial_year": 1, "code": 12, "explanation": "", "date": "1398-01-03", "created_at": "1398-01-04", "updated_at": "1398-01-03", "type": "manual", "createType": "auto", "bed": "0", "bes": "0"}}, {"model": "sanads.sanad", "pk": 13, "fields": {"financial_year": 1, "code": 13, "explanation": "", "date": "1398-01-03", "created_at": "1398-01-04", "updated_at": "1398-01-03", "type": "manual", "createType": "auto", "bed": "0", "bes": "0"}}, {"model": "sanads.sanad", "pk": 14, "fields": {"financial_year": 1, "code": 14, "explanation": "", "date": "1398-01-03", "created_at": "1398-01-03", "updated_at": "1398-01-03", "type": "manual", "createType": "auto", "bed": "0", "bes": "0"}}, {"model": "sanads.sanad", "pk": 15, "fields": {"financial_year": 1, "code": 15, "explanation": "", "date": "1398-01-04", "created_at": "1398-01-13", "updated_at": "1398-01-04", "type": "manual", "createType": "auto", "bed": "0", "bes": "0"}}, {"model": "sanads.sanad", "pk": 16, "fields": {"financial_year": 1, "code": 16, "explanation": "", "date": "1398-01-04", "created_at": "1398-01-16", "updated_at": "1398-01-04", "type": "temporary", "createType": "auto", "bed": "4000000", "bes": "4000000"}}, {"model": "sanads.sanad", "pk": 17, "fields": {"financial_year": 1, "code": 17, "explanation": "\u0634\u0634\u0633\u06cc\u0634\u0633\u06cc\u0634\u0633\u06cc", "date": "1398-01-04", "created_at": "1398-01-16", "updated_at": "1398-01-04", "type": "temporary", "createType": "auto", "bed": "6120000", "bes": "6120000"}}, {"model": "sanads.sanad", "pk": 18, "fields": {"financial_year": 1, "code": 18, "explanation": "\u062a\u0627\u0627\u0627\u0627\u062a\u0627\u062a", "date": "1398-01-04", "created_at": "1398-01-16", "updated_at": "1398-01-04", "type": "temporary", "createType": "auto", "bed": "400000", "bes": "400000"}}, {"model": "sanads.sanad", "pk": 19, "fields": {"financial_year": 1, "code": 19, "explanation": "\u0646\u0627\u0647\u0627\u0631 \u0648 \u0627\u062a\u0627\u0642", "date": "1398-01-04", "created_at": "1398-01-16", "updated_at": "1398-01-04", "type": "temporary", "createType": "auto", "bed": "6000000", "bes": "6000000"}}, {"model": "sanads.sanad", "pk": 20, "fields": {"financial_year": 1, "code": 20, "explanation": "", "date": "1398-01-04", "created_at": "1398-01-16", "updated_at": "1398-01-04", "type": "temporary", "createType": "auto", "bed": "4400000", "bes": "4400000"}}, {"model": "sanads.sanad", "pk": 21, "fields": {"financial_year": 1, "code": 21, "explanation": "", "date": "1398-01-04", "created_at": "1398-01-16", "updated_at": "1398-01-04", "type": "temporary", "createType": "auto", "bed": "12720000", "bes": "12720000"}}, {"model": "sanads.sanad", "pk": 22, "fields": {"financial_year": 1, "code": 22, "explanation": "", "date": "1398-01-04", "created_at": "1398-01-16", "updated_at": "1398-01-04", "type": "temporary", "createType": "auto", "bed": "15000000", "bes": "15000000"}}, {"model": "sanads.sanad", "pk": 23, "fields": {"financial_year": 1, "code": 23, "explanation": "", "date": "1398-01-06", "created_at": "1398-01-16", "updated_at": "1398-01-06", "type": "temporary", "createType": "auto", "bed": "20000", "bes": "20000"}}, {"model": "sanads.sanad", "pk": 24, "fields": {"financial_year": 1, "code": 24, "explanation": "", "date": "1398-01-06", "created_at": "1398-01-16", "updated_at": "1398-01-06", "type": "temporary", "createType": "auto", "bed": "6400000", "bes": "6400000"}}, {"model": "sanads.sanad", "pk": 25, "fields": {"financial_year": 1, "code": 25, "explanation": "", "date": "1398-01-06", "created_at": "1398-01-16", "updated_at": "1398-01-06", "type": "temporary", "createType": "auto", "bed": "50000", "bes": "50000"}}, {"model": "sanads.sanad", "pk": 26, "fields": {"financial_year": 1, "code": 26, "explanation": "\u0642\u0647\u0648\u0647 \u0644\u0644\u0628\u06cc\u0628\u06cc\u0633\u06cc\u0628", "date": "1398-01-06", "created_at": "1398-01-16", "updated_at": "1398-01-06", "type": "temporary", "createType": "auto", "bed": "250000", "bes": "250000"}}, {"model": "sanads.sanad", "pk": 27, "fields": {"financial_year": 1, "code": 27, "explanation": "\u0627\u062a\u0627\u0642", "date": "1398-01-07", "created_at": "1398-01-16", "updated_at": "1398-01-07", "type": "temporary", "createType": "auto", "bed": "200000", "bes": "200000"}}, {"model": "sanads.sanad", "pk": 28, "fields": {"financial_year": 1, "code": 28, "explanation": "", "date": "1398-01-07", "created_at": "1398-01-16", "updated_at": "1398-01-07", "type": "temporary", "createType": "auto", "bed": "12000000", "bes": "12000000"}}, {"model": "sanads.sanad", "pk": 29, "fields": {"financial_year": 1, "code": 29, "explanation": "\u062a\u062a\u062a\u062a\u062a", "date": "1398-01-07", "created_at": "1398-01-16", "updated_at": "1398-01-07", "type": "temporary", "createType": "auto", "bed": "22000000", "bes": "22000000"}}, {"model": "sanads.sanad", "pk": 30, "fields": {"financial_year": 1, "code": 30, "explanation": "", "date": "1398-01-07", "created_at": "1398-01-13", "updated_at": "1398-01-07", "type": "manual", "createType": "auto", "bed": "0", "bes": "0"}}, {"model": "sanads.sanad", "pk": 31, "fields": {"financial_year": 1, "code": 31, "explanation": "\u0634\u0645\u0627\u0631\u0647 \u067e\u06cc\u06af\u06cc\u0631\u06cc", "date": "1398-01-07", "created_at": "1398-01-16", "updated_at": "1398-01-07", "type": "temporary", "createType": "auto", "bed": "100000", "bes": "100000"}}, {"model": "sanads.sanad", "pk": 32, "fields": {"financial_year": 1, "code": 32, "explanation": "\u0628\u0627\u0628\u062a \u0644\u063a\u0648 \u0631\u0632\u0631\u0648", "date": "1398-01-07", "created_at": "1398-01-16", "updated_at": "1398-01-07", "type": "temporary", "createType": "auto", "bed": "20002000", "bes": "20002000"}}, {"model": "sanads.sanad", "pk": 33, "fields": {"financial_year": 1, "code": 33, "explanation": "", "date": "1398-01-04", "created_at": "1398-01-16", "updated_at": "1398-01-07", "type": "temporary", "createType": "auto", "bed": "200000", "bes": "200000"}}, {"model": "sanads.sanad", "pk": 34, "fields": {"financial_year": 1, "code": 34, "explanation": "", "date": "1398-01-09", "created_at": "1398-01-16", "updated_at": "1398-01-09", "type": "temporary", "createType": "auto", "bed": "6400000", "bes": "6400000"}}, {"model": "sanads.sanad", "pk": 35, "fields": {"financial_year": 1, "code": 35, "explanation": "", "date": "1398-01-09", "created_at": "1398-01-16", "updated_at": "1398-01-09", "type": "temporary", "createType": "auto", "bed": "30800000", "bes": "30800000"}}, {"model": "sanads.sanad", "pk": 36, "fields": {"financial_year": 1, "code": 36, "explanation": "", "date": "1398-01-09", "created_at": "1398-01-16", "updated_at": "1398-01-09", "type": "temporary", "createType": "auto", "bed": "26920000", "bes": "26920000"}}, {"model": "sanads.sanad", "pk": 37, "fields": {"financial_year": 1, "code": 37, "explanation": "", "date": "1398-01-09", "created_at": "1398-01-16", "updated_at": "1398-01-09", "type": "temporary", "createType": "auto", "bed": "520000", "bes": "520000"}}, {"model": "sanads.sanad", "pk": 38, "fields": {"financial_year": 1, "code": 38, "explanation": "", "date": "1398-01-11", "created_at": "1398-01-16", "updated_at": "1398-01-11", "type": "temporary", "createType": "auto", "bed": "24000000", "bes": "24000000"}}, {"model": "sanads.sanad", "pk": 39, "fields": {"financial_year": 1, "code": 39, "explanation": "", "date": "1398-01-11", "created_at": "1398-01-16", "updated_at": "1398-01-11", "type": "temporary", "createType": "auto", "bed": "2000000000", "bes": "2000000000"}}, {"model": "sanads.sanad", "pk": 40, "fields": {"financial_year": 1, "code": 40, "explanation": "", "date": "1398-01-11", "created_at": "1398-01-11", "updated_at": "1398-01-11", "type": "", "createType": "auto", "bed": "0", "bes": "0"}}, {"model": "sanads.sanad", "pk": 41, "fields": {"financial_year": 1, "code": 41, "explanation": "", "date": "1398-01-11", "created_at": "1398-01-16", "updated_at": "1398-01-11", "type": "temporary", "createType": "auto", "bed": "3", "bes": "3"}}, {"model": "sanads.sanad", "pk": 42, "fields": {"financial_year": 1, "code": 42, "explanation": "", "date": "1398-01-11", "created_at": "1398-01-16", "updated_at": "1398-01-11", "type": "temporary", "createType": "auto", "bed": "520000", "bes": "520000"}}, {"model": "sanads.sanad", "pk": 43, "fields": {"financial_year": 1, "code": 43, "explanation": "", "date": "1398-01-04", "created_at": "1398-01-16", "updated_at": "1398-01-11", "type": "temporary", "createType": "auto", "bed": "40000000", "bes": "40000000"}}, {"model": "sanads.sanad", "pk": 44, "fields": {"financial_year": 1, "code": 44, "explanation": "", "date": "1398-01-04", "created_at": "1398-01-16", "updated_at": "1398-01-11", "type": "temporary", "createType": "auto", "bed": "892020000", "bes": "892020000"}}, {"model": "sanads.sanad", "pk": 45, "fields": {"financial_year": 1, "code": 45, "explanation": "", "date": "1398-01-11", "created_at": "1398-01-16", "updated_at": "1398-01-11", "type": "temporary", "createType": "auto", "bed": "820000000", "bes": "820000000"}}, {"model": "sanads.sanad", "pk": 46, "fields": {"financial_year": 1, "code": 46, "explanation": "", "date": "1398-01-11", "created_at": "1398-01-16", "updated_at": "1398-01-11", "type": "temporary", "createType": "auto", "bed": "14400000", "bes": "14400000"}}, {"model": "sanads.sanad", "pk": 47, "fields": {"financial_year": 1, "code": 47, "explanation": "", "date": "1398-01-11", "created_at": "1398-01-16", "updated_at": "1398-01-11", "type": "temporary", "createType": "auto", "bed": "40000000", "bes": "40000000"}}, {"model": "sanads.sanad", "pk": 48, "fields": {"financial_year": 1, "code": 48, "explanation": "", "date": "1398-01-11", "created_at": "1398-01-16", "updated_at": "1398-01-11", "type": "temporary", "createType": "auto", "bed": "36000000", "bes": "36000000"}}, {"model": "sanads.sanad", "pk": 49, "fields": {"financial_year": 1, "code": 49, "explanation": "", "date": "1398-01-11", "created_at": "1398-01-11", "updated_at": "1398-01-11", "type": "", "createType": "auto", "bed": "0", "bes": "0"}}, {"model": "sanads.sanad", "pk": 50, "fields": {"financial_year": 1, "code": 50, "explanation": "", "date": "1398-01-11", "created_at": "1398-01-16", "updated_at": "1398-01-11", "type": "temporary", "createType": "auto", "bed": "4308200000", "bes": "4308200000"}}, {"model": "sanads.sanad", "pk": 51, "fields": {"financial_year": 1, "code": 51, "explanation": "", "date": "1398-01-11", "created_at": "1398-01-11", "updated_at": "1398-01-11", "type": "", "createType": "auto", "bed": "0", "bes": "0"}}, {"model": "sanads.sanad", "pk": 52, "fields": {"financial_year": 1, "code": 52, "explanation": "", "date": "1398-01-11", "created_at": "1398-01-16", "updated_at": "1398-01-11", "type": "temporary", "createType": "auto", "bed": "6440000", "bes": "6440000"}}, {"model": "sanads.sanad", "pk": 53, "fields": {"financial_year": 1, "code": 53, "explanation": "", "date": "1398-01-11", "created_at": "1398-01-16", "updated_at": "1398-01-11", "type": "temporary", "createType": "auto", "bed": "6320000", "bes": "6320000"}}, {"model": "sanads.sanad", "pk": 54, "fields": {"financial_year": 1, "code": 54, "explanation": "\u0628\u0644\u0627\u062a\u0646", "date": "1398-01-11", "created_at": "1398-01-16", "updated_at": "1398-01-11", "type": "temporary", "createType": "auto", "bed": "40000", "bes": "40000"}}, {"model": "sanads.sanad", "pk": 55, "fields": {"financial_year": 1, "code": 55, "explanation": "", "date": "1398-01-12", "created_at": "1398-01-16", "updated_at": "1398-01-12", "type": "temporary", "createType": "auto", "bed": "4000000", "bes": "4000000"}}, {"model": "sanads.sanad", "pk": 56, "fields": {"financial_year": 1, "code": 56, "explanation": "", "date": "1398-01-12", "created_at": "1398-01-16", "updated_at": "1398-01-12", "type": "temporary", "createType": "auto", "bed": "6976000", "bes": "6976000"}}, {"model": "sanads.sanad", "pk": 57, "fields": {"financial_year": 1, "code": 57, "explanation": "", "date": "1398-01-12", "created_at": "1398-01-16", "updated_at": "1398-01-12", "type": "temporary", "createType": "auto", "bed": "1100000", "bes": "1100000"}}, {"model": "sanads.sanad", "pk": 58, "fields": {"financial_year": 1, "code": 58, "explanation": "", "date": "1398-01-12", "created_at": "1398-01-16", "updated_at": "1398-01-12", "type": "temporary", "createType": "auto", "bed": "460000", "bes": "460000"}}, {"model": "sanads.sanad", "pk": 59, "fields": {"financial_year": 1, "code": 59, "explanation": "", "date": "1398-01-12", "created_at": "1398-01-16", "updated_at": "1398-01-12", "type": "temporary", "createType": "auto", "bed": "3500000", "bes": "3500000"}}, {"model": "sanads.sanad", "pk": 60, "fields": {"financial_year": 1, "code": 60, "explanation": "", "date": "1398-01-12", "created_at": "1398-01-16", "updated_at": "1398-01-12", "type": "temporary", "createType": "auto", "bed": "2824000", "bes": "2824000"}}, {"model": "sanads.sanad", "pk": 61, "fields": {"financial_year": 1, "code": 61, "explanation": "", "date": "1398-01-12", "created_at": "1398-01-12", "updated_at": "1398-01-12", "type": "", "createType": "auto", "bed": "0", "bes": "0"}}, {"model": "sanads.sanad", "pk": 62, "fields": {"financial_year": 1, "code": 62, "explanation": "", "date": "1398-01-12", "created_at": "1398-01-12", "updated_at": "1398-01-12", "type": "", "createType": "auto", "bed": "0", "bes": "0"}}, {"model": "sanads.sanad", "pk": 63, "fields": {"financial_year": 1, "code": 63, "explanation": "", "date": "1398-01-12", "created_at": "1398-01-16", "updated_at": "1398-01-12", "type": "temporary", "createType": "auto", "bed": "25200000", "bes": "25200000"}}, {"model": "sanads.sanad", "pk": 64, "fields": {"financial_year": 1, "code": 64, "explanation": "", "date": "1398-01-12", "created_at": "1398-01-16", "updated_at": "1398-01-12", "type": "temporary", "createType": "auto", "bed": "22800000", "bes": "22800000"}}, {"model": "sanads.sanad", "pk": 65, "fields": {"financial_year": 1, "code": 65, "explanation": "", "date": "1398-01-12", "created_at": "1398-01-16", "updated_at": "1398-01-12", "type": "temporary", "createType": "auto", "bed": "30080000", "bes": "30080000"}}, {"model": "sanads.sanad", "pk": 66, "fields": {"financial_year": 1, "code": 66, "explanation": "", "date": "1398-01-12", "created_at": "1398-01-12", "updated_at": "1398-01-12", "type": "temporary", "createType": "auto", "bed": "0", "bes": "0"}}, {"model": "sanads.sanad", "pk": 67, "fields": {"financial_year": 1, "code": 67, "explanation": "", "date": "1398-01-12", "created_at": "1398-01-16", "updated_at": "1398-01-12", "type": "temporary", "createType": "auto", "bed": "29600000", "bes": "29600000"}}, {"model": "sanads.sanad", "pk": 68, "fields": {"financial_year": 1, "code": 68, "explanation": "", "date": "1398-01-12", "created_at": "1398-01-12", "updated_at": "1398-01-12", "type": "temporary", "createType": "auto", "bed": "0", "bes": "0"}}, {"model": "sanads.sanad", "pk": 69, "fields": {"financial_year": 1, "code": 69, "explanation": "", "date": "1398-01-12", "created_at": "1398-01-16", "updated_at": "1398-01-12", "type": "temporary", "createType": "auto", "bed": "1200000", "bes": "1200000"}}, {"model": "sanads.sanad", "pk": 70, "fields": {"financial_year": 1, "code": 70, "explanation": "", "date": "1398-01-12", "created_at": "1398-01-16", "updated_at": "1398-01-12", "type": "temporary", "createType": "auto", "bed": "30300000", "bes": "30300000"}}, {"model": "sanads.sanad", "pk": 71, "fields": {"financial_year": 1, "code": 71, "explanation": "", "date": "1398-01-12", "created_at": "1398-01-16", "updated_at": "1398-01-12", "type": "temporary", "createType": "auto", "bed": "13958000", "bes": "13958000"}}, {"model": "sanads.sanad", "pk": 72, "fields": {"financial_year": 1, "code": 72, "explanation": "", "date": "1398-01-12", "created_at": "1398-01-16", "updated_at": "1398-01-12", "type": "temporary", "createType": "auto", "bed": "4280000", "bes": "4280000"}}, {"model": "sanads.sanad", "pk": 73, "fields": {"financial_year": 1, "code": 73, "explanation": "", "date": "1398-01-12", "created_at": "1398-01-16", "updated_at": "1398-01-12", "type": "temporary", "createType": "auto", "bed": "4000000", "bes": "4000000"}}, {"model": "sanads.sanad", "pk": 74, "fields": {"financial_year": 1, "code": 74, "explanation": "", "date": "1398-01-12", "created_at": "1398-01-16", "updated_at": "1398-01-12", "type": "temporary", "createType": "auto", "bed": "3200000", "bes": "3200000"}}, {"model": "sanads.sanad", "pk": 75, "fields": {"financial_year": 1, "code": 75, "explanation": "", "date": "1398-01-12", "created_at": "1398-01-16", "updated_at": "1398-01-12", "type": "temporary", "createType": "auto", "bed": "19200000", "bes": "19200000"}}, {"model": "sanads.sanad", "pk": 76, "fields": {"financial_year": 1, "code": 76, "explanation": "", "date": "1398-01-12", "created_at": "1398-01-16", "updated_at": "1398-01-12", "type": "temporary", "createType": "auto", "bed": "18080000", "bes": "18080000"}}, {"model": "sanads.sanad", "pk": 77, "fields": {"financial_year": 1, "code": 77, "explanation": "", "date": "1398-01-12", "created_at": "1398-01-12", "updated_at": "1398-01-12", "type": "manual", "createType": "auto", "bed": "0", "bes": "0"}}, {"model": "sanads.sanad", "pk": 78, "fields": {"financial_year": 1, "code": 78, "explanation": "", "date": "1398-01-12", "created_at": "1398-01-16", "updated_at": "1398-01-12", "type": "temporary", "createType": "auto", "bed": "80000", "bes": "80000"}}, {"model": "sanads.sanad", "pk": 79, "fields": {"financial_year": 1, "code": 79, "explanation": "", "date": "1398-01-12", "created_at": "1398-01-16", "updated_at": "1398-01-12", "type": "temporary", "createType": "auto", "bed": "38160000", "bes": "38160000"}}, {"model": "sanads.sanad", "pk": 80, "fields": {"financial_year": 1, "code": 80, "explanation": "", "date": "1398-01-12", "created_at": "1398-01-16", "updated_at": "1398-01-12", "type": "temporary", "createType": "auto", "bed": "120000", "bes": "120000"}}, {"model": "sanads.sanad", "pk": 81, "fields": {"financial_year": 1, "code": 81, "explanation": "", "date": "1398-01-12", "created_at": "1398-01-16", "updated_at": "1398-01-12", "type": "temporary", "createType": "auto", "bed": "32000000", "bes": "32000000"}}, {"model": "sanads.sanad", "pk": 82, "fields": {"financial_year": 1, "code": 82, "explanation": "", "date": "1398-01-12", "created_at": "1398-01-16", "updated_at": "1398-01-12", "type": "temporary", "createType": "auto", "bed": "61040000", "bes": "61040000"}}, {"model": "sanads.sanad", "pk": 83, "fields": {"financial_year": 1, "code": 83, "explanation": "", "date": "1398-01-12", "created_at": "1398-01-16", "updated_at": "1398-01-12", "type": "temporary", "createType": "auto", "bed": "23733332", "bes": "23733332"}}, {"model": "sanads.sanad", "pk": 84, "fields": {"financial_year": 1, "code": 84, "explanation": "", "date": "1398-01-12", "created_at": "1398-01-16", "updated_at": "1398-01-12", "type": "temporary", "createType": "auto", "bed": "70400000", "bes": "70400000"}}, {"model": "sanads.sanad", "pk": 85, "fields": {"financial_year": 1, "code": 85, "explanation": "", "date": "1398-01-12", "created_at": "1398-01-16", "updated_at": "1398-01-12", "type": "temporary", "createType": "auto", "bed": "48000000", "bes": "48000000"}}, {"model": "sanads.sanad", "pk": 86, "fields": {"financial_year": 1, "code": 86, "explanation": "", "date": "1398-01-12", "created_at": "1398-01-16", "updated_at": "1398-01-12", "type": "temporary", "createType": "auto", "bed": "61040000", "bes": "61040000"}}, {"model": "sanads.sanad", "pk": 87, "fields": {"financial_year": 1, "code": 87, "explanation": "", "date": "1398-01-12", "created_at": "1398-01-16", "updated_at": "1398-01-12", "type": "temporary", "createType": "auto", "bed": "87653130", "bes": "87653130"}}, {"model": "sanads.sanad", "pk": 88, "fields": {"financial_year": 1, "code": 88, "explanation": "", "date": "1398-01-12", "created_at": "1398-01-16", "updated_at": "1398-01-12", "type": "temporary", "createType": "auto", "bed": "48000020", "bes": "48000020"}}, {"model": "sanads.sanad", "pk": 89, "fields": {"financial_year": 1, "code": 89, "explanation": "", "date": "1398-01-12", "created_at": "1398-01-12", "updated_at": "1398-01-12", "type": "temporary", "createType": "auto", "bed": "0", "bes": "0"}}, {"model": "sanads.sanad", "pk": 90, "fields": {"financial_year": 1, "code": 90, "explanation": "", "date": "1398-01-12", "created_at": "1398-01-16", "updated_at": "1398-01-12", "type": "temporary", "createType": "auto", "bed": "69146870", "bes": "69146870"}}, {"model": "sanads.sanad", "pk": 91, "fields": {"financial_year": 1, "code": 91, "explanation": "", "date": "1398-01-12", "created_at": "1398-01-16", "updated_at": "1398-01-12", "type": "temporary", "createType": "auto", "bed": "47999980", "bes": "47999980"}}, {"model": "sanads.sanad", "pk": 92, "fields": {"financial_year": 1, "code": 92, "explanation": "", "date": "1398-01-12", "created_at": "1398-01-16", "updated_at": "1398-01-12", "type": "temporary", "createType": "auto", "bed": "100000000", "bes": "100000000"}}, {"model": "sanads.sanad", "pk": 93, "fields": {"financial_year": 1, "code": 93, "explanation": "", "date": "1398-01-12", "created_at": "1398-01-16", "updated_at": "1398-01-12", "type": "temporary", "createType": "auto", "bed": "219998000", "bes": "219998000"}}, {"model": "sanads.sanad", "pk": 94, "fields": {"financial_year": 1, "code": 94, "explanation": "", "date": "1398-01-12", "created_at": "1398-01-13", "updated_at": "1398-01-12", "type": "manual", "createType": "auto", "bed": "0", "bes": "0"}}, {"model": "sanads.sanad", "pk": 95, "fields": {"financial_year": 1, "code": 95, "explanation": "", "date": "1398-01-12", "created_at": "1398-01-16", "updated_at": "1398-01-12", "type": "temporary", "createType": "auto", "bed": "19440000", "bes": "19440000"}}, {"model": "sanads.sanad", "pk": 96, "fields": {"financial_year": 1, "code": 96, "explanation": "", "date": "1398-01-12", "created_at": "1398-01-16", "updated_at": "1398-01-12", "type": "temporary", "createType": "auto", "bed": "8400000", "bes": "8400000"}}, {"model": "sanads.sanad", "pk": 97, "fields": {"financial_year": 1, "code": 97, "explanation": "", "date": "1398-01-12", "created_at": "1398-01-16", "updated_at": "1398-01-12", "type": "temporary", "createType": "auto", "bed": "6000000", "bes": "6000000"}}, {"model": "sanads.sanad", "pk": 98, "fields": {"financial_year": 1, "code": 98, "explanation": "", "date": "1398-01-12", "created_at": "1398-01-16", "updated_at": "1398-01-12", "type": "temporary", "createType": "auto", "bed": "2460000000000", "bes": "2460000000000"}}, {"model": "sanads.sanad", "pk": 99, "fields": {"financial_year": 1, "code": 99, "explanation": "", "date": "1398-01-12", "created_at": "1398-01-16", "updated_at": "1398-01-12", "type": "temporary", "createType": "auto", "bed": "24600000000", "bes": "24600000000"}}, {"model": "sanads.sanad", "pk": 100, "fields": {"financial_year": 1, "code": 100, "explanation": "", "date": "1398-01-12", "created_at": "1398-01-16", "updated_at": "1398-01-12", "type": "temporary", "createType": "auto", "bed": "2400000", "bes": "2400000"}}, {"model": "sanads.sanad", "pk": 101, "fields": {"financial_year": 1, "code": 101, "explanation": "", "date": "1398-01-12", "created_at": "1398-01-16", "updated_at": "1398-01-12", "type": "temporary", "createType": "auto", "bed": "200200000", "bes": "200200000"}}, {"model": "sanads.sanad", "pk": 102, "fields": {"financial_year": 1, "code": 102, "explanation": "", "date": "1398-01-12", "created_at": "1398-01-16", "updated_at": "1398-01-12", "type": "temporary", "createType": "auto", "bed": "24600000", "bes": "24600000"}}, {"model": "sanads.sanad", "pk": 103, "fields": {"financial_year": 1, "code": 103, "explanation": "", "date": "1398-01-12", "created_at": "1398-01-16", "updated_at": "1398-01-12", "type": "temporary", "createType": "auto", "bed": "1305320000", "bes": "1305320000"}}, {"model": "sanads.sanad", "pk": 104, "fields": {"financial_year": 1, "code": 104, "explanation": "", "date": "1398-01-12", "created_at": "1398-01-16", "updated_at": "1398-01-12", "type": "temporary", "createType": "auto", "bed": "12800000", "bes": "12800000"}}, {"model": "sanads.sanad", "pk": 105, "fields": {"financial_year": 1, "code": 105, "explanation": "", "date": "1398-01-12", "created_at": "1398-01-16", "updated_at": "1398-01-12", "type": "temporary", "createType": "auto", "bed": "12800000", "bes": "12800000"}}, {"model": "sanads.sanad", "pk": 106, "fields": {"financial_year": 1, "code": 106, "explanation": "", "date": "1398-01-13", "created_at": "1398-01-16", "updated_at": "1398-01-13", "type": "temporary", "createType": "auto", "bed": "20736000", "bes": "20736000"}}, {"model": "sanads.sanad", "pk": 107, "fields": {"financial_year": 1, "code": 107, "explanation": "", "date": "1398-01-13", "created_at": "1398-01-16", "updated_at": "1398-01-13", "type": "temporary", "createType": "auto", "bed": "17664000", "bes": "17664000"}}, {"model": "sanads.sanad", "pk": 161, "fields": {"financial_year": 1, "code": 108, "explanation": "", "date": "1398-01-17", "created_at": "1398-01-17", "updated_at": "1398-01-17", "type": "temporary", "createType": "auto", "bed": "246000000", "bes": "246000000"}}, {"model": "sanads.sanad", "pk": 162, "fields": {"financial_year": 1, "code": 109, "explanation": "", "date": "1398-01-17", "created_at": "1398-01-17", "updated_at": "1398-01-17", "type": "manual", "createType": "auto", "bed": "0", "bes": "0"}}, {"model": "sanads.sanad", "pk": 163, "fields": {"financial_year": 1, "code": 110, "explanation": "", "date": "1398-01-17", "created_at": "1398-01-17", "updated_at": "1398-01-17", "type": "", "createType": "auto", "bed": "3200000", "bes": "3200000"}}, {"model": "sanads.sanad", "pk": 167, "fields": {"financial_year": 1, "code": 111, "explanation": "", "date": "1398-01-18", "created_at": "1398-01-18", "updated_at": "1398-01-18", "type": "temporary", "createType": "auto", "bed": "1600000", "bes": "1600000"}}, {"model": "sanads.sanad", "pk": 168, "fields": {"financial_year": 1, "code": 112, "explanation": "", "date": "1398-01-18", "created_at": "1398-01-18", "updated_at": "1398-01-18", "type": "temporary", "createType": "auto", "bed": "123", "bes": "123"}}, {"model": "sanads.sanad", "pk": 169, "fields": {"financial_year": 1, "code": 113, "explanation": "", "date": "1398-01-17", "created_at": "1398-01-20", "updated_at": "1398-01-20", "type": "", "createType": "auto", "bed": "500003200000", "bes": "500003200000"}}, {"model": "sanads.sanad", "pk": 170, "fields": {"financial_year": 1, "code": 114, "explanation": "", "date": "1398-01-13", "created_at": "1398-01-20", "updated_at": "1398-01-20", "type": "temporary", "createType": "auto", "bed": "12093334", "bes": "12093334"}}, {"model": "sanads.sanad", "pk": 171, "fields": {"financial_year": 1, "code": 115, "explanation": "", "date": "1398-01-20", "created_at": "1398-01-20", "updated_at": "1398-01-20", "type": "temporary", "createType": "auto", "bed": "220186668", "bes": "220186668"}}, {"model": "sanads.sanad", "pk": 172, "fields": {"financial_year": 1, "code": 116, "explanation": "", "date": "1398-01-13", "created_at": "1398-01-20", "updated_at": "1398-01-20", "type": "temporary", "createType": "auto", "bed": "6000000", "bes": "6000000"}}, {"model": "sanads.sanaditem", "pk": 3, "fields": {"financial_year": 1, "sanad": 2, "account": 491, "floatAccount": null, "costCenter": null, "value": "4800000", "valueType": "bed", "explanation": "\u0628\u0627\u0628\u062a \u062f\u0631\u06cc\u0627\u0641\u062a \u0628\u0627\u0646\u06a9 \u0628\u0647 \u0634\u0645\u0627\u0631\u0647 \u0645\u0633\u062a\u0646\u062f 110 \u0628\u0647 \u062a\u0627\u0631\u06cc\u062e 1397-12-28"}}, {"model": "sanads.sanaditem", "pk": 4, "fields": {"financial_year": 1, "sanad": 2, "account": 502, "floatAccount": null, "costCenter": null, "value": "4800000", "valueType": "bes", "explanation": "\u0628\u0627\u0628\u062a \u062f\u0631\u06cc\u0627\u0641\u062a \u0628\u0627\u0646\u06a9 \u0637\u06cc \u062f\u0631\u06cc\u0627\u0641\u062a \u0634\u0645\u0627\u0631\u0647 1"}}, {"model": "sanads.sanaditem", "pk": 37, "fields": {"financial_year": 1, "sanad": 16, "account": 492, "floatAccount": null, "costCenter": null, "value": "2000000", "valueType": "bed", "explanation": ""}}, {"model": "sanads.sanaditem", "pk": 38, "fields": {"financial_year": 1, "sanad": 16, "account": 498, "floatAccount": null, "costCenter": null, "value": "2000000", "valueType": "bes", "explanation": ""}}, {"model": "sanads.sanaditem", "pk": 43, "fields": {"financial_year": 1, "sanad": 18, "account": 492, "floatAccount": null, "costCenter": null, "value": "200000", "valueType": "bed", "explanation": ""}}, {"model": "sanads.sanaditem", "pk": 44, "fields": {"financial_year": 1, "sanad": 18, "account": 498, "floatAccount": null, "costCenter": null, "value": "200000", "valueType": "bes", "explanation": ""}}, {"model": "sanads.sanaditem", "pk": 45, "fields": {"financial_year": 1, "sanad": 17, "account": 492, "floatAccount": null, "costCenter": null, "value": "3060000", "valueType": "bed", "explanation": ""}}, {"model": "sanads.sanaditem", "pk": 46, "fields": {"financial_year": 1, "sanad": 17, "account": 498, "floatAccount": null, "costCenter": null, "value": "3060000", "valueType": "bes", "explanation": ""}}, {"model": "sanads.sanaditem", "pk": 47, "fields": {"financial_year": 1, "sanad": 19, "account": 495, "floatAccount": null, "costCenter": null, "value": "3000000", "valueType": "bed", "explanation": ""}}, {"model": "sanads.sanaditem", "pk": 48, "fields": {"financial_year": 1, "sanad": 19, "account": 498, "floatAccount": null, "costCenter": null, "value": "3000000", "valueType": "bes", "explanation": ""}}, {"model": "sanads.sanaditem", "pk": 49, "fields": {"financial_year": 1, "sanad": 20, "account": 232, "floatAccount": null, "costCenter": null, "value": "2200000", "valueType": "bed", "explanation": "\u0628\u0627\u0628\u062a \u062f\u0631\u06cc\u0627\u0641\u062a \u0646\u0642\u062f\u06cc \u0628\u0647 \u0634\u0645\u0627\u0631\u0647 \u0645\u0633\u062a\u0646\u062f 1256 \u0628\u0647 \u062a\u0627\u0631\u06cc\u062e 1398-01-04"}}, {"model": "sanads.sanaditem", "pk": 50, "fields": {"financial_year": 1, "sanad": 20, "account": 495, "floatAccount": null, "costCenter": null, "value": "2200000", "valueType": "bes", "explanation": "\u0628\u0627\u0628\u062a \u062f\u0631\u06cc\u0627\u0641\u062a \u0646\u0642\u062f\u06cc \u0637\u06cc \u062f\u0631\u06cc\u0627\u0641\u062a \u0634\u0645\u0627\u0631\u0647 2"}}, {"model": "sanads.sanaditem", "pk": 51, "fields": {"financial_year": 1, "sanad": 22, "account": 233, "floatAccount": null, "costCenter": null, "value": "5000000", "valueType": "bed", "explanation": "\u0628\u0627\u0628\u062a \u062f\u0631\u06cc\u0627\u0641\u062a \u0686\u06a9 \u0634\u0645\u0627\u0631\u0647 111 \u0628\u0647 \u062a\u0627\u0631\u06cc\u062e \u0633\u0631\u0631\u0633\u06cc\u062f 1398-01-04 \u0627\u0632 \u062f\u0647\u0642\u0627\u0646\u06cc"}}, {"model": "sanads.sanaditem", "pk": 52, "fields": {"financial_year": 1, "sanad": 22, "account": 496, "floatAccount": null, "costCenter": null, "value": "5000000", "valueType": "bes", "explanation": "\u0628\u0627\u0628\u062a \u062f\u0631\u06cc\u0627\u0641\u062a \u0686\u06a9 \u0634\u0645\u0627\u0631\u0647 111 \u0628\u0647 \u062a\u0627\u0631\u06cc\u062e \u0633\u0631\u0631\u0633\u06cc\u062f 1398-01-04 \u0627\u0632 \u062f\u0647\u0642\u0627\u0646\u06cc"}}, {"model": "sanads.sanaditem", "pk": 58, "fields": {"financial_year": 1, "sanad": 21, "account": 491, "floatAccount": null, "costCenter": null, "value": "1110000", "valueType": "bed", "explanation": "\u0628\u0627\u0628\u062a \u062f\u0631\u06cc\u0627\u0641\u062a \u0628\u0627\u0646\u06a9 \u0628\u0647 \u0634\u0645\u0627\u0631\u0647 \u0645\u0633\u062a\u0646\u062f 65632 \u0628\u0647 \u062a\u0627\u0631\u06cc\u062e 1398-01-04"}}, {"model": "sanads.sanaditem", "pk": 59, "fields": {"financial_year": 1, "sanad": 21, "account": 232, "floatAccount": null, "costCenter": null, "value": "250000", "valueType": "bed", "explanation": "\u0628\u0627\u0628\u062a \u062f\u0631\u06cc\u0627\u0641\u062a \u0646\u0642\u062f\u06cc \u0628\u0647 \u0634\u0645\u0627\u0631\u0647 \u0645\u0633\u062a\u0646\u062f  \u0628\u0647 \u062a\u0627\u0631\u06cc\u062e 1398-01-04"}}, {"model": "sanads.sanaditem", "pk": 60, "fields": {"financial_year": 1, "sanad": 21, "account": 233, "floatAccount": null, "costCenter": null, "value": "5000000", "valueType": "bed", "explanation": "\u0628\u0627\u0628\u062a \u062f\u0631\u06cc\u0627\u0641\u062a \u0686\u06a9 \u062f\u0631\u06cc\u0627\u0641\u062a\u0646\u06cc \u0628\u0647 \u0634\u0645\u0627\u0631\u0647 \u0645\u0633\u062a\u0646\u062f 111 \u0628\u0647 \u062a\u0627\u0631\u06cc\u062e 1398-01-04"}}, {"model": "sanads.sanaditem", "pk": 61, "fields": {"financial_year": 1, "sanad": 21, "account": 496, "floatAccount": null, "costCenter": null, "value": "6360000", "valueType": "bes", "explanation": "\u0628\u0627\u0628\u062a \u062f\u0631\u06cc\u0627\u0641\u062a \u0628\u0627\u0646\u06a9, \u0646\u0642\u062f\u06cc, \u0686\u06a9 \u062f\u0631\u06cc\u0627\u0641\u062a\u0646\u06cc \u0637\u06cc \u062f\u0631\u06cc\u0627\u0641\u062a \u0634\u0645\u0627\u0631\u0647 3"}}, {"model": "sanads.sanaditem", "pk": 62, "fields": {"financial_year": 1, "sanad": 23, "account": 232, "floatAccount": null, "costCenter": null, "value": "10000", "valueType": "bed", "explanation": "\u0628\u0627\u0628\u062a \u062f\u0631\u06cc\u0627\u0641\u062a \u0646\u0642\u062f\u06cc \u0628\u0647 \u0634\u0645\u0627\u0631\u0647 \u0645\u0633\u062a\u0646\u062f  \u0628\u0647 \u062a\u0627\u0631\u06cc\u062e 1398-01-06"}}, {"model": "sanads.sanaditem", "pk": 63, "fields": {"financial_year": 1, "sanad": 23, "account": 510, "floatAccount": null, "costCenter": null, "value": "10000", "valueType": "bes", "explanation": "\u0628\u0627\u0628\u062a \u062f\u0631\u06cc\u0627\u0641\u062a \u0646\u0642\u062f\u06cc \u0637\u06cc \u062f\u0631\u06cc\u0627\u0641\u062a \u0634\u0645\u0627\u0631\u0647 4"}}, {"model": "sanads.sanaditem", "pk": 64, "fields": {"financial_year": 1, "sanad": 24, "account": 510, "floatAccount": null, "costCenter": null, "value": "3200000", "valueType": "bed", "explanation": ""}}, {"model": "sanads.sanaditem", "pk": 65, "fields": {"financial_year": 1, "sanad": 24, "account": 498, "floatAccount": null, "costCenter": null, "value": "3200000", "valueType": "bes", "explanation": ""}}, {"model": "sanads.sanaditem", "pk": 66, "fields": {"financial_year": 1, "sanad": 25, "account": 510, "floatAccount": null, "costCenter": null, "value": "25000", "valueType": "bed", "explanation": ""}}, {"model": "sanads.sanaditem", "pk": 67, "fields": {"financial_year": 1, "sanad": 25, "account": 498, "floatAccount": null, "costCenter": null, "value": "25000", "valueType": "bes", "explanation": ""}}, {"model": "sanads.sanaditem", "pk": 70, "fields": {"financial_year": 1, "sanad": 26, "account": 510, "floatAccount": null, "costCenter": null, "value": "125000", "valueType": "bed", "explanation": ""}}, {"model": "sanads.sanaditem", "pk": 71, "fields": {"financial_year": 1, "sanad": 26, "account": 498, "floatAccount": null, "costCenter": null, "value": "125000", "valueType": "bes", "explanation": ""}}, {"model": "sanads.sanaditem", "pk": 72, "fields": {"financial_year": 1, "sanad": 27, "account": 232, "floatAccount": null, "costCenter": null, "value": "100000", "valueType": "bed", "explanation": "\u0628\u0627\u0628\u062a \u062f\u0631\u06cc\u0627\u0641\u062a \u0646\u0642\u062f\u06cc \u0628\u0647 \u0634\u0645\u0627\u0631\u0647 \u0645\u0633\u062a\u0646\u062f  \u0628\u0647 \u062a\u0627\u0631\u06cc\u062e 1398-01-07"}}, {"model": "sanads.sanaditem", "pk": 73, "fields": {"financial_year": 1, "sanad": 27, "account": 511, "floatAccount": null, "costCenter": null, "value": "100000", "valueType": "bes", "explanation": "\u0628\u0627\u0628\u062a \u062f\u0631\u06cc\u0627\u0641\u062a \u0646\u0642\u062f\u06cc \u0637\u06cc \u062f\u0631\u06cc\u0627\u0641\u062a \u0634\u0645\u0627\u0631\u0647 5"}}, {"model": "sanads.sanaditem", "pk": 74, "fields": {"financial_year": 1, "sanad": 28, "account": 511, "floatAccount": null, "costCenter": null, "value": "6000000", "valueType": "bed", "explanation": ""}}, {"model": "sanads.sanaditem", "pk": 75, "fields": {"financial_year": 1, "sanad": 28, "account": 498, "floatAccount": null, "costCenter": null, "value": "6000000", "valueType": "bes", "explanation": ""}}, {"model": "sanads.sanaditem", "pk": 76, "fields": {"financial_year": 1, "sanad": 29, "account": 514, "floatAccount": null, "costCenter": null, "value": "10000000", "valueType": "bed", "explanation": ""}}, {"model": "sanads.sanaditem", "pk": 77, "fields": {"financial_year": 1, "sanad": 29, "account": 498, "floatAccount": null, "costCenter": null, "value": "10000000", "valueType": "bes", "explanation": ""}}, {"model": "sanads.sanaditem", "pk": 78, "fields": {"financial_year": 1, "sanad": 29, "account": 498, "floatAccount": null, "costCenter": null, "value": "1000000", "valueType": "bed", "explanation": ""}}, {"model": "sanads.sanaditem", "pk": 79, "fields": {"financial_year": 1, "sanad": 29, "account": 514, "floatAccount": null, "costCenter": null, "value": "1000000", "valueType": "bes", "explanation": ""}}, {"model": "sanads.sanaditem", "pk": 80, "fields": {"financial_year": 1, "sanad": 31, "account": 232, "floatAccount": null, "costCenter": null, "value": "50000", "valueType": "bed", "explanation": "\u0628\u0627\u0628\u062a \u062f\u0631\u06cc\u0627\u0641\u062a \u0646\u0642\u062f\u06cc \u0628\u0647 \u0634\u0645\u0627\u0631\u0647 \u0645\u0633\u062a\u0646\u062f  \u0628\u0647 \u062a\u0627\u0631\u06cc\u062e 1398-01-07"}}, {"model": "sanads.sanaditem", "pk": 81, "fields": {"financial_year": 1, "sanad": 31, "account": 514, "floatAccount": null, "costCenter": null, "value": "50000", "valueType": "bes", "explanation": "\u0628\u0627\u0628\u062a \u062f\u0631\u06cc\u0627\u0641\u062a \u0646\u0642\u062f\u06cc \u0637\u06cc \u062f\u0631\u06cc\u0627\u0641\u062a \u0634\u0645\u0627\u0631\u0647 6"}}, {"model": "sanads.sanaditem", "pk": 82, "fields": {"financial_year": 1, "sanad": 32, "account": 514, "floatAccount": null, "costCenter": null, "value": "10000000", "valueType": "bes", "explanation": ""}}, {"model": "sanads.sanaditem", "pk": 83, "fields": {"financial_year": 1, "sanad": 32, "account": 500, "floatAccount": null, "costCenter": null, "value": "10000000", "valueType": "bed", "explanation": ""}}, {"model": "sanads.sanaditem", "pk": 84, "fields": {"financial_year": 1, "sanad": 32, "account": 500, "floatAccount": null, "costCenter": null, "value": "1000", "valueType": "bes", "explanation": ""}}, {"model": "sanads.sanaditem", "pk": 85, "fields": {"financial_year": 1, "sanad": 32, "account": 514, "floatAccount": null, "costCenter": null, "value": "1000", "valueType": "bed", "explanation": ""}}, {"model": "sanads.sanaditem", "pk": 86, "fields": {"financial_year": 1, "sanad": 33, "account": 514, "floatAccount": null, "costCenter": null, "value": "100000", "valueType": "bed", "explanation": ""}}, {"model": "sanads.sanaditem", "pk": 87, "fields": {"financial_year": 1, "sanad": 33, "account": 498, "floatAccount": null, "costCenter": null, "value": "100000", "valueType": "bes", "explanation": ""}}, {"model": "sanads.sanaditem", "pk": 92, "fields": {"financial_year": 1, "sanad": 34, "account": 505, "floatAccount": null, "costCenter": null, "value": "3200000", "valueType": "bed", "explanation": ""}}, {"model": "sanads.sanaditem", "pk": 93, "fields": {"financial_year": 1, "sanad": 34, "account": 498, "floatAccount": null, "costCenter": null, "value": "3200000", "valueType": "bes", "explanation": ""}}, {"model": "sanads.sanaditem", "pk": 100, "fields": {"financial_year": 1, "sanad": 35, "account": 515, "floatAccount": null, "costCenter": null, "value": "14300000", "valueType": "bed", "explanation": ""}}, {"model": "sanads.sanaditem", "pk": 101, "fields": {"financial_year": 1, "sanad": 35, "account": 498, "floatAccount": null, "costCenter": null, "value": "14300000", "valueType": "bes", "explanation": ""}}, {"model": "sanads.sanaditem", "pk": 102, "fields": {"financial_year": 1, "sanad": 35, "account": 498, "floatAccount": null, "costCenter": null, "value": "1100000", "valueType": "bed", "explanation": ""}}, {"model": "sanads.sanaditem", "pk": 103, "fields": {"financial_year": 1, "sanad": 35, "account": 515, "floatAccount": null, "costCenter": null, "value": "1100000", "valueType": "bes", "explanation": ""}}, {"model": "sanads.sanaditem", "pk": 109, "fields": {"financial_year": 1, "sanad": 36, "account": 491, "floatAccount": null, "costCenter": null, "value": "10600000", "valueType": "bed", "explanation": "\u0628\u0627\u0628\u062a \u062f\u0631\u06cc\u0627\u0641\u062a \u0628\u0627\u0646\u06a9 \u0628\u0647 \u0634\u0645\u0627\u0631\u0647 \u0645\u0633\u062a\u0646\u062f  \u0628\u0647 \u062a\u0627\u0631\u06cc\u062e 1398-01-09"}}, {"model": "sanads.sanaditem", "pk": 110, "fields": {"financial_year": 1, "sanad": 36, "account": 491, "floatAccount": null, "costCenter": null, "value": "260000", "valueType": "bed", "explanation": "\u0628\u0627\u0628\u062a \u062f\u0631\u06cc\u0627\u0641\u062a \u0628\u0627\u0646\u06a9 \u0628\u0647 \u0634\u0645\u0627\u0631\u0647 \u0645\u0633\u062a\u0646\u062f  \u0628\u0647 \u062a\u0627\u0631\u06cc\u062e 1398-01-09"}}, {"model": "sanads.sanaditem", "pk": 111, "fields": {"financial_year": 1, "sanad": 36, "account": 491, "floatAccount": null, "costCenter": null, "value": "2600000", "valueType": "bed", "explanation": "\u0628\u0627\u0628\u062a \u062f\u0631\u06cc\u0627\u0641\u062a \u0628\u0627\u0646\u06a9 \u0628\u0647 \u0634\u0645\u0627\u0631\u0647 \u0645\u0633\u062a\u0646\u062f  \u0628\u0647 \u062a\u0627\u0631\u06cc\u062e 1398-01-09"}}, {"model": "sanads.sanaditem", "pk": 112, "fields": {"financial_year": 1, "sanad": 36, "account": 515, "floatAccount": null, "costCenter": null, "value": "13460000", "valueType": "bes", "explanation": "\u0628\u0627\u0628\u062a \u062f\u0631\u06cc\u0627\u0641\u062a \u0628\u0627\u0646\u06a9 \u0637\u06cc \u062f\u0631\u06cc\u0627\u0641\u062a \u0634\u0645\u0627\u0631\u0647 7"}}, {"model": "sanads.sanaditem", "pk": 113, "fields": {"financial_year": 1, "sanad": 37, "account": 515, "floatAccount": null, "costCenter": null, "value": "260000", "valueType": "bed", "explanation": ""}}, {"model": "sanads.sanaditem", "pk": 114, "fields": {"financial_year": 1, "sanad": 37, "account": 498, "floatAccount": null, "costCenter": null, "value": "260000", "valueType": "bes", "explanation": ""}}, {"model": "sanads.sanaditem", "pk": 123, "fields": {"financial_year": 1, "sanad": 38, "account": 491, "floatAccount": null, "costCenter": null, "value": "12000000", "valueType": "bed", "explanation": "\u0628\u0627\u0628\u062a \u062f\u0631\u06cc\u0627\u0641\u062a \u0628\u0627\u0646\u06a9 \u0628\u0647 \u0634\u0645\u0627\u0631\u0647 \u0645\u0633\u062a\u0646\u062f  \u0628\u0647 \u062a\u0627\u0631\u06cc\u062e 1398-01-11"}}, {"model": "sanads.sanaditem", "pk": 124, "fields": {"financial_year": 1, "sanad": 38, "account": 495, "floatAccount": null, "costCenter": null, "value": "12000000", "valueType": "bes", "explanation": "\u0628\u0627\u0628\u062a \u062f\u0631\u06cc\u0627\u0641\u062a \u0628\u0627\u0646\u06a9 \u0637\u06cc \u062f\u0631\u06cc\u0627\u0641\u062a \u0634\u0645\u0627\u0631\u0647 8"}}, {"model": "sanads.sanaditem", "pk": 134, "fields": {"financial_year": 1, "sanad": 41, "account": 233, "floatAccount": null, "costCenter": null, "value": "1", "valueType": "bed", "explanation": "\u0628\u0627\u0628\u062a \u062f\u0631\u06cc\u0627\u0641\u062a \u0686\u06a9 \u0634\u0645\u0627\u0631\u0647 123 \u0628\u0647 \u062a\u0627\u0631\u06cc\u062e \u0633\u0631\u0631\u0633\u06cc\u062f 1398-01-11 \u0627\u0632 \u062d\u0633\u06cc\u0646\u06cc"}}, {"model": "sanads.sanaditem", "pk": 135, "fields": {"financial_year": 1, "sanad": 41, "account": 492, "floatAccount": null, "costCenter": null, "value": "1", "valueType": "bes", "explanation": "\u0628\u0627\u0628\u062a \u062f\u0631\u06cc\u0627\u0641\u062a \u0686\u06a9 \u0634\u0645\u0627\u0631\u0647 123 \u0628\u0647 \u062a\u0627\u0631\u06cc\u062e \u0633\u0631\u0631\u0633\u06cc\u062f 1398-01-11 \u0627\u0632 \u062d\u0633\u06cc\u0646\u06cc"}}, {"model": "sanads.sanaditem", "pk": 152, "fields": {"financial_year": 1, "sanad": 39, "account": 491, "floatAccount": null, "costCenter": null, "value": "1000000000", "valueType": "bed", "explanation": "\u0628\u0627\u0628\u062a \u062f\u0631\u06cc\u0627\u0641\u062a \u0628\u0627\u0646\u06a9 \u0628\u0647 \u0634\u0645\u0627\u0631\u0647 \u0645\u0633\u062a\u0646\u062f  \u0628\u0647 \u062a\u0627\u0631\u06cc\u062e 1398-01-11"}}, {"model": "sanads.sanaditem", "pk": 153, "fields": {"financial_year": 1, "sanad": 39, "account": 492, "floatAccount": null, "costCenter": null, "value": "1000000000", "valueType": "bes", "explanation": "\u0628\u0627\u0628\u062a \u062f\u0631\u06cc\u0627\u0641\u062a \u0628\u0627\u0646\u06a9 \u0637\u06cc \u062f\u0631\u06cc\u0627\u0641\u062a \u0634\u0645\u0627\u0631\u0647 9"}}, {"model": "sanads.sanaditem", "pk": 162, "fields": {"financial_year": 1, "sanad": 42, "account": 491, "floatAccount": null, "costCenter": null, "value": "260000", "valueType": "bed", "explanation": "\u0628\u0627\u0628\u062a \u062f\u0631\u06cc\u0627\u0641\u062a \u0628\u0627\u0646\u06a9 \u0628\u0647 \u0634\u0645\u0627\u0631\u0647 \u0645\u0633\u062a\u0646\u062f  \u0628\u0647 \u062a\u0627\u0631\u06cc\u062e 1398-01-11"}}, {"model": "sanads.sanaditem", "pk": 163, "fields": {"financial_year": 1, "sanad": 42, "account": 515, "floatAccount": null, "costCenter": null, "value": "260000", "valueType": "bes", "explanation": "\u0628\u0627\u0628\u062a \u062f\u0631\u06cc\u0627\u0641\u062a \u0628\u0627\u0646\u06a9 \u0637\u06cc \u062f\u0631\u06cc\u0627\u0641\u062a \u0634\u0645\u0627\u0631\u0647 10"}}, {"model": "sanads.sanaditem", "pk": 164, "fields": {"financial_year": 1, "sanad": 43, "account": 515, "floatAccount": null, "costCenter": null, "value": "20000000", "valueType": "bed", "explanation": "\u0634\u0645\u0627\u0631\u0647 \u0641\u0627\u06a9\u062a\u0648\u0631: 14 \u062a\u0627\u0631\u06cc\u062e \u0641\u0627\u06a9\u062a\u0648\u0631: 1398-01-04 "}}, {"model": "sanads.sanaditem", "pk": 165, "fields": {"financial_year": 1, "sanad": 43, "account": 498, "floatAccount": null, "costCenter": null, "value": "20000000", "valueType": "bes", "explanation": "\u0634\u0645\u0627\u0631\u0647 \u0641\u0627\u06a9\u062a\u0648\u0631: 14 \u062a\u0627\u0631\u06cc\u062e \u0641\u0627\u06a9\u062a\u0648\u0631: 1398-01-04 "}}, {"model": "sanads.sanaditem", "pk": 166, "fields": {"financial_year": 1, "sanad": 44, "account": 515, "floatAccount": null, "costCenter": null, "value": "446000000", "valueType": "bed", "explanation": "\u0634\u0645\u0627\u0631\u0647 \u0641\u0627\u06a9\u062a\u0648\u0631: 15 \u062a\u0627\u0631\u06cc\u062e \u0641\u0627\u06a9\u062a\u0648\u0631: 1398-01-04 "}}, {"model": "sanads.sanaditem", "pk": 167, "fields": {"financial_year": 1, "sanad": 44, "account": 498, "floatAccount": null, "costCenter": null, "value": "446000000", "valueType": "bes", "explanation": "\u0634\u0645\u0627\u0631\u0647 \u0641\u0627\u06a9\u062a\u0648\u0631: 15 \u062a\u0627\u0631\u06cc\u062e \u0641\u0627\u06a9\u062a\u0648\u0631: 1398-01-04 "}}, {"model": "sanads.sanaditem", "pk": 168, "fields": {"financial_year": 1, "sanad": 44, "account": 498, "floatAccount": null, "costCenter": null, "value": "10000", "valueType": "bed", "explanation": "\u0634\u0645\u0627\u0631\u0647 \u0641\u0627\u06a9\u062a\u0648\u0631: 15 \u062a\u0627\u0631\u06cc\u062e \u0641\u0627\u06a9\u062a\u0648\u0631: 1398-01-04 "}}, {"model": "sanads.sanaditem", "pk": 169, "fields": {"financial_year": 1, "sanad": 44, "account": 515, "floatAccount": null, "costCenter": null, "value": "10000", "valueType": "bes", "explanation": "\u0634\u0645\u0627\u0631\u0647 \u0641\u0627\u06a9\u062a\u0648\u0631: 15 \u062a\u0627\u0631\u06cc\u062e \u0641\u0627\u06a9\u062a\u0648\u0631: 1398-01-04 "}}, {"model": "sanads.sanaditem", "pk": 172, "fields": {"financial_year": 1, "sanad": 46, "account": 506, "floatAccount": null, "costCenter": null, "value": "7200000", "valueType": "bed", "explanation": "\u0634\u0645\u0627\u0631\u0647 \u0641\u0627\u06a9\u062a\u0648\u0631: 16 \u062a\u0627\u0631\u06cc\u062e \u0641\u0627\u06a9\u062a\u0648\u0631: 1398-01-11 "}}, {"model": "sanads.sanaditem", "pk": 173, "fields": {"financial_year": 1, "sanad": 46, "account": 498, "floatAccount": null, "costCenter": null, "value": "7200000", "valueType": "bes", "explanation": "\u0634\u0645\u0627\u0631\u0647 \u0641\u0627\u06a9\u062a\u0648\u0631: 16 \u062a\u0627\u0631\u06cc\u062e \u0641\u0627\u06a9\u062a\u0648\u0631: 1398-01-11 "}}, {"model": "sanads.sanaditem", "pk": 174, "fields": {"financial_year": 1, "sanad": 47, "account": 514, "floatAccount": null, "costCenter": null, "value": "20000000", "valueType": "bed", "explanation": "\u0634\u0645\u0627\u0631\u0647 \u0641\u0627\u06a9\u062a\u0648\u0631: 17 \u062a\u0627\u0631\u06cc\u062e \u0641\u0627\u06a9\u062a\u0648\u0631: 1398-01-11 "}}, {"model": "sanads.sanaditem", "pk": 175, "fields": {"financial_year": 1, "sanad": 47, "account": 498, "floatAccount": null, "costCenter": null, "value": "20000000", "valueType": "bes", "explanation": "\u0634\u0645\u0627\u0631\u0647 \u0641\u0627\u06a9\u062a\u0648\u0631: 17 \u062a\u0627\u0631\u06cc\u062e \u0641\u0627\u06a9\u062a\u0648\u0631: 1398-01-11 "}}, {"model": "sanads.sanaditem", "pk": 180, "fields": {"financial_year": 1, "sanad": 48, "account": 232, "floatAccount": null, "costCenter": null, "value": "18000000", "valueType": "bed", "explanation": "\u0628\u0627\u0628\u062a \u062f\u0631\u06cc\u0627\u0641\u062a \u0646\u0642\u062f\u06cc \u0628\u0647 \u0634\u0645\u0627\u0631\u0647 \u0645\u0633\u062a\u0646\u062f  \u0628\u0647 \u062a\u0627\u0631\u06cc\u062e 1398-01-11"}}, {"model": "sanads.sanaditem", "pk": 181, "fields": {"financial_year": 1, "sanad": 48, "account": 514, "floatAccount": null, "costCenter": null, "value": "18000000", "valueType": "bes", "explanation": "\u0628\u0627\u0628\u062a \u062f\u0631\u06cc\u0627\u0641\u062a \u0646\u0642\u062f\u06cc \u0637\u06cc \u062f\u0631\u06cc\u0627\u0641\u062a \u0634\u0645\u0627\u0631\u0647 12"}}, {"model": "sanads.sanaditem", "pk": 186, "fields": {"financial_year": 1, "sanad": 45, "account": 232, "floatAccount": null, "costCenter": null, "value": "400000000", "valueType": "bed", "explanation": "\u0628\u0627\u0628\u062a \u062f\u0631\u06cc\u0627\u0641\u062a \u0646\u0642\u062f\u06cc \u0628\u0647 \u0634\u0645\u0627\u0631\u0647 \u0645\u0633\u062a\u0646\u062f  \u0628\u0647 \u062a\u0627\u0631\u06cc\u062e 1398-01-11"}}, {"model": "sanads.sanaditem", "pk": 187, "fields": {"financial_year": 1, "sanad": 45, "account": 233, "floatAccount": null, "costCenter": null, "value": "10000000", "valueType": "bed", "explanation": "\u0628\u0627\u0628\u062a \u062f\u0631\u06cc\u0627\u0641\u062a \u0686\u06a9 \u062f\u0631\u06cc\u0627\u0641\u062a\u0646\u06cc \u0628\u0647 \u0634\u0645\u0627\u0631\u0647 \u0645\u0633\u062a\u0646\u062f 11111 \u0628\u0647 \u062a\u0627\u0631\u06cc\u062e 1398-01-11"}}, {"model": "sanads.sanaditem", "pk": 188, "fields": {"financial_year": 1, "sanad": 45, "account": 515, "floatAccount": null, "costCenter": null, "value": "410000000", "valueType": "bes", "explanation": "\u0628\u0627\u0628\u062a \u062f\u0631\u06cc\u0627\u0641\u062a \u0646\u0642\u062f\u06cc, \u0686\u06a9 \u062f\u0631\u06cc\u0627\u0641\u062a\u0646\u06cc \u0637\u06cc \u062f\u0631\u06cc\u0627\u0641\u062a \u0634\u0645\u0627\u0631\u0647 11"}}, {"model": "sanads.sanaditem", "pk": 189, "fields": {"financial_year": 1, "sanad": 50, "account": 233, "floatAccount": null, "costCenter": null, "value": "2154100000", "valueType": "bed", "explanation": "\u0628\u0627\u0628\u062a \u062f\u0631\u06cc\u0627\u0641\u062a \u0686\u06a9 \u062f\u0631\u06cc\u0627\u0641\u062a\u0646\u06cc \u0628\u0647 \u0634\u0645\u0627\u0631\u0647 \u0645\u0633\u062a\u0646\u062f 111113520 \u0628\u0647 \u062a\u0627\u0631\u06cc\u062e 1398-01-11"}}, {"model": "sanads.sanaditem", "pk": 190, "fields": {"financial_year": 1, "sanad": 50, "account": 507, "floatAccount": null, "costCenter": null, "value": "2154100000", "valueType": "bes", "explanation": "\u0628\u0627\u0628\u062a \u062f\u0631\u06cc\u0627\u0641\u062a \u0686\u06a9 \u062f\u0631\u06cc\u0627\u0641\u062a\u0646\u06cc \u0637\u06cc \u062f\u0631\u06cc\u0627\u0641\u062a \u0634\u0645\u0627\u0631\u0647 13"}}, {"model": "sanads.sanaditem", "pk": 191, "fields": {"financial_year": 1, "sanad": 52, "account": 495, "floatAccount": null, "costCenter": null, "value": "3200000", "valueType": "bed", "explanation": "\u0634\u0645\u0627\u0631\u0647 \u0641\u0627\u06a9\u062a\u0648\u0631: 18 \u062a\u0627\u0631\u06cc\u062e \u0641\u0627\u06a9\u062a\u0648\u0631: 1398-01-11 "}}, {"model": "sanads.sanaditem", "pk": 192, "fields": {"financial_year": 1, "sanad": 52, "account": 498, "floatAccount": null, "costCenter": null, "value": "3200000", "valueType": "bes", "explanation": "\u0634\u0645\u0627\u0631\u0647 \u0641\u0627\u06a9\u062a\u0648\u0631: 18 \u062a\u0627\u0631\u06cc\u062e \u0641\u0627\u06a9\u062a\u0648\u0631: 1398-01-11 "}}, {"model": "sanads.sanaditem", "pk": 193, "fields": {"financial_year": 1, "sanad": 52, "account": 498, "floatAccount": null, "costCenter": null, "value": "20000", "valueType": "bed", "explanation": "\u0634\u0645\u0627\u0631\u0647 \u0641\u0627\u06a9\u062a\u0648\u0631: 18 \u062a\u0627\u0631\u06cc\u062e \u0641\u0627\u06a9\u062a\u0648\u0631: 1398-01-11 "}}, {"model": "sanads.sanaditem", "pk": 194, "fields": {"financial_year": 1, "sanad": 52, "account": 495, "floatAccount": null, "costCenter": null, "value": "20000", "valueType": "bes", "explanation": "\u0634\u0645\u0627\u0631\u0647 \u0641\u0627\u06a9\u062a\u0648\u0631: 18 \u062a\u0627\u0631\u06cc\u062e \u0641\u0627\u06a9\u062a\u0648\u0631: 1398-01-11 "}}, {"model": "sanads.sanaditem", "pk": 207, "fields": {"financial_year": 1, "sanad": 53, "account": 491, "floatAccount": null, "costCenter": null, "value": "3160000", "valueType": "bed", "explanation": "\u0628\u0627\u0628\u062a \u062f\u0631\u06cc\u0627\u0641\u062a \u0628\u0627\u0646\u06a9 \u0628\u0647 \u0634\u0645\u0627\u0631\u0647 \u0645\u0633\u062a\u0646\u062f  \u0628\u0647 \u062a\u0627\u0631\u06cc\u062e 1398-01-11"}}, {"model": "sanads.sanaditem", "pk": 208, "fields": {"financial_year": 1, "sanad": 53, "account": 495, "floatAccount": null, "costCenter": null, "value": "3160000", "valueType": "bes", "explanation": "\u0628\u0627\u0628\u062a \u062f\u0631\u06cc\u0627\u0641\u062a \u0628\u0627\u0646\u06a9 \u0637\u06cc \u062f\u0631\u06cc\u0627\u0641\u062a \u0634\u0645\u0627\u0631\u0647 14"}}, {"model": "sanads.sanaditem", "pk": 213, "fields": {"financial_year": 1, "sanad": 54, "account": 232, "floatAccount": null, "costCenter": null, "value": "20000", "valueType": "bed", "explanation": "\u0628\u0627\u0628\u062a \u062f\u0631\u06cc\u0627\u0641\u062a \u0646\u0642\u062f\u06cc \u0628\u0647 \u0634\u0645\u0627\u0631\u0647 \u0645\u0633\u062a\u0646\u062f  \u0628\u0647 \u062a\u0627\u0631\u06cc\u062e 1398-01-11"}}, {"model": "sanads.sanaditem", "pk": 214, "fields": {"financial_year": 1, "sanad": 54, "account": 495, "floatAccount": null, "costCenter": null, "value": "20000", "valueType": "bes", "explanation": "\u0628\u0627\u0628\u062a \u062f\u0631\u06cc\u0627\u0641\u062a \u0646\u0642\u062f\u06cc \u0637\u06cc \u062f\u0631\u06cc\u0627\u0641\u062a \u0634\u0645\u0627\u0631\u0647 15"}}, {"model": "sanads.sanaditem", "pk": 215, "fields": {"financial_year": 1, "sanad": 55, "account": 502, "floatAccount": null, "costCenter": null, "value": "2000000", "valueType": "bed", "explanation": "\u0634\u0645\u0627\u0631\u0647 \u0641\u0627\u06a9\u062a\u0648\u0631: 19 \u062a\u0627\u0631\u06cc\u062e \u0641\u0627\u06a9\u062a\u0648\u0631: 1398-01-12 "}}, {"model": "sanads.sanaditem", "pk": 216, "fields": {"financial_year": 1, "sanad": 55, "account": 498, "floatAccount": null, "costCenter": null, "value": "2000000", "valueType": "bes", "explanation": "\u0634\u0645\u0627\u0631\u0647 \u0641\u0627\u06a9\u062a\u0648\u0631: 19 \u062a\u0627\u0631\u06cc\u062e \u0641\u0627\u06a9\u062a\u0648\u0631: 1398-01-12 "}}, {"model": "sanads.sanaditem", "pk": 217, "fields": {"financial_year": 1, "sanad": 56, "account": 494, "floatAccount": null, "costCenter": null, "value": "3200000", "valueType": "bed", "explanation": "\u0634\u0645\u0627\u0631\u0647 \u0641\u0627\u06a9\u062a\u0648\u0631: 20 \u062a\u0627\u0631\u06cc\u062e \u0641\u0627\u06a9\u062a\u0648\u0631: 1398-01-12 "}}, {"model": "sanads.sanaditem", "pk": 218, "fields": {"financial_year": 1, "sanad": 56, "account": 498, "floatAccount": null, "costCenter": null, "value": "3200000", "valueType": "bes", "explanation": "\u0634\u0645\u0627\u0631\u0647 \u0641\u0627\u06a9\u062a\u0648\u0631: 20 \u062a\u0627\u0631\u06cc\u062e \u0641\u0627\u06a9\u062a\u0648\u0631: 1398-01-12 "}}, {"model": "sanads.sanaditem", "pk": 219, "fields": {"financial_year": 1, "sanad": 56, "account": 498, "floatAccount": null, "costCenter": null, "value": "288000", "valueType": "bed", "explanation": "\u0634\u0645\u0627\u0631\u0647 \u0641\u0627\u06a9\u062a\u0648\u0631: 20 \u062a\u0627\u0631\u06cc\u062e \u0641\u0627\u06a9\u062a\u0648\u0631: 1398-01-12 "}}, {"model": "sanads.sanaditem", "pk": 220, "fields": {"financial_year": 1, "sanad": 56, "account": 494, "floatAccount": null, "costCenter": null, "value": "288000", "valueType": "bes", "explanation": "\u0634\u0645\u0627\u0631\u0647 \u0641\u0627\u06a9\u062a\u0648\u0631: 20 \u062a\u0627\u0631\u06cc\u062e \u0641\u0627\u06a9\u062a\u0648\u0631: 1398-01-12 "}}, {"model": "sanads.sanaditem", "pk": 221, "fields": {"financial_year": 1, "sanad": 57, "account": 513, "floatAccount": null, "costCenter": null, "value": "500000", "valueType": "bed", "explanation": "\u0634\u0645\u0627\u0631\u0647 \u0641\u0627\u06a9\u062a\u0648\u0631: 21 \u062a\u0627\u0631\u06cc\u062e \u0641\u0627\u06a9\u062a\u0648\u0631: 1398-01-12 "}}, {"model": "sanads.sanaditem", "pk": 222, "fields": {"financial_year": 1, "sanad": 57, "account": 498, "floatAccount": null, "costCenter": null, "value": "500000", "valueType": "bes", "explanation": "\u0634\u0645\u0627\u0631\u0647 \u0641\u0627\u06a9\u062a\u0648\u0631: 21 \u062a\u0627\u0631\u06cc\u062e \u0641\u0627\u06a9\u062a\u0648\u0631: 1398-01-12 "}}, {"model": "sanads.sanaditem", "pk": 223, "fields": {"financial_year": 1, "sanad": 57, "account": 498, "floatAccount": null, "costCenter": null, "value": "50000", "valueType": "bed", "explanation": "\u0634\u0645\u0627\u0631\u0647 \u0641\u0627\u06a9\u062a\u0648\u0631: 21 \u062a\u0627\u0631\u06cc\u062e \u0641\u0627\u06a9\u062a\u0648\u0631: 1398-01-12 "}}, {"model": "sanads.sanaditem", "pk": 224, "fields": {"financial_year": 1, "sanad": 57, "account": 513, "floatAccount": null, "costCenter": null, "value": "50000", "valueType": "bes", "explanation": "\u0634\u0645\u0627\u0631\u0647 \u0641\u0627\u06a9\u062a\u0648\u0631: 21 \u062a\u0627\u0631\u06cc\u062e \u0641\u0627\u06a9\u062a\u0648\u0631: 1398-01-12 "}}, {"model": "sanads.sanaditem", "pk": 286, "fields": {"financial_year": 1, "sanad": 59, "account": 232, "floatAccount": null, "costCenter": null, "value": "1000000", "valueType": "bed", "explanation": "\u0628\u0627\u0628\u062a \u062f\u0631\u06cc\u0627\u0641\u062a \u0646\u0642\u062f\u06cc \u0628\u0647 \u0634\u0645\u0627\u0631\u0647 \u0645\u0633\u062a\u0646\u062f  \u0628\u0647 \u062a\u0627\u0631\u06cc\u062e 1398-01-12"}}, {"model": "sanads.sanaditem", "pk": 287, "fields": {"financial_year": 1, "sanad": 59, "account": 491, "floatAccount": null, "costCenter": null, "value": "500000", "valueType": "bed", "explanation": "\u0628\u0627\u0628\u062a \u062f\u0631\u06cc\u0627\u0641\u062a \u0628\u0627\u0646\u06a9 \u0628\u0647 \u0634\u0645\u0627\u0631\u0647 \u0645\u0633\u062a\u0646\u062f  \u0628\u0647 \u062a\u0627\u0631\u06cc\u062e 1398-01-12"}}, {"model": "sanads.sanaditem", "pk": 288, "fields": {"financial_year": 1, "sanad": 59, "account": 491, "floatAccount": null, "costCenter": null, "value": "500000", "valueType": "bed", "explanation": "\u0628\u0627\u0628\u062a \u062f\u0631\u06cc\u0627\u0641\u062a \u0628\u0627\u0646\u06a9 \u0628\u0647 \u0634\u0645\u0627\u0631\u0647 \u0645\u0633\u062a\u0646\u062f  \u0628\u0647 \u062a\u0627\u0631\u06cc\u062e 1398-01-12"}}, {"model": "sanads.sanaditem", "pk": 289, "fields": {"financial_year": 1, "sanad": 59, "account": 494, "floatAccount": null, "costCenter": null, "value": "2000000", "valueType": "bes", "explanation": "\u0628\u0627\u0628\u062a \u062f\u0631\u06cc\u0627\u0641\u062a \u0646\u0642\u062f\u06cc, \u0628\u0627\u0646\u06a9 \u0637\u06cc \u062f\u0631\u06cc\u0627\u0641\u062a \u0634\u0645\u0627\u0631\u0647 17"}}, {"model": "sanads.sanaditem", "pk": 290, "fields": {"financial_year": 1, "sanad": 60, "account": 491, "floatAccount": null, "costCenter": null, "value": "1412000", "valueType": "bed", "explanation": "\u0628\u0627\u0628\u062a \u062f\u0631\u06cc\u0627\u0641\u062a \u0628\u0627\u0646\u06a9 \u0628\u0647 \u0634\u0645\u0627\u0631\u0647 \u0645\u0633\u062a\u0646\u062f 4567 \u0628\u0647 \u062a\u0627\u0631\u06cc\u062e 1398-01-12"}}, {"model": "sanads.sanaditem", "pk": 291, "fields": {"financial_year": 1, "sanad": 60, "account": 494, "floatAccount": null, "costCenter": null, "value": "1412000", "valueType": "bes", "explanation": "\u0628\u0627\u0628\u062a \u062f\u0631\u06cc\u0627\u0641\u062a \u0628\u0627\u0646\u06a9 \u0637\u06cc \u062f\u0631\u06cc\u0627\u0641\u062a \u0634\u0645\u0627\u0631\u0647 18"}}, {"model": "sanads.sanaditem", "pk": 300, "fields": {"financial_year": 1, "sanad": 58, "account": 232, "floatAccount": null, "costCenter": null, "value": "20000", "valueType": "bed", "explanation": "\u0628\u0627\u0628\u062a \u062f\u0631\u06cc\u0627\u0641\u062a \u0646\u0642\u062f\u06cc \u0628\u0647 \u0634\u0645\u0627\u0631\u0647 \u0645\u0633\u062a\u0646\u062f  \u0628\u0647 \u062a\u0627\u0631\u06cc\u062e 1398-01-12"}}, {"model": "sanads.sanaditem", "pk": 301, "fields": {"financial_year": 1, "sanad": 58, "account": 491, "floatAccount": null, "costCenter": null, "value": "220000", "valueType": "bed", "explanation": "\u0628\u0627\u0628\u062a \u062f\u0631\u06cc\u0627\u0641\u062a \u0628\u0627\u0646\u06a9 \u0628\u0647 \u0634\u0645\u0627\u0631\u0647 \u0645\u0633\u062a\u0646\u062f  \u0628\u0647 \u062a\u0627\u0631\u06cc\u062e 1398-01-12"}}, {"model": "sanads.sanaditem", "pk": 302, "fields": {"financial_year": 1, "sanad": 58, "account": 491, "floatAccount": null, "costCenter": null, "value": "220000", "valueType": "bed", "explanation": "\u0628\u0627\u0628\u062a \u062f\u0631\u06cc\u0627\u0641\u062a \u0628\u0627\u0646\u06a9 \u0628\u0647 \u0634\u0645\u0627\u0631\u0647 \u0645\u0633\u062a\u0646\u062f  \u0628\u0647 \u062a\u0627\u0631\u06cc\u062e 1398-01-12"}}, {"model": "sanads.sanaditem", "pk": 303, "fields": {"financial_year": 1, "sanad": 58, "account": 513, "floatAccount": null, "costCenter": null, "value": "460000", "valueType": "bes", "explanation": "\u0628\u0627\u0628\u062a \u062f\u0631\u06cc\u0627\u0641\u062a \u0646\u0642\u062f\u06cc, \u0628\u0627\u0646\u06a9 \u0637\u06cc \u062f\u0631\u06cc\u0627\u0641\u062a \u0634\u0645\u0627\u0631\u0647 16"}}, {"model": "sanads.sanaditem", "pk": 306, "fields": {"financial_year": 1, "sanad": 63, "account": 509, "floatAccount": null, "costCenter": null, "value": "12000000", "valueType": "bed", "explanation": "\u0634\u0645\u0627\u0631\u0647 \u0641\u0627\u06a9\u062a\u0648\u0631: 24 \u062a\u0627\u0631\u06cc\u062e \u0641\u0627\u06a9\u062a\u0648\u0631: 1398-01-12 "}}, {"model": "sanads.sanaditem", "pk": 307, "fields": {"financial_year": 1, "sanad": 63, "account": 498, "floatAccount": null, "costCenter": null, "value": "12000000", "valueType": "bes", "explanation": "\u0634\u0645\u0627\u0631\u0647 \u0641\u0627\u06a9\u062a\u0648\u0631: 24 \u062a\u0627\u0631\u06cc\u062e \u0641\u0627\u06a9\u062a\u0648\u0631: 1398-01-12 "}}, {"model": "sanads.sanaditem", "pk": 308, "fields": {"financial_year": 1, "sanad": 63, "account": 498, "floatAccount": null, "costCenter": null, "value": "600000", "valueType": "bed", "explanation": "\u0634\u0645\u0627\u0631\u0647 \u0641\u0627\u06a9\u062a\u0648\u0631: 24 \u062a\u0627\u0631\u06cc\u062e \u0641\u0627\u06a9\u062a\u0648\u0631: 1398-01-12 "}}, {"model": "sanads.sanaditem", "pk": 309, "fields": {"financial_year": 1, "sanad": 63, "account": 509, "floatAccount": null, "costCenter": null, "value": "600000", "valueType": "bes", "explanation": "\u0634\u0645\u0627\u0631\u0647 \u0641\u0627\u06a9\u062a\u0648\u0631: 24 \u062a\u0627\u0631\u06cc\u062e \u0641\u0627\u06a9\u062a\u0648\u0631: 1398-01-12 "}}, {"model": "sanads.sanaditem", "pk": 338, "fields": {"financial_year": 1, "sanad": 64, "account": 232, "floatAccount": null, "costCenter": null, "value": "11000000", "valueType": "bed", "explanation": "\u0628\u0627\u0628\u062a \u062f\u0631\u06cc\u0627\u0641\u062a \u0646\u0642\u062f\u06cc \u0628\u0647 \u0634\u0645\u0627\u0631\u0647 \u0645\u0633\u062a\u0646\u062f  \u0628\u0647 \u062a\u0627\u0631\u06cc\u062e 1398-01-12"}}, {"model": "sanads.sanaditem", "pk": 339, "fields": {"financial_year": 1, "sanad": 64, "account": 491, "floatAccount": null, "costCenter": null, "value": "200000", "valueType": "bed", "explanation": "\u0628\u0627\u0628\u062a \u062f\u0631\u06cc\u0627\u0641\u062a \u0628\u0627\u0646\u06a9 \u0628\u0647 \u0634\u0645\u0627\u0631\u0647 \u0645\u0633\u062a\u0646\u062f  \u0628\u0647 \u062a\u0627\u0631\u06cc\u062e 1398-01-12"}}, {"model": "sanads.sanaditem", "pk": 340, "fields": {"financial_year": 1, "sanad": 64, "account": 491, "floatAccount": null, "costCenter": null, "value": "200000", "valueType": "bed", "explanation": "\u0628\u0627\u0628\u062a \u062f\u0631\u06cc\u0627\u0641\u062a \u0628\u0627\u0646\u06a9 \u0628\u0647 \u0634\u0645\u0627\u0631\u0647 \u0645\u0633\u062a\u0646\u062f  \u0628\u0647 \u062a\u0627\u0631\u06cc\u062e 1398-01-12"}}, {"model": "sanads.sanaditem", "pk": 341, "fields": {"financial_year": 1, "sanad": 64, "account": 509, "floatAccount": null, "costCenter": null, "value": "11400000", "valueType": "bes", "explanation": "\u0628\u0627\u0628\u062a \u062f\u0631\u06cc\u0627\u0641\u062a \u0646\u0642\u062f\u06cc, \u0628\u0627\u0646\u06a9 \u0637\u06cc \u062f\u0631\u06cc\u0627\u0641\u062a \u0634\u0645\u0627\u0631\u0647 19"}}, {"model": "sanads.sanaditem", "pk": 342, "fields": {"financial_year": 1, "sanad": 65, "account": 503, "floatAccount": null, "costCenter": null, "value": "15000000", "valueType": "bed", "explanation": "\u0634\u0645\u0627\u0631\u0647 \u0641\u0627\u06a9\u062a\u0648\u0631: 25 \u062a\u0627\u0631\u06cc\u062e \u0641\u0627\u06a9\u062a\u0648\u0631: 1398-01-12 "}}, {"model": "sanads.sanaditem", "pk": 343, "fields": {"financial_year": 1, "sanad": 65, "account": 498, "floatAccount": null, "costCenter": null, "value": "15000000", "valueType": "bes", "explanation": "\u0634\u0645\u0627\u0631\u0647 \u0641\u0627\u06a9\u062a\u0648\u0631: 25 \u062a\u0627\u0631\u06cc\u062e \u0641\u0627\u06a9\u062a\u0648\u0631: 1398-01-12 "}}, {"model": "sanads.sanaditem", "pk": 344, "fields": {"financial_year": 1, "sanad": 65, "account": 498, "floatAccount": null, "costCenter": null, "value": "40000", "valueType": "bed", "explanation": "\u0634\u0645\u0627\u0631\u0647 \u0641\u0627\u06a9\u062a\u0648\u0631: 25 \u062a\u0627\u0631\u06cc\u062e \u0641\u0627\u06a9\u062a\u0648\u0631: 1398-01-12 "}}, {"model": "sanads.sanaditem", "pk": 345, "fields": {"financial_year": 1, "sanad": 65, "account": 503, "floatAccount": null, "costCenter": null, "value": "40000", "valueType": "bes", "explanation": "\u0634\u0645\u0627\u0631\u0647 \u0641\u0627\u06a9\u062a\u0648\u0631: 25 \u062a\u0627\u0631\u06cc\u062e \u0641\u0627\u06a9\u062a\u0648\u0631: 1398-01-12 "}}, {"model": "sanads.sanaditem", "pk": 362, "fields": {"financial_year": 1, "sanad": 67, "account": 232, "floatAccount": null, "costCenter": null, "value": "14300000", "valueType": "bed", "explanation": "\u0628\u0627\u0628\u062a \u062f\u0631\u06cc\u0627\u0641\u062a \u0646\u0642\u062f\u06cc \u0628\u0647 \u0634\u0645\u0627\u0631\u0647 \u0645\u0633\u062a\u0646\u062f  \u0628\u0647 \u062a\u0627\u0631\u06cc\u062e 1398-01-12"}}, {"model": "sanads.sanaditem", "pk": 363, "fields": {"financial_year": 1, "sanad": 67, "account": 491, "floatAccount": null, "costCenter": null, "value": "400000", "valueType": "bed", "explanation": "\u0628\u0627\u0628\u062a \u062f\u0631\u06cc\u0627\u0641\u062a \u0628\u0627\u0646\u06a9 \u0628\u0647 \u0634\u0645\u0627\u0631\u0647 \u0645\u0633\u062a\u0646\u062f  \u0628\u0647 \u062a\u0627\u0631\u06cc\u062e 1398-01-12"}}, {"model": "sanads.sanaditem", "pk": 364, "fields": {"financial_year": 1, "sanad": 67, "account": 491, "floatAccount": null, "costCenter": null, "value": "100000", "valueType": "bed", "explanation": "\u0628\u0627\u0628\u062a \u062f\u0631\u06cc\u0627\u0641\u062a \u0628\u0627\u0646\u06a9 \u0628\u0647 \u0634\u0645\u0627\u0631\u0647 \u0645\u0633\u062a\u0646\u062f  \u0628\u0647 \u062a\u0627\u0631\u06cc\u062e 1398-01-12"}}, {"model": "sanads.sanaditem", "pk": 365, "fields": {"financial_year": 1, "sanad": 67, "account": 503, "floatAccount": null, "costCenter": null, "value": "14800000", "valueType": "bes", "explanation": "\u0628\u0627\u0628\u062a \u062f\u0631\u06cc\u0627\u0641\u062a \u0646\u0642\u062f\u06cc, \u0628\u0627\u0646\u06a9 \u0637\u06cc \u062f\u0631\u06cc\u0627\u0641\u062a \u0634\u0645\u0627\u0631\u0647 21"}}, {"model": "sanads.sanaditem", "pk": 366, "fields": {"financial_year": 1, "sanad": 69, "account": 498, "floatAccount": null, "costCenter": null, "value": "600000", "valueType": "bed", "explanation": "\u0634\u0645\u0627\u0631\u0647 \u0641\u0627\u06a9\u062a\u0648\u0631: 27 \u062a\u0627\u0631\u06cc\u062e \u0641\u0627\u06a9\u062a\u0648\u0631: 1398-01-12 "}}, {"model": "sanads.sanaditem", "pk": 367, "fields": {"financial_year": 1, "sanad": 69, "account": 503, "floatAccount": null, "costCenter": null, "value": "600000", "valueType": "bes", "explanation": "\u0634\u0645\u0627\u0631\u0647 \u0641\u0627\u06a9\u062a\u0648\u0631: 27 \u062a\u0627\u0631\u06cc\u062e \u0641\u0627\u06a9\u062a\u0648\u0631: 1398-01-12 "}}, {"model": "sanads.sanaditem", "pk": 368, "fields": {"financial_year": 1, "sanad": 70, "account": 512, "floatAccount": null, "costCenter": null, "value": "15000000", "valueType": "bed", "explanation": "\u0634\u0645\u0627\u0631\u0647 \u0641\u0627\u06a9\u062a\u0648\u0631: 28 \u062a\u0627\u0631\u06cc\u062e \u0641\u0627\u06a9\u062a\u0648\u0631: 1398-01-12 "}}, {"model": "sanads.sanaditem", "pk": 369, "fields": {"financial_year": 1, "sanad": 70, "account": 498, "floatAccount": null, "costCenter": null, "value": "15000000", "valueType": "bes", "explanation": "\u0634\u0645\u0627\u0631\u0647 \u0641\u0627\u06a9\u062a\u0648\u0631: 28 \u062a\u0627\u0631\u06cc\u062e \u0641\u0627\u06a9\u062a\u0648\u0631: 1398-01-12 "}}, {"model": "sanads.sanaditem", "pk": 370, "fields": {"financial_year": 1, "sanad": 70, "account": 498, "floatAccount": null, "costCenter": null, "value": "150000", "valueType": "bed", "explanation": "\u0634\u0645\u0627\u0631\u0647 \u0641\u0627\u06a9\u062a\u0648\u0631: 28 \u062a\u0627\u0631\u06cc\u062e \u0641\u0627\u06a9\u062a\u0648\u0631: 1398-01-12 "}}, {"model": "sanads.sanaditem", "pk": 371, "fields": {"financial_year": 1, "sanad": 70, "account": 512, "floatAccount": null, "costCenter": null, "value": "150000", "valueType": "bes", "explanation": "\u0634\u0645\u0627\u0631\u0647 \u0641\u0627\u06a9\u062a\u0648\u0631: 28 \u062a\u0627\u0631\u06cc\u062e \u0641\u0627\u06a9\u062a\u0648\u0631: 1398-01-12 "}}, {"model": "sanads.sanaditem", "pk": 372, "fields": {"financial_year": 1, "sanad": 71, "account": 513, "floatAccount": null, "costCenter": null, "value": "6400000", "valueType": "bed", "explanation": "\u0634\u0645\u0627\u0631\u0647 \u0641\u0627\u06a9\u062a\u0648\u0631: 29 \u062a\u0627\u0631\u06cc\u062e \u0641\u0627\u06a9\u062a\u0648\u0631: 1398-01-12 "}}, {"model": "sanads.sanaditem", "pk": 373, "fields": {"financial_year": 1, "sanad": 71, "account": 498, "floatAccount": null, "costCenter": null, "value": "6400000", "valueType": "bes", "explanation": "\u0634\u0645\u0627\u0631\u0647 \u0641\u0627\u06a9\u062a\u0648\u0631: 29 \u062a\u0627\u0631\u06cc\u062e \u0641\u0627\u06a9\u062a\u0648\u0631: 1398-01-12 "}}, {"model": "sanads.sanaditem", "pk": 374, "fields": {"financial_year": 1, "sanad": 71, "account": 498, "floatAccount": null, "costCenter": null, "value": "579000", "valueType": "bed", "explanation": "\u0634\u0645\u0627\u0631\u0647 \u0641\u0627\u06a9\u062a\u0648\u0631: 29 \u062a\u0627\u0631\u06cc\u062e \u0641\u0627\u06a9\u062a\u0648\u0631: 1398-01-12 "}}, {"model": "sanads.sanaditem", "pk": 375, "fields": {"financial_year": 1, "sanad": 71, "account": 513, "floatAccount": null, "costCenter": null, "value": "579000", "valueType": "bes", "explanation": "\u0634\u0645\u0627\u0631\u0647 \u0641\u0627\u06a9\u062a\u0648\u0631: 29 \u062a\u0627\u0631\u06cc\u062e \u0641\u0627\u06a9\u062a\u0648\u0631: 1398-01-12 "}}, {"model": "sanads.sanaditem", "pk": 376, "fields": {"financial_year": 1, "sanad": 73, "account": 492, "floatAccount": null, "costCenter": null, "value": "2000000", "valueType": "bed", "explanation": "\u0634\u0645\u0627\u0631\u0647 \u0641\u0627\u06a9\u062a\u0648\u0631: 31 \u062a\u0627\u0631\u06cc\u062e \u0641\u0627\u06a9\u062a\u0648\u0631: 1398-01-12 "}}, {"model": "sanads.sanaditem", "pk": 377, "fields": {"financial_year": 1, "sanad": 73, "account": 498, "floatAccount": null, "costCenter": null, "value": "2000000", "valueType": "bes", "explanation": "\u0634\u0645\u0627\u0631\u0647 \u0641\u0627\u06a9\u062a\u0648\u0631: 31 \u062a\u0627\u0631\u06cc\u062e \u0641\u0627\u06a9\u062a\u0648\u0631: 1398-01-12 "}}, {"model": "sanads.sanaditem", "pk": 378, "fields": {"financial_year": 1, "sanad": 74, "account": 495, "floatAccount": null, "costCenter": null, "value": "1600000", "valueType": "bed", "explanation": "\u0634\u0645\u0627\u0631\u0647 \u0641\u0627\u06a9\u062a\u0648\u0631: 32 \u062a\u0627\u0631\u06cc\u062e \u0641\u0627\u06a9\u062a\u0648\u0631: 1398-01-12 "}}, {"model": "sanads.sanaditem", "pk": 379, "fields": {"financial_year": 1, "sanad": 74, "account": 498, "floatAccount": null, "costCenter": null, "value": "1600000", "valueType": "bes", "explanation": "\u0634\u0645\u0627\u0631\u0647 \u0641\u0627\u06a9\u062a\u0648\u0631: 32 \u062a\u0627\u0631\u06cc\u062e \u0641\u0627\u06a9\u062a\u0648\u0631: 1398-01-12 "}}, {"model": "sanads.sanaditem", "pk": 380, "fields": {"financial_year": 1, "sanad": 75, "account": 514, "floatAccount": null, "costCenter": null, "value": "9600000", "valueType": "bed", "explanation": "\u0634\u0645\u0627\u0631\u0647 \u0641\u0627\u06a9\u062a\u0648\u0631: 33 \u062a\u0627\u0631\u06cc\u062e \u0641\u0627\u06a9\u062a\u0648\u0631: 1398-01-12 "}}, {"model": "sanads.sanaditem", "pk": 381, "fields": {"financial_year": 1, "sanad": 75, "account": 498, "floatAccount": null, "costCenter": null, "value": "9600000", "valueType": "bes", "explanation": "\u0634\u0645\u0627\u0631\u0647 \u0641\u0627\u06a9\u062a\u0648\u0631: 33 \u062a\u0627\u0631\u06cc\u062e \u0641\u0627\u06a9\u062a\u0648\u0631: 1398-01-12 "}}, {"model": "sanads.sanaditem", "pk": 382, "fields": {"financial_year": 1, "sanad": 76, "account": 513, "floatAccount": null, "costCenter": null, "value": "9000000", "valueType": "bed", "explanation": "\u0634\u0645\u0627\u0631\u0647 \u0641\u0627\u06a9\u062a\u0648\u0631: 34 \u062a\u0627\u0631\u06cc\u062e \u0641\u0627\u06a9\u062a\u0648\u0631: 1398-01-12 "}}, {"model": "sanads.sanaditem", "pk": 383, "fields": {"financial_year": 1, "sanad": 76, "account": 498, "floatAccount": null, "costCenter": null, "value": "9000000", "valueType": "bes", "explanation": "\u0634\u0645\u0627\u0631\u0647 \u0641\u0627\u06a9\u062a\u0648\u0631: 34 \u062a\u0627\u0631\u06cc\u062e \u0641\u0627\u06a9\u062a\u0648\u0631: 1398-01-12 "}}, {"model": "sanads.sanaditem", "pk": 384, "fields": {"financial_year": 1, "sanad": 76, "account": 498, "floatAccount": null, "costCenter": null, "value": "40000", "valueType": "bed", "explanation": "\u0634\u0645\u0627\u0631\u0647 \u0641\u0627\u06a9\u062a\u0648\u0631: 34 \u062a\u0627\u0631\u06cc\u062e \u0641\u0627\u06a9\u062a\u0648\u0631: 1398-01-12 "}}, {"model": "sanads.sanaditem", "pk": 385, "fields": {"financial_year": 1, "sanad": 76, "account": 513, "floatAccount": null, "costCenter": null, "value": "40000", "valueType": "bes", "explanation": "\u0634\u0645\u0627\u0631\u0647 \u0641\u0627\u06a9\u062a\u0648\u0631: 34 \u062a\u0627\u0631\u06cc\u062e \u0641\u0627\u06a9\u062a\u0648\u0631: 1398-01-12 "}}, {"model": "sanads.sanaditem", "pk": 386, "fields": {"financial_year": 1, "sanad": 78, "account": 498, "floatAccount": null, "costCenter": null, "value": "40000", "valueType": "bed", "explanation": "\u0634\u0645\u0627\u0631\u0647 \u0641\u0627\u06a9\u062a\u0648\u0631: 35 \u062a\u0627\u0631\u06cc\u062e \u0641\u0627\u06a9\u062a\u0648\u0631: 1398-01-12 "}}, {"model": "sanads.sanaditem", "pk": 387, "fields": {"financial_year": 1, "sanad": 78, "account": 512, "floatAccount": null, "costCenter": null, "value": "40000", "valueType": "bes", "explanation": "\u0634\u0645\u0627\u0631\u0647 \u0641\u0627\u06a9\u062a\u0648\u0631: 35 \u062a\u0627\u0631\u06cc\u062e \u0641\u0627\u06a9\u062a\u0648\u0631: 1398-01-12 "}}, {"model": "sanads.sanaditem", "pk": 388, "fields": {"financial_year": 1, "sanad": 72, "account": 504, "floatAccount": null, "costCenter": null, "value": "2000000", "valueType": "bed", "explanation": "\u0634\u0645\u0627\u0631\u0647 \u0641\u0627\u06a9\u062a\u0648\u0631: 30 \u062a\u0627\u0631\u06cc\u062e \u0641\u0627\u06a9\u062a\u0648\u0631: 1398-01-12 "}}, {"model": "sanads.sanaditem", "pk": 389, "fields": {"financial_year": 1, "sanad": 72, "account": 498, "floatAccount": null, "costCenter": null, "value": "2000000", "valueType": "bes", "explanation": "\u0634\u0645\u0627\u0631\u0647 \u0641\u0627\u06a9\u062a\u0648\u0631: 30 \u062a\u0627\u0631\u06cc\u062e \u0641\u0627\u06a9\u062a\u0648\u0631: 1398-01-12 "}}, {"model": "sanads.sanaditem", "pk": 390, "fields": {"financial_year": 1, "sanad": 72, "account": 498, "floatAccount": null, "costCenter": null, "value": "140000", "valueType": "bed", "explanation": "\u0634\u0645\u0627\u0631\u0647 \u0641\u0627\u06a9\u062a\u0648\u0631: 30 \u062a\u0627\u0631\u06cc\u062e \u0641\u0627\u06a9\u062a\u0648\u0631: 1398-01-12 "}}, {"model": "sanads.sanaditem", "pk": 391, "fields": {"financial_year": 1, "sanad": 72, "account": 504, "floatAccount": null, "costCenter": null, "value": "140000", "valueType": "bes", "explanation": "\u0634\u0645\u0627\u0631\u0647 \u0641\u0627\u06a9\u062a\u0648\u0631: 30 \u062a\u0627\u0631\u06cc\u062e \u0641\u0627\u06a9\u062a\u0648\u0631: 1398-01-12 "}}, {"model": "sanads.sanaditem", "pk": 392, "fields": {"financial_year": 1, "sanad": 79, "account": 512, "floatAccount": null, "costCenter": null, "value": "18000000", "valueType": "bed", "explanation": "\u0634\u0645\u0627\u0631\u0647 \u0641\u0627\u06a9\u062a\u0648\u0631: 36 \u062a\u0627\u0631\u06cc\u062e \u0641\u0627\u06a9\u062a\u0648\u0631: 1398-01-12 "}}, {"model": "sanads.sanaditem", "pk": 393, "fields": {"financial_year": 1, "sanad": 79, "account": 498, "floatAccount": null, "costCenter": null, "value": "18000000", "valueType": "bes", "explanation": "\u0634\u0645\u0627\u0631\u0647 \u0641\u0627\u06a9\u062a\u0648\u0631: 36 \u062a\u0627\u0631\u06cc\u062e \u0641\u0627\u06a9\u062a\u0648\u0631: 1398-01-12 "}}, {"model": "sanads.sanaditem", "pk": 394, "fields": {"financial_year": 1, "sanad": 79, "account": 498, "floatAccount": null, "costCenter": null, "value": "1080000", "valueType": "bed", "explanation": "\u0634\u0645\u0627\u0631\u0647 \u0641\u0627\u06a9\u062a\u0648\u0631: 36 \u062a\u0627\u0631\u06cc\u062e \u0641\u0627\u06a9\u062a\u0648\u0631: 1398-01-12 "}}, {"model": "sanads.sanaditem", "pk": 395, "fields": {"financial_year": 1, "sanad": 79, "account": 512, "floatAccount": null, "costCenter": null, "value": "1080000", "valueType": "bes", "explanation": "\u0634\u0645\u0627\u0631\u0647 \u0641\u0627\u06a9\u062a\u0648\u0631: 36 \u062a\u0627\u0631\u06cc\u062e \u0641\u0627\u06a9\u062a\u0648\u0631: 1398-01-12 "}}, {"model": "sanads.sanaditem", "pk": 396, "fields": {"financial_year": 1, "sanad": 80, "account": 498, "floatAccount": null, "costCenter": null, "value": "60000", "valueType": "bed", "explanation": "\u0634\u0645\u0627\u0631\u0647 \u0641\u0627\u06a9\u062a\u0648\u0631: 37 \u062a\u0627\u0631\u06cc\u062e \u0641\u0627\u06a9\u062a\u0648\u0631: 1398-01-12 "}}, {"model": "sanads.sanaditem", "pk": 397, "fields": {"financial_year": 1, "sanad": 80, "account": 513, "floatAccount": null, "costCenter": null, "value": "60000", "valueType": "bes", "explanation": "\u0634\u0645\u0627\u0631\u0647 \u0641\u0627\u06a9\u062a\u0648\u0631: 37 \u062a\u0627\u0631\u06cc\u062e \u0641\u0627\u06a9\u062a\u0648\u0631: 1398-01-12 "}}, {"model": "sanads.sanaditem", "pk": 398, "fields": {"financial_year": 1, "sanad": 81, "account": 513, "floatAccount": null, "costCenter": null, "value": "16000000", "valueType": "bed", "explanation": "\u0634\u0645\u0627\u0631\u0647 \u0641\u0627\u06a9\u062a\u0648\u0631: 38 \u062a\u0627\u0631\u06cc\u062e \u0641\u0627\u06a9\u062a\u0648\u0631: 1398-01-12 "}}, {"model": "sanads.sanaditem", "pk": 399, "fields": {"financial_year": 1, "sanad": 81, "account": 498, "floatAccount": null, "costCenter": null, "value": "16000000", "valueType": "bes", "explanation": "\u0634\u0645\u0627\u0631\u0647 \u0641\u0627\u06a9\u062a\u0648\u0631: 38 \u062a\u0627\u0631\u06cc\u062e \u0641\u0627\u06a9\u062a\u0648\u0631: 1398-01-12 "}}, {"model": "sanads.sanaditem", "pk": 400, "fields": {"financial_year": 1, "sanad": 82, "account": 512, "floatAccount": null, "costCenter": null, "value": "28000000", "valueType": "bed", "explanation": "\u0634\u0645\u0627\u0631\u0647 \u0641\u0627\u06a9\u062a\u0648\u0631: 39 \u062a\u0627\u0631\u06cc\u062e \u0641\u0627\u06a9\u062a\u0648\u0631: 1398-01-12 "}}, {"model": "sanads.sanaditem", "pk": 401, "fields": {"financial_year": 1, "sanad": 82, "account": 498, "floatAccount": null, "costCenter": null, "value": "28000000", "valueType": "bes", "explanation": "\u0634\u0645\u0627\u0631\u0647 \u0641\u0627\u06a9\u062a\u0648\u0631: 39 \u062a\u0627\u0631\u06cc\u062e \u0641\u0627\u06a9\u062a\u0648\u0631: 1398-01-12 "}}, {"model": "sanads.sanaditem", "pk": 402, "fields": {"financial_year": 1, "sanad": 82, "account": 498, "floatAccount": null, "costCenter": null, "value": "2520000", "valueType": "bed", "explanation": "\u0634\u0645\u0627\u0631\u0647 \u0641\u0627\u06a9\u062a\u0648\u0631: 39 \u062a\u0627\u0631\u06cc\u062e \u0641\u0627\u06a9\u062a\u0648\u0631: 1398-01-12 "}}, {"model": "sanads.sanaditem", "pk": 403, "fields": {"financial_year": 1, "sanad": 82, "account": 512, "floatAccount": null, "costCenter": null, "value": "2520000", "valueType": "bes", "explanation": "\u0634\u0645\u0627\u0631\u0647 \u0641\u0627\u06a9\u062a\u0648\u0631: 39 \u062a\u0627\u0631\u06cc\u062e \u0641\u0627\u06a9\u062a\u0648\u0631: 1398-01-12 "}}, {"model": "sanads.sanaditem", "pk": 404, "fields": {"financial_year": 1, "sanad": 83, "account": 503, "floatAccount": null, "costCenter": null, "value": "11200000", "valueType": "bed", "explanation": "\u0634\u0645\u0627\u0631\u0647 \u0641\u0627\u06a9\u062a\u0648\u0631: 40 \u062a\u0627\u0631\u06cc\u062e \u0641\u0627\u06a9\u062a\u0648\u0631: 1398-01-12 "}}, {"model": "sanads.sanaditem", "pk": 405, "fields": {"financial_year": 1, "sanad": 83, "account": 498, "floatAccount": null, "costCenter": null, "value": "11200000", "valueType": "bes", "explanation": "\u0634\u0645\u0627\u0631\u0647 \u0641\u0627\u06a9\u062a\u0648\u0631: 40 \u062a\u0627\u0631\u06cc\u062e \u0641\u0627\u06a9\u062a\u0648\u0631: 1398-01-12 "}}, {"model": "sanads.sanaditem", "pk": 406, "fields": {"financial_year": 1, "sanad": 83, "account": 498, "floatAccount": null, "costCenter": null, "value": "666666", "valueType": "bed", "explanation": "\u0634\u0645\u0627\u0631\u0647 \u0641\u0627\u06a9\u062a\u0648\u0631: 40 \u062a\u0627\u0631\u06cc\u062e \u0641\u0627\u06a9\u062a\u0648\u0631: 1398-01-12 "}}, {"model": "sanads.sanaditem", "pk": 407, "fields": {"financial_year": 1, "sanad": 83, "account": 503, "floatAccount": null, "costCenter": null, "value": "666666", "valueType": "bes", "explanation": "\u0634\u0645\u0627\u0631\u0647 \u0641\u0627\u06a9\u062a\u0648\u0631: 40 \u062a\u0627\u0631\u06cc\u062e \u0641\u0627\u06a9\u062a\u0648\u0631: 1398-01-12 "}}, {"model": "sanads.sanaditem", "pk": 408, "fields": {"financial_year": 1, "sanad": 84, "account": 514, "floatAccount": null, "costCenter": null, "value": "32000000", "valueType": "bed", "explanation": "\u0634\u0645\u0627\u0631\u0647 \u0641\u0627\u06a9\u062a\u0648\u0631: 41 \u062a\u0627\u0631\u06cc\u062e \u0641\u0627\u06a9\u062a\u0648\u0631: 1398-01-12 "}}, {"model": "sanads.sanaditem", "pk": 409, "fields": {"financial_year": 1, "sanad": 84, "account": 498, "floatAccount": null, "costCenter": null, "value": "32000000", "valueType": "bes", "explanation": "\u0634\u0645\u0627\u0631\u0647 \u0641\u0627\u06a9\u062a\u0648\u0631: 41 \u062a\u0627\u0631\u06cc\u062e \u0641\u0627\u06a9\u062a\u0648\u0631: 1398-01-12 "}}, {"model": "sanads.sanaditem", "pk": 410, "fields": {"financial_year": 1, "sanad": 84, "account": 498, "floatAccount": null, "costCenter": null, "value": "3200000", "valueType": "bed", "explanation": "\u0634\u0645\u0627\u0631\u0647 \u0641\u0627\u06a9\u062a\u0648\u0631: 41 \u062a\u0627\u0631\u06cc\u062e \u0641\u0627\u06a9\u062a\u0648\u0631: 1398-01-12 "}}, {"model": "sanads.sanaditem", "pk": 411, "fields": {"financial_year": 1, "sanad": 84, "account": 514, "floatAccount": null, "costCenter": null, "value": "3200000", "valueType": "bes", "explanation": "\u0634\u0645\u0627\u0631\u0647 \u0641\u0627\u06a9\u062a\u0648\u0631: 41 \u062a\u0627\u0631\u06cc\u062e \u0641\u0627\u06a9\u062a\u0648\u0631: 1398-01-12 "}}, {"model": "sanads.sanaditem", "pk": 412, "fields": {"financial_year": 1, "sanad": 85, "account": 504, "floatAccount": null, "costCenter": null, "value": "24000000", "valueType": "bed", "explanation": "\u0634\u0645\u0627\u0631\u0647 \u0641\u0627\u06a9\u062a\u0648\u0631: 42 \u062a\u0627\u0631\u06cc\u062e \u0641\u0627\u06a9\u062a\u0648\u0631: 1398-01-12 "}}, {"model": "sanads.sanaditem", "pk": 413, "fields": {"financial_year": 1, "sanad": 85, "account": 498, "floatAccount": null, "costCenter": null, "value": "24000000", "valueType": "bes", "explanation": "\u0634\u0645\u0627\u0631\u0647 \u0641\u0627\u06a9\u062a\u0648\u0631: 42 \u062a\u0627\u0631\u06cc\u062e \u0641\u0627\u06a9\u062a\u0648\u0631: 1398-01-12 "}}, {"model": "sanads.sanaditem", "pk": 414, "fields": {"financial_year": 1, "sanad": 86, "account": 510, "floatAccount": null, "costCenter": null, "value": "28000000", "valueType": "bed", "explanation": "\u0634\u0645\u0627\u0631\u0647 \u0641\u0627\u06a9\u062a\u0648\u0631: 43 \u062a\u0627\u0631\u06cc\u062e \u0641\u0627\u06a9\u062a\u0648\u0631: 1398-01-12 "}}, {"model": "sanads.sanaditem", "pk": 415, "fields": {"financial_year": 1, "sanad": 86, "account": 498, "floatAccount": null, "costCenter": null, "value": "28000000", "valueType": "bes", "explanation": "\u0634\u0645\u0627\u0631\u0647 \u0641\u0627\u06a9\u062a\u0648\u0631: 43 \u062a\u0627\u0631\u06cc\u062e \u0641\u0627\u06a9\u062a\u0648\u0631: 1398-01-12 "}}, {"model": "sanads.sanaditem", "pk": 416, "fields": {"financial_year": 1, "sanad": 86, "account": 498, "floatAccount": null, "costCenter": null, "value": "2520000", "valueType": "bed", "explanation": "\u0634\u0645\u0627\u0631\u0647 \u0641\u0627\u06a9\u062a\u0648\u0631: 43 \u062a\u0627\u0631\u06cc\u062e \u0641\u0627\u06a9\u062a\u0648\u0631: 1398-01-12 "}}, {"model": "sanads.sanaditem", "pk": 417, "fields": {"financial_year": 1, "sanad": 86, "account": 510, "floatAccount": null, "costCenter": null, "value": "2520000", "valueType": "bes", "explanation": "\u0634\u0645\u0627\u0631\u0647 \u0641\u0627\u06a9\u062a\u0648\u0631: 43 \u062a\u0627\u0631\u06cc\u062e \u0641\u0627\u06a9\u062a\u0648\u0631: 1398-01-12 "}}, {"model": "sanads.sanaditem", "pk": 422, "fields": {"financial_year": 1, "sanad": 87, "account": 495, "floatAccount": null, "costCenter": null, "value": "40800000", "valueType": "bed", "explanation": "\u0634\u0645\u0627\u0631\u0647 \u0641\u0627\u06a9\u062a\u0648\u0631: 44 \u062a\u0627\u0631\u06cc\u062e \u0641\u0627\u06a9\u062a\u0648\u0631: 1398-01-12 "}}, {"model": "sanads.sanaditem", "pk": 423, "fields": {"financial_year": 1, "sanad": 87, "account": 498, "floatAccount": null, "costCenter": null, "value": "40800000", "valueType": "bes", "explanation": "\u0634\u0645\u0627\u0631\u0647 \u0641\u0627\u06a9\u062a\u0648\u0631: 44 \u062a\u0627\u0631\u06cc\u062e \u0641\u0627\u06a9\u062a\u0648\u0631: 1398-01-12 "}}, {"model": "sanads.sanaditem", "pk": 424, "fields": {"financial_year": 1, "sanad": 87, "account": 498, "floatAccount": null, "costCenter": null, "value": "3026565", "valueType": "bed", "explanation": "\u0634\u0645\u0627\u0631\u0647 \u0641\u0627\u06a9\u062a\u0648\u0631: 44 \u062a\u0627\u0631\u06cc\u062e \u0641\u0627\u06a9\u062a\u0648\u0631: 1398-01-12 "}}, {"model": "sanads.sanaditem", "pk": 425, "fields": {"financial_year": 1, "sanad": 87, "account": 495, "floatAccount": null, "costCenter": null, "value": "3026565", "valueType": "bes", "explanation": "\u0634\u0645\u0627\u0631\u0647 \u0641\u0627\u06a9\u062a\u0648\u0631: 44 \u062a\u0627\u0631\u06cc\u062e \u0641\u0627\u06a9\u062a\u0648\u0631: 1398-01-12 "}}, {"model": "sanads.sanaditem", "pk": 426, "fields": {"financial_year": 1, "sanad": 88, "account": 511, "floatAccount": null, "costCenter": null, "value": "24000000", "valueType": "bed", "explanation": "\u0634\u0645\u0627\u0631\u0647 \u0641\u0627\u06a9\u062a\u0648\u0631: 45 \u062a\u0627\u0631\u06cc\u062e \u0641\u0627\u06a9\u062a\u0648\u0631: 1398-01-12 "}}, {"model": "sanads.sanaditem", "pk": 427, "fields": {"financial_year": 1, "sanad": 88, "account": 498, "floatAccount": null, "costCenter": null, "value": "24000000", "valueType": "bes", "explanation": "\u0634\u0645\u0627\u0631\u0647 \u0641\u0627\u06a9\u062a\u0648\u0631: 45 \u062a\u0627\u0631\u06cc\u062e \u0641\u0627\u06a9\u062a\u0648\u0631: 1398-01-12 "}}, {"model": "sanads.sanaditem", "pk": 428, "fields": {"financial_year": 1, "sanad": 88, "account": 498, "floatAccount": null, "costCenter": null, "value": "10", "valueType": "bed", "explanation": "\u0634\u0645\u0627\u0631\u0647 \u0641\u0627\u06a9\u062a\u0648\u0631: 45 \u062a\u0627\u0631\u06cc\u062e \u0641\u0627\u06a9\u062a\u0648\u0631: 1398-01-12 "}}, {"model": "sanads.sanaditem", "pk": 429, "fields": {"financial_year": 1, "sanad": 88, "account": 511, "floatAccount": null, "costCenter": null, "value": "10", "valueType": "bes", "explanation": "\u0634\u0645\u0627\u0631\u0647 \u0641\u0627\u06a9\u062a\u0648\u0631: 45 \u062a\u0627\u0631\u06cc\u062e \u0641\u0627\u06a9\u062a\u0648\u0631: 1398-01-12 "}}, {"model": "sanads.sanaditem", "pk": 441, "fields": {"financial_year": 1, "sanad": 90, "account": 232, "floatAccount": null, "costCenter": null, "value": "30773435", "valueType": "bed", "explanation": "\u0628\u0627\u0628\u062a \u062f\u0631\u06cc\u0627\u0641\u062a \u0646\u0642\u062f\u06cc \u0628\u0647 \u0634\u0645\u0627\u0631\u0647 \u0645\u0633\u062a\u0646\u062f  \u0628\u0647 \u062a\u0627\u0631\u06cc\u062e 1398-01-12"}}, {"model": "sanads.sanaditem", "pk": 442, "fields": {"financial_year": 1, "sanad": 90, "account": 491, "floatAccount": null, "costCenter": null, "value": "3800000", "valueType": "bed", "explanation": "\u0628\u0627\u0628\u062a \u062f\u0631\u06cc\u0627\u0641\u062a \u0628\u0627\u0646\u06a9 \u0628\u0647 \u0634\u0645\u0627\u0631\u0647 \u0645\u0633\u062a\u0646\u062f  \u0628\u0647 \u062a\u0627\u0631\u06cc\u062e 1398-01-12"}}, {"model": "sanads.sanaditem", "pk": 443, "fields": {"financial_year": 1, "sanad": 90, "account": 495, "floatAccount": null, "costCenter": null, "value": "34573435", "valueType": "bes", "explanation": "\u0628\u0627\u0628\u062a \u062f\u0631\u06cc\u0627\u0641\u062a \u0646\u0642\u062f\u06cc, \u0628\u0627\u0646\u06a9 \u0637\u06cc \u062f\u0631\u06cc\u0627\u0641\u062a \u0634\u0645\u0627\u0631\u0647 23"}}, {"model": "sanads.sanaditem", "pk": 448, "fields": {"financial_year": 1, "sanad": 91, "account": 232, "floatAccount": null, "costCenter": null, "value": "23999990", "valueType": "bed", "explanation": "\u0628\u0627\u0628\u062a \u062f\u0631\u06cc\u0627\u0641\u062a \u0646\u0642\u062f\u06cc \u0628\u0647 \u0634\u0645\u0627\u0631\u0647 \u0645\u0633\u062a\u0646\u062f  \u0628\u0647 \u062a\u0627\u0631\u06cc\u062e 1398-01-12"}}, {"model": "sanads.sanaditem", "pk": 449, "fields": {"financial_year": 1, "sanad": 91, "account": 511, "floatAccount": null, "costCenter": null, "value": "23999990", "valueType": "bes", "explanation": "\u0628\u0627\u0628\u062a \u062f\u0631\u06cc\u0627\u0641\u062a \u0646\u0642\u062f\u06cc \u0637\u06cc \u062f\u0631\u06cc\u0627\u0641\u062a \u0634\u0645\u0627\u0631\u0647 24"}}, {"model": "sanads.sanaditem", "pk": 450, "fields": {"financial_year": 1, "sanad": 92, "account": 232, "floatAccount": null, "costCenter": null, "value": "50000000", "valueType": "bed", "explanation": "\u0628\u0627\u0628\u062a \u062f\u0631\u06cc\u0627\u0641\u062a \u0646\u0642\u062f\u06cc \u0628\u0647 \u0634\u0645\u0627\u0631\u0647 \u0645\u0633\u062a\u0646\u062f  \u0628\u0647 \u062a\u0627\u0631\u06cc\u062e 1398-01-12"}}, {"model": "sanads.sanaditem", "pk": 451, "fields": {"financial_year": 1, "sanad": 92, "account": 511, "floatAccount": null, "costCenter": null, "value": "50000000", "valueType": "bes", "explanation": "\u0628\u0627\u0628\u062a \u062f\u0631\u06cc\u0627\u0641\u062a \u0646\u0642\u062f\u06cc \u0637\u06cc \u062f\u0631\u06cc\u0627\u0641\u062a \u0634\u0645\u0627\u0631\u0647 25"}}, {"model": "sanads.sanaditem", "pk": 452, "fields": {"financial_year": 1, "sanad": 93, "account": 232, "floatAccount": null, "costCenter": null, "value": "109999000", "valueType": "bes", "explanation": "\u0628\u0627\u0628\u062a \u067e\u0631\u062f\u0627\u062e\u062a \u0646\u0642\u062f\u06cc \u0628\u0647 \u0634\u0645\u0627\u0631\u0647 \u0645\u0633\u062a\u0646\u062f  \u0628\u0647 \u062a\u0627\u0631\u06cc\u062e 1398-01-12"}}, {"model": "sanads.sanaditem", "pk": 453, "fields": {"financial_year": 1, "sanad": 93, "account": 515, "floatAccount": null, "costCenter": null, "value": "109999000", "valueType": "bed", "explanation": "\u0628\u0627\u0628\u062a \u067e\u0631\u062f\u0627\u062e\u062a \u0646\u0642\u062f\u06cc \u0637\u06cc \u067e\u0631\u062f\u0627\u062e\u062a \u0634\u0645\u0627\u0631\u0647 1"}}, {"model": "sanads.sanaditem", "pk": 456, "fields": {"financial_year": 1, "sanad": 95, "account": 504, "floatAccount": null, "costCenter": null, "value": "9000000", "valueType": "bed", "explanation": "\u0634\u0645\u0627\u0631\u0647 \u0641\u0627\u06a9\u062a\u0648\u0631: 46 \u062a\u0627\u0631\u06cc\u062e \u0641\u0627\u06a9\u062a\u0648\u0631: 1398-01-12 "}}, {"model": "sanads.sanaditem", "pk": 457, "fields": {"financial_year": 1, "sanad": 95, "account": 498, "floatAccount": null, "costCenter": null, "value": "9000000", "valueType": "bes", "explanation": "\u0634\u0645\u0627\u0631\u0647 \u0641\u0627\u06a9\u062a\u0648\u0631: 46 \u062a\u0627\u0631\u06cc\u062e \u0641\u0627\u06a9\u062a\u0648\u0631: 1398-01-12 "}}, {"model": "sanads.sanaditem", "pk": 458, "fields": {"financial_year": 1, "sanad": 95, "account": 498, "floatAccount": null, "costCenter": null, "value": "720000", "valueType": "bed", "explanation": "\u0634\u0645\u0627\u0631\u0647 \u0641\u0627\u06a9\u062a\u0648\u0631: 46 \u062a\u0627\u0631\u06cc\u062e \u0641\u0627\u06a9\u062a\u0648\u0631: 1398-01-12 "}}, {"model": "sanads.sanaditem", "pk": 459, "fields": {"financial_year": 1, "sanad": 95, "account": 504, "floatAccount": null, "costCenter": null, "value": "720000", "valueType": "bes", "explanation": "\u0634\u0645\u0627\u0631\u0647 \u0641\u0627\u06a9\u062a\u0648\u0631: 46 \u062a\u0627\u0631\u06cc\u062e \u0641\u0627\u06a9\u062a\u0648\u0631: 1398-01-12 "}}, {"model": "sanads.sanaditem", "pk": 476, "fields": {"financial_year": 1, "sanad": 96, "account": 232, "floatAccount": null, "costCenter": null, "value": "4000000", "valueType": "bed", "explanation": "\u0628\u0627\u0628\u062a \u062f\u0631\u06cc\u0627\u0641\u062a \u0646\u0642\u062f\u06cc \u0628\u0647 \u0634\u0645\u0627\u0631\u0647 \u0645\u0633\u062a\u0646\u062f  \u0628\u0647 \u062a\u0627\u0631\u06cc\u062e 1398-01-12"}}, {"model": "sanads.sanaditem", "pk": 477, "fields": {"financial_year": 1, "sanad": 96, "account": 491, "floatAccount": null, "costCenter": null, "value": "200000", "valueType": "bed", "explanation": "\u0628\u0627\u0628\u062a \u062f\u0631\u06cc\u0627\u0641\u062a \u0628\u0627\u0646\u06a9 \u0628\u0647 \u0634\u0645\u0627\u0631\u0647 \u0645\u0633\u062a\u0646\u062f  \u0628\u0647 \u062a\u0627\u0631\u06cc\u062e 1398-01-12"}}, {"model": "sanads.sanaditem", "pk": 478, "fields": {"financial_year": 1, "sanad": 96, "account": 504, "floatAccount": null, "costCenter": null, "value": "4200000", "valueType": "bes", "explanation": "\u0628\u0627\u0628\u062a \u062f\u0631\u06cc\u0627\u0641\u062a \u0646\u0642\u062f\u06cc, \u0628\u0627\u0646\u06a9 \u0637\u06cc \u062f\u0631\u06cc\u0627\u0641\u062a \u0634\u0645\u0627\u0631\u0647 26"}}, {"model": "sanads.sanaditem", "pk": 479, "fields": {"financial_year": 1, "sanad": 97, "account": 232, "floatAccount": null, "costCenter": null, "value": "3000000", "valueType": "bed", "explanation": "\u0628\u0627\u0628\u062a \u062f\u0631\u06cc\u0627\u0641\u062a \u0646\u0642\u062f\u06cc \u0628\u0647 \u0634\u0645\u0627\u0631\u0647 \u0645\u0633\u062a\u0646\u062f  \u0628\u0647 \u062a\u0627\u0631\u06cc\u062e 1398-01-12"}}, {"model": "sanads.sanaditem", "pk": 480, "fields": {"financial_year": 1, "sanad": 97, "account": 504, "floatAccount": null, "costCenter": null, "value": "3000000", "valueType": "bes", "explanation": "\u0628\u0627\u0628\u062a \u062f\u0631\u06cc\u0627\u0641\u062a \u0646\u0642\u062f\u06cc \u0637\u06cc \u062f\u0631\u06cc\u0627\u0641\u062a \u0634\u0645\u0627\u0631\u0647 27"}}, {"model": "sanads.sanaditem", "pk": 481, "fields": {"financial_year": 1, "sanad": 98, "account": 233, "floatAccount": null, "costCenter": null, "value": "1230000000000", "valueType": "bed", "explanation": "\u0628\u0627\u0628\u062a \u062f\u0631\u06cc\u0627\u0641\u062a \u0686\u06a9 \u062f\u0631\u06cc\u0627\u0641\u062a\u0646\u06cc \u0628\u0647 \u0634\u0645\u0627\u0631\u0647 \u0645\u0633\u062a\u0646\u062f 111 \u0628\u0647 \u062a\u0627\u0631\u06cc\u062e 1398-01-12"}}, {"model": "sanads.sanaditem", "pk": 482, "fields": {"financial_year": 1, "sanad": 98, "account": 495, "floatAccount": null, "costCenter": null, "value": "1230000000000", "valueType": "bes", "explanation": "\u0628\u0627\u0628\u062a \u062f\u0631\u06cc\u0627\u0641\u062a \u0686\u06a9 \u062f\u0631\u06cc\u0627\u0641\u062a\u0646\u06cc \u0637\u06cc \u062f\u0631\u06cc\u0627\u0641\u062a \u0634\u0645\u0627\u0631\u0647 28"}}, {"model": "sanads.sanaditem", "pk": 483, "fields": {"financial_year": 1, "sanad": 99, "account": 233, "floatAccount": null, "costCenter": null, "value": "12300000000", "valueType": "bed", "explanation": "\u0628\u0627\u0628\u062a \u062f\u0631\u06cc\u0627\u0641\u062a \u0686\u06a9 \u062f\u0631\u06cc\u0627\u0641\u062a\u0646\u06cc \u0628\u0647 \u0634\u0645\u0627\u0631\u0647 \u0645\u0633\u062a\u0646\u062f 10235325 \u0628\u0647 \u062a\u0627\u0631\u06cc\u062e 1398-01-12"}}, {"model": "sanads.sanaditem", "pk": 484, "fields": {"financial_year": 1, "sanad": 99, "account": 504, "floatAccount": null, "costCenter": null, "value": "12300000000", "valueType": "bes", "explanation": "\u0628\u0627\u0628\u062a \u062f\u0631\u06cc\u0627\u0641\u062a \u0686\u06a9 \u062f\u0631\u06cc\u0627\u0641\u062a\u0646\u06cc \u0637\u06cc \u062f\u0631\u06cc\u0627\u0641\u062a \u0634\u0645\u0627\u0631\u0647 29"}}, {"model": "sanads.sanaditem", "pk": 485, "fields": {"financial_year": 1, "sanad": 100, "account": 233, "floatAccount": null, "costCenter": null, "value": "1200000", "valueType": "bed", "explanation": "\u0628\u0627\u0628\u062a \u062f\u0631\u06cc\u0627\u0641\u062a \u0686\u06a9 \u062f\u0631\u06cc\u0627\u0641\u062a\u0646\u06cc \u0628\u0647 \u0634\u0645\u0627\u0631\u0647 \u0645\u0633\u062a\u0646\u062f 111245 \u0628\u0647 \u062a\u0627\u0631\u06cc\u062e 1398-01-12"}}, {"model": "sanads.sanaditem", "pk": 486, "fields": {"financial_year": 1, "sanad": 100, "account": 504, "floatAccount": null, "costCenter": null, "value": "1200000", "valueType": "bes", "explanation": "\u0628\u0627\u0628\u062a \u062f\u0631\u06cc\u0627\u0641\u062a \u0686\u06a9 \u062f\u0631\u06cc\u0627\u0641\u062a\u0646\u06cc \u0637\u06cc \u062f\u0631\u06cc\u0627\u0641\u062a \u0634\u0645\u0627\u0631\u0647 30"}}, {"model": "sanads.sanaditem", "pk": 493, "fields": {"financial_year": 1, "sanad": 101, "account": 233, "floatAccount": null, "costCenter": null, "value": "100000", "valueType": "bed", "explanation": "\u0628\u0627\u0628\u062a \u062f\u0631\u06cc\u0627\u0641\u062a \u0686\u06a9 \u062f\u0631\u06cc\u0627\u0641\u062a\u0646\u06cc \u0628\u0647 \u0634\u0645\u0627\u0631\u0647 \u0645\u0633\u062a\u0646\u062f 11 \u0628\u0647 \u062a\u0627\u0631\u06cc\u062e 1398-01-12"}}, {"model": "sanads.sanaditem", "pk": 494, "fields": {"financial_year": 1, "sanad": 101, "account": 233, "floatAccount": null, "costCenter": null, "value": "100000000", "valueType": "bed", "explanation": "\u0628\u0627\u0628\u062a \u062f\u0631\u06cc\u0627\u0641\u062a \u0686\u06a9 \u062f\u0631\u06cc\u0627\u0641\u062a\u0646\u06cc \u0628\u0647 \u0634\u0645\u0627\u0631\u0647 \u0645\u0633\u062a\u0646\u062f 9855 \u0628\u0647 \u062a\u0627\u0631\u06cc\u062e 1398-01-12"}}, {"model": "sanads.sanaditem", "pk": 495, "fields": {"financial_year": 1, "sanad": 101, "account": 492, "floatAccount": null, "costCenter": null, "value": "100100000", "valueType": "bes", "explanation": "\u0628\u0627\u0628\u062a \u062f\u0631\u06cc\u0627\u0641\u062a \u0686\u06a9 \u062f\u0631\u06cc\u0627\u0641\u062a\u0646\u06cc \u0637\u06cc \u062f\u0631\u06cc\u0627\u0641\u062a \u0634\u0645\u0627\u0631\u0647 31"}}, {"model": "sanads.sanaditem", "pk": 496, "fields": {"financial_year": 1, "sanad": 102, "account": 233, "floatAccount": null, "costCenter": null, "value": "12300000", "valueType": "bed", "explanation": "\u0628\u0627\u0628\u062a \u062f\u0631\u06cc\u0627\u0641\u062a \u0686\u06a9 \u062f\u0631\u06cc\u0627\u0641\u062a\u0646\u06cc \u0628\u0647 \u0634\u0645\u0627\u0631\u0647 \u0645\u0633\u062a\u0646\u062f 174 \u0628\u0647 \u062a\u0627\u0631\u06cc\u062e 1398-01-12"}}, {"model": "sanads.sanaditem", "pk": 497, "fields": {"financial_year": 1, "sanad": 102, "account": 511, "floatAccount": null, "costCenter": null, "value": "12300000", "valueType": "bes", "explanation": "\u0628\u0627\u0628\u062a \u062f\u0631\u06cc\u0627\u0641\u062a \u0686\u06a9 \u062f\u0631\u06cc\u0627\u0641\u062a\u0646\u06cc \u0637\u06cc \u062f\u0631\u06cc\u0627\u0641\u062a \u0634\u0645\u0627\u0631\u0647 32"}}, {"model": "sanads.sanaditem", "pk": 503, "fields": {"financial_year": 1, "sanad": 103, "account": 491, "floatAccount": null, "costCenter": null, "value": "100000", "valueType": "bed", "explanation": "\u0628\u0627\u0628\u062a \u062f\u0631\u06cc\u0627\u0641\u062a \u0628\u0627\u0646\u06a9 \u0628\u0647 \u0634\u0645\u0627\u0631\u0647 \u0645\u0633\u062a\u0646\u062f  \u0628\u0647 \u062a\u0627\u0631\u06cc\u062e 1398-01-12"}}, {"model": "sanads.sanaditem", "pk": 504, "fields": {"financial_year": 1, "sanad": 103, "account": 232, "floatAccount": null, "costCenter": null, "value": "560000", "valueType": "bed", "explanation": "\u0628\u0627\u0628\u062a \u062f\u0631\u06cc\u0627\u0641\u062a \u0646\u0642\u062f\u06cc \u0628\u0647 \u0634\u0645\u0627\u0631\u0647 \u0645\u0633\u062a\u0646\u062f  \u0628\u0647 \u062a\u0627\u0631\u06cc\u062e 1398-01-12"}}, {"model": "sanads.sanaditem", "pk": 505, "fields": {"financial_year": 1, "sanad": 103, "account": 233, "floatAccount": null, "costCenter": null, "value": "652000000", "valueType": "bed", "explanation": "\u0628\u0627\u0628\u062a \u062f\u0631\u06cc\u0627\u0641\u062a \u0686\u06a9 \u062f\u0631\u06cc\u0627\u0641\u062a\u0646\u06cc \u0628\u0647 \u0634\u0645\u0627\u0631\u0647 \u0645\u0633\u062a\u0646\u062f 1235 \u0628\u0647 \u062a\u0627\u0631\u06cc\u062e 1398-01-12"}}, {"model": "sanads.sanaditem", "pk": 506, "fields": {"financial_year": 1, "sanad": 103, "account": 507, "floatAccount": null, "costCenter": null, "value": "652660000", "valueType": "bes", "explanation": "\u0628\u0627\u0628\u062a \u062f\u0631\u06cc\u0627\u0641\u062a \u0628\u0627\u0646\u06a9, \u0646\u0642\u062f\u06cc, \u0686\u06a9 \u062f\u0631\u06cc\u0627\u0641\u062a\u0646\u06cc \u0637\u06cc \u062f\u0631\u06cc\u0627\u0641\u062a \u0634\u0645\u0627\u0631\u0647 33"}}, {"model": "sanads.sanaditem", "pk": 507, "fields": {"financial_year": 1, "sanad": 104, "account": 502, "floatAccount": null, "costCenter": null, "value": "6400000", "valueType": "bed", "explanation": "\u0634\u0645\u0627\u0631\u0647 \u0641\u0627\u06a9\u062a\u0648\u0631: 47 \u062a\u0627\u0631\u06cc\u062e \u0641\u0627\u06a9\u062a\u0648\u0631: 1398-01-12 "}}, {"model": "sanads.sanaditem", "pk": 508, "fields": {"financial_year": 1, "sanad": 104, "account": 498, "floatAccount": null, "costCenter": null, "value": "6400000", "valueType": "bes", "explanation": "\u0634\u0645\u0627\u0631\u0647 \u0641\u0627\u06a9\u062a\u0648\u0631: 47 \u062a\u0627\u0631\u06cc\u062e \u0641\u0627\u06a9\u062a\u0648\u0631: 1398-01-12 "}}, {"model": "sanads.sanaditem", "pk": 509, "fields": {"financial_year": 1, "sanad": 105, "account": 491, "floatAccount": null, "costCenter": null, "value": "6400000", "valueType": "bed", "explanation": "\u0628\u0627\u0628\u062a \u062f\u0631\u06cc\u0627\u0641\u062a \u0628\u0627\u0646\u06a9 \u0628\u0647 \u0634\u0645\u0627\u0631\u0647 \u0645\u0633\u062a\u0646\u062f 11111 \u0628\u0647 \u062a\u0627\u0631\u06cc\u062e 1398-01-12"}}, {"model": "sanads.sanaditem", "pk": 510, "fields": {"financial_year": 1, "sanad": 105, "account": 502, "floatAccount": null, "costCenter": null, "value": "6400000", "valueType": "bes", "explanation": "\u0628\u0627\u0628\u062a \u062f\u0631\u06cc\u0627\u0641\u062a \u0628\u0627\u0646\u06a9 \u0637\u06cc \u062f\u0631\u06cc\u0627\u0641\u062a \u0634\u0645\u0627\u0631\u0647 34"}}, {"model": "sanads.sanaditem", "pk": 511, "fields": {"financial_year": 1, "sanad": 106, "account": 503, "floatAccount": null, "costCenter": null, "value": "9600000", "valueType": "bed", "explanation": "\u0634\u0645\u0627\u0631\u0647 \u0641\u0627\u06a9\u062a\u0648\u0631: 48 \u062a\u0627\u0631\u06cc\u062e \u0641\u0627\u06a9\u062a\u0648\u0631: 1398-01-13 "}}, {"model": "sanads.sanaditem", "pk": 512, "fields": {"financial_year": 1, "sanad": 106, "account": 498, "floatAccount": null, "costCenter": null, "value": "9600000", "valueType": "bes", "explanation": "\u0634\u0645\u0627\u0631\u0647 \u0641\u0627\u06a9\u062a\u0648\u0631: 48 \u062a\u0627\u0631\u06cc\u062e \u0641\u0627\u06a9\u062a\u0648\u0631: 1398-01-13 "}}, {"model": "sanads.sanaditem", "pk": 513, "fields": {"financial_year": 1, "sanad": 106, "account": 498, "floatAccount": null, "costCenter": null, "value": "768000", "valueType": "bed", "explanation": "\u0634\u0645\u0627\u0631\u0647 \u0641\u0627\u06a9\u062a\u0648\u0631: 48 \u062a\u0627\u0631\u06cc\u062e \u0641\u0627\u06a9\u062a\u0648\u0631: 1398-01-13 "}}, {"model": "sanads.sanaditem", "pk": 514, "fields": {"financial_year": 1, "sanad": 106, "account": 503, "floatAccount": null, "costCenter": null, "value": "768000", "valueType": "bes", "explanation": "\u0634\u0645\u0627\u0631\u0647 \u0641\u0627\u06a9\u062a\u0648\u0631: 48 \u062a\u0627\u0631\u06cc\u062e \u0641\u0627\u06a9\u062a\u0648\u0631: 1398-01-13 "}}, {"model": "sanads.sanaditem", "pk": 551, "fields": {"financial_year": 1, "sanad": 107, "account": 491, "floatAccount": null, "costCenter": null, "value": "7832000", "valueType": "bed", "explanation": "\u0628\u0627\u0628\u062a \u062f\u0631\u06cc\u0627\u0641\u062a \u0628\u0627\u0646\u06a9 \u0628\u0647 \u0634\u0645\u0627\u0631\u0647 \u0645\u0633\u062a\u0646\u062f  \u0628\u0647 \u062a\u0627\u0631\u06cc\u062e 1398-01-13"}}, {"model": "sanads.sanaditem", "pk": 552, "fields": {"financial_year": 1, "sanad": 107, "account": 232, "floatAccount": null, "costCenter": null, "value": "1000000", "valueType": "bed", "explanation": "\u0628\u0627\u0628\u062a \u062f\u0631\u06cc\u0627\u0641\u062a \u0646\u0642\u062f\u06cc \u0628\u0647 \u0634\u0645\u0627\u0631\u0647 \u0645\u0633\u062a\u0646\u062f  \u0628\u0647 \u062a\u0627\u0631\u06cc\u062e 1398-01-13"}}, {"model": "sanads.sanaditem", "pk": 553, "fields": {"financial_year": 1, "sanad": 107, "account": 503, "floatAccount": null, "costCenter": null, "value": "8832000", "valueType": "bes", "explanation": "\u0628\u0627\u0628\u062a \u062f\u0631\u06cc\u0627\u0641\u062a \u0628\u0627\u0646\u06a9, \u0646\u0642\u062f\u06cc \u0637\u06cc \u062f\u0631\u06cc\u0627\u0641\u062a \u0634\u0645\u0627\u0631\u0647 35"}}, {"model": "sanads.sanaditem", "pk": 554, "fields": {"financial_year": 1, "sanad": 22, "account": 233, "floatAccount": null, "costCenter": null, "value": "5000000", "valueType": "bed", "explanation": "\u0628\u0627\u0628\u062a \u062f\u0631\u06cc\u0627\u0641\u062a \u0686\u06a9 \u0634\u0645\u0627\u0631\u0647 111 \u0628\u0647 \u062a\u0627\u0631\u06cc\u062e \u0633\u0631\u0631\u0633\u06cc\u062f 1398-01-04 \u0627\u0632 \u062f\u0647\u0642\u0627\u0646\u06cc"}}, {"model": "sanads.sanaditem", "pk": 555, "fields": {"financial_year": 1, "sanad": 22, "account": 496, "floatAccount": null, "costCenter": null, "value": "5000000", "valueType": "bes", "explanation": "\u0628\u0627\u0628\u062a \u062f\u0631\u06cc\u0627\u0641\u062a \u0686\u06a9 \u0634\u0645\u0627\u0631\u0647 111 \u0628\u0647 \u062a\u0627\u0631\u06cc\u062e \u0633\u0631\u0631\u0633\u06cc\u062f 1398-01-04 \u0627\u0632 \u062f\u0647\u0642\u0627\u0646\u06cc"}}, {"model": "sanads.sanaditem", "pk": 556, "fields": {"financial_year": 1, "sanad": 41, "account": 233, "floatAccount": null, "costCenter": null, "value": "1", "valueType": "bed", "explanation": "\u0628\u0627\u0628\u062a \u062f\u0631\u06cc\u0627\u0641\u062a \u0686\u06a9 \u0634\u0645\u0627\u0631\u0647 123 \u0628\u0647 \u062a\u0627\u0631\u06cc\u062e \u0633\u0631\u0631\u0633\u06cc\u062f 1398-01-11 \u0627\u0632 \u062d\u0633\u06cc\u0646\u06cc"}}, {"model": "sanads.sanaditem", "pk": 557, "fields": {"financial_year": 1, "sanad": 41, "account": 492, "floatAccount": null, "costCenter": null, "value": "1", "valueType": "bes", "explanation": "\u0628\u0627\u0628\u062a \u062f\u0631\u06cc\u0627\u0641\u062a \u0686\u06a9 \u0634\u0645\u0627\u0631\u0647 123 \u0628\u0647 \u062a\u0627\u0631\u06cc\u062e \u0633\u0631\u0631\u0633\u06cc\u062f 1398-01-11 \u0627\u0632 \u062d\u0633\u06cc\u0646\u06cc"}}, {"model": "sanads.sanaditem", "pk": 908, "fields": {"financial_year": 1, "sanad": 161, "account": 495, "floatAccount": null, "costCenter": null, "value": "246000000", "valueType": "bes", "explanation": "\u0634\u0645\u0627\u0631\u0647 \u0641\u0627\u06a9\u062a\u0648\u0631: 1 \u062a\u0627\u0631\u06cc\u062e \u0641\u0627\u06a9\u062a\u0648\u0631: 1398-01-17 "}}, {"model": "sanads.sanaditem", "pk": 909, "fields": {"financial_year": 1, "sanad": 161, "account": 238, "floatAccount": null, "costCenter": null, "value": "246000000", "valueType": "bed", "explanation": "\u0634\u0645\u0627\u0631\u0647 \u0641\u0627\u06a9\u062a\u0648\u0631: 1 \u062a\u0627\u0631\u06cc\u062e \u0641\u0627\u06a9\u062a\u0648\u0631: 1398-01-17 "}}, {"model": "sanads.sanaditem", "pk": 912, "fields": {"financial_year": 1, "sanad": 163, "account": 238, "floatAccount": null, "costCenter": null, "value": "3200000", "valueType": "bed", "explanation": ""}}, {"model": "sanads.sanaditem", "pk": 913, "fields": {"financial_year": 1, "sanad": 163, "account": 522, "floatAccount": null, "costCenter": null, "value": "3200000", "valueType": "bes", "explanation": ""}}, {"model": "sanads.sanaditem", "pk": 914, "fields": {"financial_year": 1, "sanad": 167, "account": 492, "floatAccount": null, "costCenter": null, "value": "1600000", "valueType": "bes", "explanation": "\u0634\u0645\u0627\u0631\u0647 \u0641\u0627\u06a9\u062a\u0648\u0631: 2 \u062a\u0627\u0631\u06cc\u062e \u0641\u0627\u06a9\u062a\u0648\u0631: 1398-01-18 "}}, {"model": "sanads.sanaditem", "pk": 915, "fields": {"financial_year": 1, "sanad": 167, "account": 238, "floatAccount": null, "costCenter": null, "value": "1600000", "valueType": "bed", "explanation": "\u0634\u0645\u0627\u0631\u0647 \u0641\u0627\u06a9\u062a\u0648\u0631: 2 \u062a\u0627\u0631\u06cc\u062e \u0641\u0627\u06a9\u062a\u0648\u0631: 1398-01-18 "}}, {"model": "sanads.sanaditem", "pk": 916, "fields": {"financial_year": 1, "sanad": 168, "account": 491, "floatAccount": null, "costCenter": null, "value": "123", "valueType": "bed", "explanation": "\u0628\u0627\u0628\u062a \u062f\u0631\u06cc\u0627\u0641\u062a \u0628\u0627\u0646\u06a9 \u0628\u0647 \u0634\u0645\u0627\u0631\u0647 \u0645\u0633\u062a\u0646\u062f  \u0628\u0647 \u062a\u0627\u0631\u06cc\u062e 1398-01-18"}}, {"model": "sanads.sanaditem", "pk": 917, "fields": {"financial_year": 1, "sanad": 168, "account": 502, "floatAccount": null, "costCenter": null, "value": "123", "valueType": "bes", "explanation": "\u0628\u0627\u0628\u062a \u062f\u0631\u06cc\u0627\u0641\u062a \u0628\u0627\u0646\u06a9 \u0637\u06cc \u062f\u0631\u06cc\u0627\u0641\u062a \u0634\u0645\u0627\u0631\u0647 36"}}, {"model": "sanads.sanaditem", "pk": 918, "fields": {"financial_year": 1, "sanad": 169, "account": 238, "floatAccount": null, "costCenter": null, "value": "500003200000", "valueType": "bed", "explanation": ""}}, {"model": "sanads.sanaditem", "pk": 919, "fields": {"financial_year": 1, "sanad": 169, "account": 522, "floatAccount": null, "costCenter": null, "value": "500003200000", "valueType": "bes", "explanation": ""}}, {"model": "sanads.sanaditem", "pk": 920, "fields": {"financial_year": 1, "sanad": 170, "account": 503, "floatAccount": null, "costCenter": null, "value": "12093334", "valueType": "bed", "explanation": "\u0634\u0645\u0627\u0631\u0647 \u0641\u0627\u06a9\u062a\u0648\u0631: 49 \u062a\u0627\u0631\u06cc\u062e \u0641\u0627\u06a9\u062a\u0648\u0631: 1398-01-13 "}}, {"model": "sanads.sanaditem", "pk": 921, "fields": {"financial_year": 1, "sanad": 170, "account": 498, "floatAccount": null, "costCenter": null, "value": "12093334", "valueType": "bes", "explanation": "\u0634\u0645\u0627\u0631\u0647 \u0641\u0627\u06a9\u062a\u0648\u0631: 49 \u062a\u0627\u0631\u06cc\u062e \u0641\u0627\u06a9\u062a\u0648\u0631: 1398-01-13 "}}, {"model": "sanads.sanaditem", "pk": 922, "fields": {"financial_year": 1, "sanad": 171, "account": 503, "floatAccount": null, "costCenter": null, "value": "220186668", "valueType": "bes", "explanation": "\u0634\u0645\u0627\u0631\u0647 \u0641\u0627\u06a9\u062a\u0648\u0631: 3 \u062a\u0627\u0631\u06cc\u062e \u0641\u0627\u06a9\u062a\u0648\u0631: 1398-01-20 "}}, {"model": "sanads.sanaditem", "pk": 923, "fields": {"financial_year": 1, "sanad": 171, "account": 238, "floatAccount": null, "costCenter": null, "value": "220186668", "valueType": "bed", "explanation": "\u0634\u0645\u0627\u0631\u0647 \u0641\u0627\u06a9\u062a\u0648\u0631: 3 \u062a\u0627\u0631\u06cc\u062e \u0641\u0627\u06a9\u062a\u0648\u0631: 1398-01-20 "}}, {"model": "sanads.sanaditem", "pk": 924, "fields": {"financial_year": 1, "sanad": 172, "account": 503, "floatAccount": null, "costCenter": null, "value": "6000000", "valueType": "bed", "explanation": "\u0634\u0645\u0627\u0631\u0647 \u0641\u0627\u06a9\u062a\u0648\u0631: 50 \u062a\u0627\u0631\u06cc\u062e \u0641\u0627\u06a9\u062a\u0648\u0631: 1398-01-13 "}}, {"model": "sanads.sanaditem", "pk": 925, "fields": {"financial_year": 1, "sanad": 172, "account": 498, "floatAccount": null, "costCenter": null, "value": "6000000", "valueType": "bes", "explanation": "\u0634\u0645\u0627\u0631\u0647 \u0641\u0627\u06a9\u062a\u0648\u0631: 50 \u062a\u0627\u0631\u06cc\u062e \u0641\u0627\u06a9\u062a\u0648\u0631: 1398-01-13 "}}, {"model": "sanads.transaction", "pk": 1, "fields": {"financial_year": 1, "code": 1, "account": 502, "floatAccount": null, "date": "1397-12-28", "explanation": "", "sanad": 2, "created_at": "1397-12-28", "updated_at": "1397-12-28", "type": "receive"}}, {"model": "sanads.transaction", "pk": 2, "fields": {"financial_year": 1, "code": 2, "account": 495, "floatAccount": null, "date": "1398-01-04", "explanation": "", "sanad": 20, "created_at": "1398-01-04", "updated_at": "1398-01-04", "type": "receive"}}, {"model": "sanads.transaction", "pk": 3, "fields": {"financial_year": 1, "code": 3, "account": 496, "floatAccount": null, "date": "1398-01-04", "explanation": "", "sanad": 21, "created_at": "1398-01-04", "updated_at": "1398-01-04", "type": "receive"}}, {"model": "sanads.transaction", "pk": 4, "fields": {"financial_year": 1, "code": 4, "account": 510, "floatAccount": null, "date": "1398-01-06", "explanation": "", "sanad": 23, "created_at": "1398-01-06", "updated_at": "1398-01-06", "type": "receive"}}, {"model": "sanads.transaction", "pk": 5, "fields": {"financial_year": 1, "code": 5, "account": 511, "floatAccount": null, "date": "1398-01-07", "explanation": "\u0627\u062a\u0627\u0642", "sanad": 27, "created_at": "1398-01-07", "updated_at": "1398-01-07", "type": "receive"}}, {"model": "sanads.transaction", "pk": 6, "fields": {"financial_year": 1, "code": 6, "account": 514, "floatAccount": null, "date": "1398-01-07", "explanation": "\u0634\u0645\u0627\u0631\u0647 \u067e\u06cc\u06af\u06cc\u0631\u06cc", "sanad": 31, "created_at": "1398-01-07", "updated_at": "1398-01-07", "type": "receive"}}, {"model": "sanads.transaction", "pk": 7, "fields": {"financial_year": 1, "code": 7, "account": 515, "floatAccount": null, "date": "1398-01-09", "explanation": "", "sanad": 36, "created_at": "1398-01-09", "updated_at": "1398-01-09", "type": "receive"}}, {"model": "sanads.transaction", "pk": 8, "fields": {"financial_year": 1, "code": 8, "account": 495, "floatAccount": null, "date": "1398-01-11", "explanation": "", "sanad": 38, "created_at": "1398-01-11", "updated_at": "1398-01-11", "type": "receive"}}, {"model": "sanads.transaction", "pk": 9, "fields": {"financial_year": 1, "code": 9, "account": 492, "floatAccount": null, "date": "1398-01-11", "explanation": "", "sanad": 39, "created_at": "1398-01-11", "updated_at": "1398-01-11", "type": "receive"}}, {"model": "sanads.transaction", "pk": 10, "fields": {"financial_year": 1, "code": 10, "account": 515, "floatAccount": null, "date": "1398-01-11", "explanation": "", "sanad": 42, "created_at": "1398-01-11", "updated_at": "1398-01-11", "type": "receive"}}, {"model": "sanads.transaction", "pk": 11, "fields": {"financial_year": 1, "code": 11, "account": 515, "floatAccount": null, "date": "1398-01-11", "explanation": "", "sanad": 45, "created_at": "1398-01-11", "updated_at": "1398-01-11", "type": "receive"}}, {"model": "sanads.transaction", "pk": 12, "fields": {"financial_year": 1, "code": 12, "account": 514, "floatAccount": null, "date": "1398-01-11", "explanation": "", "sanad": 48, "created_at": "1398-01-11", "updated_at": "1398-01-11", "type": "receive"}}, {"model": "sanads.transaction", "pk": 13, "fields": {"financial_year": 1, "code": 13, "account": 507, "floatAccount": null, "date": "1398-01-11", "explanation": "", "sanad": 50, "created_at": "1398-01-11", "updated_at": "1398-01-11", "type": "receive"}}, {"model": "sanads.transaction", "pk": 14, "fields": {"financial_year": 1, "code": 14, "account": 495, "floatAccount": null, "date": "1398-01-11", "explanation": "", "sanad": 53, "created_at": "1398-01-11", "updated_at": "1398-01-11", "type": "receive"}}, {"model": "sanads.transaction", "pk": 15, "fields": {"financial_year": 1, "code": 15, "account": 495, "floatAccount": null, "date": "1398-01-11", "explanation": "\u0628\u0644\u0627\u062a\u0646", "sanad": 54, "created_at": "1398-01-11", "updated_at": "1398-01-11", "type": "receive"}}, {"model": "sanads.transaction", "pk": 16, "fields": {"financial_year": 1, "code": 16, "account": 513, "floatAccount": null, "date": "1398-01-12", "explanation": "", "sanad": 58, "created_at": "1398-01-12", "updated_at": "1398-01-12", "type": "receive"}}, {"model": "sanads.transaction", "pk": 17, "fields": {"financial_year": 1, "code": 17, "account": 494, "floatAccount": null, "date": "1398-01-12", "explanation": "", "sanad": 59, "created_at": "1398-01-12", "updated_at": "1398-01-12", "type": "receive"}}, {"model": "sanads.transaction", "pk": 18, "fields": {"financial_year": 1, "code": 18, "account": 494, "floatAccount": null, "date": "1398-01-12", "explanation": "", "sanad": 60, "created_at": "1398-01-12", "updated_at": "1398-01-12", "type": "receive"}}, {"model": "sanads.transaction", "pk": 19, "fields": {"financial_year": 1, "code": 19, "account": 509, "floatAccount": null, "date": "1398-01-12", "explanation": "", "sanad": 64, "created_at": "1398-01-12", "updated_at": "1398-01-12", "type": "receive"}}, {"model": "sanads.transaction", "pk": 20, "fields": {"financial_year": 1, "code": 20, "account": 503, "floatAccount": null, "date": "1398-01-12", "explanation": "", "sanad": 66, "created_at": "1398-01-12", "updated_at": "1398-01-12", "type": "receive"}}, {"model": "sanads.transaction", "pk": 21, "fields": {"financial_year": 1, "code": 21, "account": 503, "floatAccount": null, "date": "1398-01-12", "explanation": "", "sanad": 67, "created_at": "1398-01-12", "updated_at": "1398-01-12", "type": "receive"}}, {"model": "sanads.transaction", "pk": 22, "fields": {"financial_year": 1, "code": 22, "account": 511, "floatAccount": null, "date": "1398-01-12", "explanation": "", "sanad": 89, "created_at": "1398-01-12", "updated_at": "1398-01-12", "type": "receive"}}, {"model": "sanads.transaction", "pk": 23, "fields": {"financial_year": 1, "code": 23, "account": 495, "floatAccount": null, "date": "1398-01-12", "explanation": "", "sanad": 90, "created_at": "1398-01-12", "updated_at": "1398-01-12", "type": "receive"}}, {"model": "sanads.transaction", "pk": 24, "fields": {"financial_year": 1, "code": 24, "account": 511, "floatAccount": null, "date": "1398-01-12", "explanation": "", "sanad": 91, "created_at": "1398-01-12", "updated_at": "1398-01-12", "type": "receive"}}, {"model": "sanads.transaction", "pk": 25, "fields": {"financial_year": 1, "code": 25, "account": 511, "floatAccount": null, "date": "1398-01-12", "explanation": "", "sanad": 92, "created_at": "1398-01-12", "updated_at": "1398-01-12", "type": "receive"}}, {"model": "sanads.transaction", "pk": 26, "fields": {"financial_year": 1, "code": 1, "account": 515, "floatAccount": null, "date": "1398-01-12", "explanation": "", "sanad": 93, "created_at": "1398-01-12", "updated_at": "1398-01-12", "type": "payment"}}, {"model": "sanads.transaction", "pk": 27, "fields": {"financial_year": 1, "code": 26, "account": 504, "floatAccount": null, "date": "1398-01-12", "explanation": "", "sanad": 96, "created_at": "1398-01-12", "updated_at": "1398-01-12", "type": "receive"}}, {"model": "sanads.transaction", "pk": 28, "fields": {"financial_year": 1, "code": 27, "account": 504, "floatAccount": null, "date": "1398-01-12", "explanation": "", "sanad": 97, "created_at": "1398-01-12", "updated_at": "1398-01-12", "type": "receive"}}, {"model": "sanads.transaction", "pk": 29, "fields": {"financial_year": 1, "code": 28, "account": 495, "floatAccount": null, "date": "1398-01-12", "explanation": "", "sanad": 98, "created_at": "1398-01-12", "updated_at": "1398-01-12", "type": "receive"}}, {"model": "sanads.transaction", "pk": 30, "fields": {"financial_year": 1, "code": 29, "account": 504, "floatAccount": null, "date": "1398-01-12", "explanation": "", "sanad": 99, "created_at": "1398-01-12", "updated_at": "1398-01-12", "type": "receive"}}, {"model": "sanads.transaction", "pk": 31, "fields": {"financial_year": 1, "code": 30, "account": 504, "floatAccount": null, "date": "1398-01-12", "explanation": "", "sanad": 100, "created_at": "1398-01-12", "updated_at": "1398-01-12", "type": "receive"}}, {"model": "sanads.transaction", "pk": 32, "fields": {"financial_year": 1, "code": 31, "account": 492, "floatAccount": null, "date": "1398-01-12", "explanation": "", "sanad": 101, "created_at": "1398-01-12", "updated_at": "1398-01-12", "type": "receive"}}, {"model": "sanads.transaction", "pk": 33, "fields": {"financial_year": 1, "code": 32, "account": 511, "floatAccount": null, "date": "1398-01-12", "explanation": "", "sanad": 102, "created_at": "1398-01-12", "updated_at": "1398-01-12", "type": "receive"}}, {"model": "sanads.transaction", "pk": 34, "fields": {"financial_year": 1, "code": 33, "account": 507, "floatAccount": null, "date": "1398-01-12", "explanation": "", "sanad": 103, "created_at": "1398-01-12", "updated_at": "1398-01-12", "type": "receive"}}, {"model": "sanads.transaction", "pk": 35, "fields": {"financial_year": 1, "code": 34, "account": 502, "floatAccount": null, "date": "1398-01-12", "explanation": "", "sanad": 105, "created_at": "1398-01-12", "updated_at": "1398-01-12", "type": "receive"}}, {"model": "sanads.transaction", "pk": 36, "fields": {"financial_year": 1, "code": 35, "account": 503, "floatAccount": null, "date": "1398-01-13", "explanation": "", "sanad": 107, "created_at": "1398-01-13", "updated_at": "1398-01-13", "type": "receive"}}, {"model": "sanads.transaction", "pk": 37, "fields": {"financial_year": 1, "code": 36, "account": 502, "floatAccount": null, "date": "1398-01-18", "explanation": "", "sanad": 168, "created_at": "1398-01-18", "updated_at": "1398-01-18", "type": "receive"}}, {"model": "sanads.transactionitem", "pk": 1, "fields": {"financial_year": 1, "transaction": 1, "account": 491, "floatAccount": null, "cheque": null, "type": 4, "value": "4800000", "date": "1397-12-28", "due": null, "documentNumber": "110", "bankName": "", "explanation": "", "file": ""}}, {"model": "sanads.transactionitem", "pk": 2, "fields": {"financial_year": 1, "transaction": 2, "account": 232, "floatAccount": null, "cheque": null, "type": 5, "value": "2200000", "date": "1398-01-04", "due": null, "documentNumber": "1256", "bankName": "", "explanation": "\u0634\u0645\u0627\u0631\u0647 \u067e\u06cc\u06af\u06cc\u0631\u06cc", "file": ""}}, {"model": "sanads.transactionitem", "pk": 3, "fields": {"financial_year": 1, "transaction": 3, "account": 491, "floatAccount": null, "cheque": null, "type": 4, "value": "1110000", "date": "1398-01-04", "due": null, "documentNumber": "65632", "bankName": "\u0627\u0644", "explanation": "\u0644\u0628", "file": ""}}, {"model": "sanads.transactionitem", "pk": 4, "fields": {"financial_year": 1, "transaction": 3, "account": 232, "floatAccount": null, "cheque": null, "type": 5, "value": "250000", "date": "1398-01-04", "due": null, "documentNumber": "", "bankName": "", "explanation": "\u0630\u062f\u0631", "file": ""}}, {"model": "sanads.transactionitem", "pk": 5, "fields": {"financial_year": 1, "transaction": 3, "account": 233, "floatAccount": null, "cheque": 1, "type": 1, "value": "5000000", "date": "1398-01-04", "due": "1398-01-04", "documentNumber": "111", "bankName": "", "explanation": "", "file": ""}}, {"model": "sanads.transactionitem", "pk": 6, "fields": {"financial_year": 1, "transaction": 4, "account": 232, "floatAccount": null, "cheque": null, "type": 5, "value": "10000", "date": "1398-01-06", "due": null, "documentNumber": "", "bankName": "", "explanation": "\u062f\u0631\u06cc\u0627\u0641\u062a \u0648\u062c\u0647", "file": ""}}, {"model": "sanads.transactionitem", "pk": 7, "fields": {"financial_year": 1, "transaction": 5, "account": 232, "floatAccount": null, "cheque": null, "type": 5, "value": "100000", "date": "1398-01-07", "due": null, "documentNumber": "", "bankName": "", "explanation": "\u067e\u0648\u0644 \u0627\u062a\u0627\u0642", "file": ""}}, {"model": "sanads.transactionitem", "pk": 8, "fields": {"financial_year": 1, "transaction": 6, "account": 232, "floatAccount": null, "cheque": null, "type": 5, "value": "50000", "date": "1398-01-07", "due": null, "documentNumber": "", "bankName": "", "explanation": "\u0634\u0645\u0627\u0631\u0647 \u067e\u06cc\u06af\u06cc\u0631\u06cc \u0628\u0627\u0628\u062a \u067e\u06cc\u0634 \u067e\u0631\u062f\u0627\u062e\u062a", "file": ""}}, {"model": "sanads.transactionitem", "pk": 9, "fields": {"financial_year": 1, "transaction": 7, "account": 491, "floatAccount": null, "cheque": null, "type": 4, "value": "10600000", "date": "1398-01-09", "due": null, "documentNumber": "", "bankName": "", "explanation": "", "file": ""}}, {"model": "sanads.transactionitem", "pk": 10, "fields": {"financial_year": 1, "transaction": 7, "account": 491, "floatAccount": null, "cheque": null, "type": 4, "value": "260000", "date": "1398-01-09", "due": null, "documentNumber": "", "bankName": "", "explanation": "", "file": ""}}, {"model": "sanads.transactionitem", "pk": 11, "fields": {"financial_year": 1, "transaction": 7, "account": 491, "floatAccount": null, "cheque": null, "type": 4, "value": "2600000", "date": "1398-01-09", "due": null, "documentNumber": "", "bankName": "", "explanation": "", "file": ""}}, {"model": "sanads.transactionitem", "pk": 12, "fields": {"financial_year": 1, "transaction": 8, "account": 491, "floatAccount": null, "cheque": null, "type": 4, "value": "12000000", "date": "1398-01-11", "due": null, "documentNumber": "", "bankName": "", "explanation": "", "file": ""}}, {"model": "sanads.transactionitem", "pk": 16, "fields": {"financial_year": 1, "transaction": 9, "account": 491, "floatAccount": null, "cheque": null, "type": 4, "value": "1000000000", "date": "1398-01-11", "due": null, "documentNumber": "", "bankName": "", "explanation": "", "file": ""}}, {"model": "sanads.transactionitem", "pk": 17, "fields": {"financial_year": 1, "transaction": 10, "account": 491, "floatAccount": null, "cheque": null, "type": 4, "value": "260000", "date": "1398-01-11", "due": null, "documentNumber": "", "bankName": "", "explanation": "", "file": ""}}, {"model": "sanads.transactionitem", "pk": 18, "fields": {"financial_year": 1, "transaction": 11, "account": 232, "floatAccount": null, "cheque": null, "type": 5, "value": "400000000", "date": "1398-01-11", "due": null, "documentNumber": "", "bankName": "", "explanation": "", "file": ""}}, {"model": "sanads.transactionitem", "pk": 19, "fields": {"financial_year": 1, "transaction": 12, "account": 232, "floatAccount": null, "cheque": null, "type": 5, "value": "18000000", "date": "1398-01-11", "due": null, "documentNumber": "", "bankName": "", "explanation": "", "file": ""}}, {"model": "sanads.transactionitem", "pk": 20, "fields": {"financial_year": 1, "transaction": 11, "account": 233, "floatAccount": null, "cheque": 4, "type": 1, "value": "10000000", "date": "1398-01-11", "due": "1398-01-11", "documentNumber": "11111", "bankName": "", "explanation": "", "file": ""}}, {"model": "sanads.transactionitem", "pk": 21, "fields": {"financial_year": 1, "transaction": 13, "account": 233, "floatAccount": null, "cheque": 5, "type": 1, "value": "2154100000", "date": "1398-01-11", "due": "1398-01-11", "documentNumber": "111113520", "bankName": "", "explanation": "", "file": ""}}, {"model": "sanads.transactionitem", "pk": 22, "fields": {"financial_year": 1, "transaction": 14, "account": 491, "floatAccount": null, "cheque": null, "type": 4, "value": "3160000", "date": "1398-01-11", "due": null, "documentNumber": "", "bankName": "", "explanation": "", "file": ""}}, {"model": "sanads.transactionitem", "pk": 23, "fields": {"financial_year": 1, "transaction": 15, "account": 232, "floatAccount": null, "cheque": null, "type": 5, "value": "20000", "date": "1398-01-11", "due": null, "documentNumber": "", "bankName": "", "explanation": "", "file": ""}}, {"model": "sanads.transactionitem", "pk": 24, "fields": {"financial_year": 1, "transaction": 16, "account": 232, "floatAccount": null, "cheque": null, "type": 5, "value": "20000", "date": "1398-01-12", "due": null, "documentNumber": "", "bankName": "", "explanation": "", "file": ""}}, {"model": "sanads.transactionitem", "pk": 25, "fields": {"financial_year": 1, "transaction": 16, "account": 491, "floatAccount": null, "cheque": null, "type": 4, "value": "220000", "date": "1398-01-12", "due": null, "documentNumber": "", "bankName": "", "explanation": "", "file": ""}}, {"model": "sanads.transactionitem", "pk": 26, "fields": {"financial_year": 1, "transaction": 16, "account": 491, "floatAccount": null, "cheque": null, "type": 4, "value": "220000", "date": "1398-01-12", "due": null, "documentNumber": "", "bankName": "", "explanation": "", "file": ""}}, {"model": "sanads.transactionitem", "pk": 27, "fields": {"financial_year": 1, "transaction": 17, "account": 232, "floatAccount": null, "cheque": null, "type": 5, "value": "1000000", "date": "1398-01-12", "due": null, "documentNumber": "", "bankName": "", "explanation": "", "file": ""}}, {"model": "sanads.transactionitem", "pk": 28, "fields": {"financial_year": 1, "transaction": 17, "account": 491, "floatAccount": null, "cheque": null, "type": 4, "value": "500000", "date": "1398-01-12", "due": null, "documentNumber": "", "bankName": "", "explanation": "", "file": ""}}, {"model": "sanads.transactionitem", "pk": 29, "fields": {"financial_year": 1, "transaction": 17, "account": 491, "floatAccount": null, "cheque": null, "type": 4, "value": "500000", "date": "1398-01-12", "due": null, "documentNumber": "", "bankName": "", "explanation": "", "file": ""}}, {"model": "sanads.transactionitem", "pk": 30, "fields": {"financial_year": 1, "transaction": 18, "account": 491, "floatAccount": null, "cheque": null, "type": 4, "value": "1412000", "date": "1398-01-12", "due": null, "documentNumber": "4567", "bankName": "", "explanation": "", "file": ""}}, {"model": "sanads.transactionitem", "pk": 31, "fields": {"financial_year": 1, "transaction": 19, "account": 232, "floatAccount": null, "cheque": null, "type": 5, "value": "11000000", "date": "1398-01-12", "due": null, "documentNumber": "", "bankName": "", "explanation": "", "file": ""}}, {"model": "sanads.transactionitem", "pk": 32, "fields": {"financial_year": 1, "transaction": 19, "account": 491, "floatAccount": null, "cheque": null, "type": 4, "value": "200000", "date": "1398-01-12", "due": null, "documentNumber": "", "bankName": "", "explanation": "", "file": ""}}, {"model": "sanads.transactionitem", "pk": 33, "fields": {"financial_year": 1, "transaction": 19, "account": 491, "floatAccount": null, "cheque": null, "type": 4, "value": "200000", "date": "1398-01-12", "due": null, "documentNumber": "", "bankName": "", "explanation": "", "file": ""}}, {"model": "sanads.transactionitem", "pk": 34, "fields": {"financial_year": 1, "transaction": 21, "account": 232, "floatAccount": null, "cheque": null, "type": 5, "value": "14300000", "date": "1398-01-12", "due": null, "documentNumber": "", "bankName": "", "explanation": "", "file": ""}}, {"model": "sanads.transactionitem", "pk": 35, "fields": {"financial_year": 1, "transaction": 21, "account": 491, "floatAccount": null, "cheque": null, "type": 4, "value": "400000", "date": "1398-01-12", "due": null, "documentNumber": "", "bankName": "", "explanation": "", "file": ""}}, {"model": "sanads.transactionitem", "pk": 36, "fields": {"financial_year": 1, "transaction": 21, "account": 491, "floatAccount": null, "cheque": null, "type": 4, "value": "100000", "date": "1398-01-12", "due": null, "documentNumber": "", "bankName": "", "explanation": "", "file": ""}}, {"model": "sanads.transactionitem", "pk": 37, "fields": {"financial_year": 1, "transaction": 23, "account": 232, "floatAccount": null, "cheque": null, "type": 5, "value": "30773435", "date": "1398-01-12", "due": null, "documentNumber": "", "bankName": "", "explanation": "", "file": ""}}, {"model": "sanads.transactionitem", "pk": 38, "fields": {"financial_year": 1, "transaction": 23, "account": 491, "floatAccount": null, "cheque": null, "type": 4, "value": "3800000", "date": "1398-01-12", "due": null, "documentNumber": "", "bankName": "", "explanation": "", "file": ""}}, {"model": "sanads.transactionitem", "pk": 39, "fields": {"financial_year": 1, "transaction": 24, "account": 232, "floatAccount": null, "cheque": null, "type": 5, "value": "23999990", "date": "1398-01-12", "due": null, "documentNumber": "", "bankName": "", "explanation": "", "file": ""}}, {"model": "sanads.transactionitem", "pk": 40, "fields": {"financial_year": 1, "transaction": 25, "account": 232, "floatAccount": null, "cheque": null, "type": 5, "value": "50000000", "date": "1398-01-12", "due": null, "documentNumber": "", "bankName": "", "explanation": "", "file": ""}}, {"model": "sanads.transactionitem", "pk": 41, "fields": {"financial_year": 1, "transaction": 26, "account": 232, "floatAccount": null, "cheque": null, "type": 5, "value": "109999000", "date": "1398-01-12", "due": null, "documentNumber": "", "bankName": "", "explanation": "", "file": ""}}, {"model": "sanads.transactionitem", "pk": 42, "fields": {"financial_year": 1, "transaction": 27, "account": 232, "floatAccount": null, "cheque": null, "type": 5, "value": "4000000", "date": "1398-01-12", "due": null, "documentNumber": "", "bankName": "", "explanation": "", "file": ""}}, {"model": "sanads.transactionitem", "pk": 43, "fields": {"financial_year": 1, "transaction": 27, "account": 491, "floatAccount": null, "cheque": null, "type": 4, "value": "200000", "date": "1398-01-12", "due": null, "documentNumber": "", "bankName": "", "explanation": "", "file": ""}}, {"model": "sanads.transactionitem", "pk": 44, "fields": {"financial_year": 1, "transaction": 28, "account": 232, "floatAccount": null, "cheque": null, "type": 5, "value": "3000000", "date": "1398-01-12", "due": null, "documentNumber": "", "bankName": "", "explanation": "", "file": ""}}, {"model": "sanads.transactionitem", "pk": 45, "fields": {"financial_year": 1, "transaction": 29, "account": 233, "floatAccount": null, "cheque": 6, "type": 1, "value": "1230000000000", "date": "1398-01-12", "due": "1398-01-12", "documentNumber": "111", "bankName": "", "explanation": "", "file": ""}}, {"model": "sanads.transactionitem", "pk": 46, "fields": {"financial_year": 1, "transaction": 30, "account": 233, "floatAccount": null, "cheque": 7, "type": 1, "value": "12300000000", "date": "1398-01-12", "due": "1398-01-12", "documentNumber": "10235325", "bankName": "", "explanation": "", "file": ""}}, {"model": "sanads.transactionitem", "pk": 47, "fields": {"financial_year": 1, "transaction": 31, "account": 233, "floatAccount": null, "cheque": 8, "type": 1, "value": "1200000", "date": "1398-01-12", "due": "1398-01-12", "documentNumber": "111245", "bankName": "", "explanation": "", "file": ""}}, {"model": "sanads.transactionitem", "pk": 48, "fields": {"financial_year": 1, "transaction": 32, "account": 233, "floatAccount": null, "cheque": 9, "type": 1, "value": "100000", "date": "1398-01-12", "due": "1398-01-12", "documentNumber": "11", "bankName": "", "explanation": "", "file": ""}}, {"model": "sanads.transactionitem", "pk": 49, "fields": {"financial_year": 1, "transaction": 32, "account": 233, "floatAccount": null, "cheque": 10, "type": 1, "value": "100000000", "date": "1398-01-12", "due": "1398-01-12", "documentNumber": "9855", "bankName": "", "explanation": "", "file": ""}}, {"model": "sanads.transactionitem", "pk": 50, "fields": {"financial_year": 1, "transaction": 33, "account": 233, "floatAccount": null, "cheque": 11, "type": 1, "value": "12300000", "date": "1398-01-12", "due": "1398-01-12", "documentNumber": "174", "bankName": "", "explanation": "", "file": ""}}, {"model": "sanads.transactionitem", "pk": 51, "fields": {"financial_year": 1, "transaction": 34, "account": 491, "floatAccount": null, "cheque": null, "type": 4, "value": "100000", "date": "1398-01-12", "due": null, "documentNumber": "", "bankName": "", "explanation": "", "file": ""}}, {"model": "sanads.transactionitem", "pk": 52, "fields": {"financial_year": 1, "transaction": 34, "account": 232, "floatAccount": null, "cheque": null, "type": 5, "value": "560000", "date": "1398-01-12", "due": null, "documentNumber": "", "bankName": "", "explanation": "", "file": ""}}, {"model": "sanads.transactionitem", "pk": 53, "fields": {"financial_year": 1, "transaction": 34, "account": 233, "floatAccount": null, "cheque": 12, "type": 1, "value": "652000000", "date": "1398-01-12", "due": "1398-01-12", "documentNumber": "1235", "bankName": "", "explanation": "", "file": ""}}, {"model": "sanads.transactionitem", "pk": 54, "fields": {"financial_year": 1, "transaction": 35, "account": 491, "floatAccount": null, "cheque": null, "type": 4, "value": "6400000", "date": "1398-01-12", "due": null, "documentNumber": "11111", "bankName": "", "explanation": "", "file": ""}}, {"model": "sanads.transactionitem", "pk": 55, "fields": {"financial_year": 1, "transaction": 36, "account": 491, "floatAccount": null, "cheque": null, "type": 4, "value": "7832000", "date": "1398-01-13", "due": null, "documentNumber": "", "bankName": "", "explanation": "", "file": ""}}, {"model": "sanads.transactionitem", "pk": 56, "fields": {"financial_year": 1, "transaction": 36, "account": 232, "floatAccount": null, "cheque": null, "type": 5, "value": "1000000", "date": "1398-01-13", "due": null, "documentNumber": "", "bankName": "", "explanation": "", "file": ""}}, {"model": "sanads.transactionitem", "pk": 57, "fields": {"financial_year": 1, "transaction": 37, "account": 491, "floatAccount": null, "cheque": null, "type": 4, "value": "123", "date": "1398-01-18", "due": null, "documentNumber": "", "bankName": "", "explanation": "", "file": ""}}, {"model": "cheques.cheque", "pk": 1, "fields": {"financial_year": 1, "serial": "111", "chequebook": null, "account": 496, "floatAccount": null, "value": "5000000", "due": "1398-01-04", "date": "1398-01-04", "explanation": "", "status": "notPassed", "received_or_paid": "r", "type": "", "created_at": "1398-01-04", "updated_at": "1398-01-04", "lastAccount": 233, "lastFloatAccount": null, "bankName": null, "branchName": null, "accountNumber": null, "has_transaction": false}}, {"model": "cheques.cheque", "pk": 2, "fields": {"financial_year": 1, "serial": "111", "chequebook": null, "account": 492, "floatAccount": null, "value": "1000000", "due": "1398-01-11", "date": "1398-01-11", "explanation": "", "status": "notPassed", "received_or_paid": "r", "type": "", "created_at": "1398-01-11", "updated_at": "1398-01-11", "lastAccount": 233, "lastFloatAccount": null, "bankName": null, "branchName": null, "accountNumber": null, "has_transaction": true}}, {"model": "cheques.cheque", "pk": 3, "fields": {"financial_year": 1, "serial": "123", "chequebook": null, "account": 492, "floatAccount": null, "value": "1", "due": "1398-01-11", "date": "1398-01-11", "explanation": "", "status": "notPassed", "received_or_paid": "r", "type": "", "created_at": "1398-01-11", "updated_at": "1398-01-11", "lastAccount": 233, "lastFloatAccount": null, "bankName": null, "branchName": null, "accountNumber": null, "has_transaction": false}}, {"model": "cheques.cheque", "pk": 4, "fields": {"financial_year": 1, "serial": "11111", "chequebook": null, "account": 515, "floatAccount": null, "value": "10000000", "due": "1398-01-11", "date": "1398-01-11", "explanation": "", "status": "notPassed", "received_or_paid": "r", "type": "", "created_at": "1398-01-11", "updated_at": "1398-01-11", "lastAccount": 233, "lastFloatAccount": null, "bankName": null, "branchName": null, "accountNumber": null, "has_transaction": true}}, {"model": "cheques.cheque", "pk": 5, "fields": {"financial_year": 1, "serial": "111113520", "chequebook": null, "account": 507, "floatAccount": null, "value": "2154100000", "due": "1398-01-11", "date": "1398-01-11", "explanation": "", "status": "notPassed", "received_or_paid": "r", "type": "", "created_at": "1398-01-11", "updated_at": "1398-01-11", "lastAccount": 233, "lastFloatAccount": null, "bankName": null, "branchName": null, "accountNumber": null, "has_transaction": true}}, {"model": "cheques.cheque", "pk": 6, "fields": {"financial_year": 1, "serial": "111", "chequebook": null, "account": 495, "floatAccount": null, "value": "1230000000000", "due": "1398-01-12", "date": "1398-01-12", "explanation": "", "status": "notPassed", "received_or_paid": "r", "type": "", "created_at": "1398-01-12", "updated_at": "1398-01-12", "lastAccount": 233, "lastFloatAccount": null, "bankName": null, "branchName": null, "accountNumber": null, "has_transaction": true}}, {"model": "cheques.cheque", "pk": 7, "fields": {"financial_year": 1, "serial": "10235325", "chequebook": null, "account": 504, "floatAccount": null, "value": "12300000000", "due": "1398-01-12", "date": "1398-01-12", "explanation": "", "status": "notPassed", "received_or_paid": "r", "type": "", "created_at": "1398-01-12", "updated_at": "1398-01-12", "lastAccount": 233, "lastFloatAccount": null, "bankName": null, "branchName": null, "accountNumber": null, "has_transaction": true}}, {"model": "cheques.cheque", "pk": 8, "fields": {"financial_year": 1, "serial": "111245", "chequebook": null, "account": 504, "floatAccount": null, "value": "1200000", "due": "1398-01-12", "date": "1398-01-12", "explanation": "", "status": "notPassed", "received_or_paid": "r", "type": "", "created_at": "1398-01-12", "updated_at": "1398-01-12", "lastAccount": 233, "lastFloatAccount": null, "bankName": null, "branchName": null, "accountNumber": null, "has_transaction": true}}, {"model": "cheques.cheque", "pk": 9, "fields": {"financial_year": 1, "serial": "11", "chequebook": null, "account": 492, "floatAccount": null, "value": "100000", "due": "1398-01-12", "date": "1398-01-12", "explanation": "", "status": "notPassed", "received_or_paid": "r", "type": "", "created_at": "1398-01-12", "updated_at": "1398-01-12", "lastAccount": 233, "lastFloatAccount": null, "bankName": null, "branchName": null, "accountNumber": null, "has_transaction": true}}, {"model": "cheques.cheque", "pk": 10, "fields": {"financial_year": 1, "serial": "9855", "chequebook": null, "account": 492, "floatAccount": null, "value": "100000000", "due": "1398-01-12", "date": "1398-01-12", "explanation": "", "status": "notPassed", "received_or_paid": "r", "type": "", "created_at": "1398-01-12", "updated_at": "1398-01-12", "lastAccount": 233, "lastFloatAccount": null, "bankName": null, "branchName": null, "accountNumber": null, "has_transaction": true}}, {"model": "cheques.cheque", "pk": 11, "fields": {"financial_year": 1, "serial": "174", "chequebook": null, "account": 511, "floatAccount": null, "value": "12300000", "due": "1398-01-12", "date": "1398-01-12", "explanation": "", "status": "notPassed", "received_or_paid": "r", "type": "", "created_at": "1398-01-12", "updated_at": "1398-01-12", "lastAccount": 233, "lastFloatAccount": null, "bankName": null, "branchName": null, "accountNumber": null, "has_transaction": true}}, {"model": "cheques.cheque", "pk": 12, "fields": {"financial_year": 1, "serial": "1235", "chequebook": null, "account": 507, "floatAccount": null, "value": "652000000", "due": "1398-01-12", "date": "1398-01-12", "explanation": "", "status": "notPassed", "received_or_paid": "r", "type": "", "created_at": "1398-01-12", "updated_at": "1398-01-12", "lastAccount": 233, "lastFloatAccount": null, "bankName": null, "branchName": null, "accountNumber": null, "has_transaction": true}}, {"model": "cheques.statuschange", "pk": 1, "fields": {"financial_year": 1, "cheque": 1, "sanad": 22, "bedAccount": 233, "bedFloatAccount": null, "besAccount": 496, "besFloatAccount": null, "date": "1398-01-04", "explanation": "", "transferNumber": null, "fromStatus": "blank", "toStatus": "notPassed", "created_at": "1398-01-04", "updated_at": "1398-01-04"}}, {"model": "cheques.statuschange", "pk": 2, "fields": {"financial_year": 1, "cheque": 2, "sanad": 40, "bedAccount": 233, "bedFloatAccount": null, "besAccount": 492, "besFloatAccount": null, "date": "1398-01-11", "explanation": "", "transferNumber": null, "fromStatus": "blank", "toStatus": "notPassed", "created_at": "1398-01-11", "updated_at": "1398-01-11"}}, {"model": "cheques.statuschange", "pk": 3, "fields": {"financial_year": 1, "cheque": 3, "sanad": 41, "bedAccount": 233, "bedFloatAccount": null, "besAccount": 492, "besFloatAccount": null, "date": "1398-01-11", "explanation": "", "transferNumber": null, "fromStatus": "blank", "toStatus": "notPassed", "created_at": "1398-01-11", "updated_at": "1398-01-11"}}, {"model": "cheques.statuschange", "pk": 4, "fields": {"financial_year": 1, "cheque": 4, "sanad": 49, "bedAccount": 233, "bedFloatAccount": null, "besAccount": 515, "besFloatAccount": null, "date": "1398-01-11", "explanation": "", "transferNumber": null, "fromStatus": "blank", "toStatus": "notPassed", "created_at": "1398-01-11", "updated_at": "1398-01-11"}}, {"model": "cheques.statuschange", "pk": 5, "fields": {"financial_year": 1, "cheque": 5, "sanad": 51, "bedAccount": 233, "bedFloatAccount": null, "besAccount": 507, "besFloatAccount": null, "date": "1398-01-11", "explanation": "", "transferNumber": null, "fromStatus": "blank", "toStatus": "notPassed", "created_at": "1398-01-11", "updated_at": "1398-01-11"}}, {"model": "cheques.statuschange", "pk": 6, "fields": {"financial_year": 1, "cheque": 6, "sanad": null, "bedAccount": 233, "bedFloatAccount": null, "besAccount": 495, "besFloatAccount": null, "date": "1398-01-12", "explanation": "", "transferNumber": null, "fromStatus": "blank", "toStatus": "notPassed", "created_at": "1398-01-12", "updated_at": "1398-01-12"}}, {"model": "cheques.statuschange", "pk": 7, "fields": {"financial_year": 1, "cheque": 7, "sanad": null, "bedAccount": 233, "bedFloatAccount": null, "besAccount": 504, "besFloatAccount": null, "date": "1398-01-12", "explanation": "", "transferNumber": null, "fromStatus": "blank", "toStatus": "notPassed", "created_at": "1398-01-12", "updated_at": "1398-01-12"}}, {"model": "cheques.statuschange", "pk": 8, "fields": {"financial_year": 1, "cheque": 8, "sanad": null, "bedAccount": 233, "bedFloatAccount": null, "besAccount": 504, "besFloatAccount": null, "date": "1398-01-12", "explanation": "", "transferNumber": null, "fromStatus": "blank", "toStatus": "notPassed", "created_at": "1398-01-12", "updated_at": "1398-01-12"}}, {"model": "cheques.statuschange", "pk": 9, "fields": {"financial_year": 1, "cheque": 9, "sanad": null, "bedAccount": 233, "bedFloatAccount": null, "besAccount": 492, "besFloatAccount": null, "date": "1398-01-12", "explanation": "", "transferNumber": null, "fromStatus": "blank", "toStatus": "notPassed", "created_at": "1398-01-12", "updated_at": "1398-01-12"}}, {"model": "cheques.statuschange", "pk": 10, "fields": {"financial_year": 1, "cheque": 10, "sanad": null, "bedAccount": 233, "bedFloatAccount": null, "besAccount": 492, "besFloatAccount": null, "date": "1398-01-12", "explanation": "", "transferNumber": null, "fromStatus": "blank", "toStatus": "notPassed", "created_at": "1398-01-12", "updated_at": "1398-01-12"}}, {"model": "cheques.statuschange", "pk": 11, "fields": {"financial_year": 1, "cheque": 11, "sanad": null, "bedAccount": 233, "bedFloatAccount": null, "besAccount": 511, "besFloatAccount": null, "date": "1398-01-12", "explanation": "", "transferNumber": null, "fromStatus": "blank", "toStatus": "notPassed", "created_at": "1398-01-12", "updated_at": "1398-01-12"}}, {"model": "cheques.statuschange", "pk": 12, "fields": {"financial_year": 1, "cheque": 12, "sanad": null, "bedAccount": 233, "bedFloatAccount": null, "besAccount": 507, "besFloatAccount": null, "date": "1398-01-12", "explanation": "", "transferNumber": null, "fromStatus": "blank", "toStatus": "notPassed", "created_at": "1398-01-12", "updated_at": "1398-01-12"}}, {"model": "factors.factor", "pk": 15, "fields": {"financial_year": 1, "code": 1, "sanad": 16, "account": 492, "floatAccount": null, "explanation": "", "type": "sale", "paidValue": "2000000", "bijak": null, "date": "1398-01-04", "time": "13:03:00", "created_at": "1398-01-11", "updated_at": "1398-01-04", "discountValue": "0", "discountPercent": 0, "taxValue": "0", "taxPercent": 0}}, {"model": "factors.factor", "pk": 16, "fields": {"financial_year": 1, "code": 2, "sanad": 17, "account": 492, "floatAccount": null, "explanation": "\u0634\u0634\u0633\u06cc\u0634\u0633\u06cc\u0634\u0633\u06cc", "type": "sale", "paidValue": "3060000", "bijak": null, "date": "1398-01-04", "time": "14:03:00", "created_at": "1398-01-11", "updated_at": "1398-01-04", "discountValue": "0", "discountPercent": 0, "taxValue": "0", "taxPercent": 0}}, {"model": "factors.factor", "pk": 17, "fields": {"financial_year": 1, "code": 3, "sanad": 18, "account": 492, "floatAccount": null, "explanation": "\u062a\u0627\u0627\u0627\u0627\u062a\u0627\u062a", "type": "sale", "paidValue": "200000", "bijak": null, "date": "1398-01-04", "time": "13:03:00", "created_at": "1398-01-11", "updated_at": "1398-01-04", "discountValue": "0", "discountPercent": 0, "taxValue": "0", "taxPercent": 0}}, {"model": "factors.factor", "pk": 18, "fields": {"financial_year": 1, "code": 4, "sanad": 19, "account": 495, "floatAccount": null, "explanation": "\u0646\u0627\u0647\u0627\u0631 \u0648 \u0627\u062a\u0627\u0642", "type": "sale", "paidValue": "3000000", "bijak": null, "date": "1398-01-04", "time": "14:03:00", "created_at": "1398-01-04", "updated_at": "1398-01-04", "discountValue": "0", "discountPercent": 0, "taxValue": "0", "taxPercent": 0}}, {"model": "factors.factor", "pk": 19, "fields": {"financial_year": 1, "code": 5, "sanad": 24, "account": 510, "floatAccount": null, "explanation": "", "type": "sale", "paidValue": "0", "bijak": null, "date": "1398-01-06", "time": "17:03:00", "created_at": "1398-01-06", "updated_at": "1398-01-06", "discountValue": "0", "discountPercent": 0, "taxValue": "0", "taxPercent": 0}}, {"model": "factors.factor", "pk": 20, "fields": {"financial_year": 1, "code": 6, "sanad": 25, "account": 510, "floatAccount": null, "explanation": "", "type": "sale", "paidValue": "0", "bijak": null, "date": "1398-01-06", "time": "17:03:00", "created_at": "1398-01-06", "updated_at": "1398-01-06", "discountValue": "0", "discountPercent": 0, "taxValue": "0", "taxPercent": 0}}, {"model": "factors.factor", "pk": 21, "fields": {"financial_year": 1, "code": 7, "sanad": 26, "account": 510, "floatAccount": null, "explanation": "\u0642\u0647\u0648\u0647 \u0644\u0644\u0628\u06cc\u0628\u06cc\u0633\u06cc\u0628", "type": "sale", "paidValue": "0", "bijak": null, "date": "1398-01-06", "time": "17:03:00", "created_at": "1398-01-06", "updated_at": "1398-01-06", "discountValue": "0", "discountPercent": 0, "taxValue": "0", "taxPercent": 0}}, {"model": "factors.factor", "pk": 22, "fields": {"financial_year": 1, "code": 8, "sanad": 28, "account": 511, "floatAccount": null, "explanation": "", "type": "sale", "paidValue": "6000000", "bijak": null, "date": "1398-01-07", "time": "11:03:00", "created_at": "1398-01-12", "updated_at": "1398-01-07", "discountValue": "0", "discountPercent": 0, "taxValue": "0", "taxPercent": 0}}, {"model": "factors.factor", "pk": 23, "fields": {"financial_year": 1, "code": 9, "sanad": 29, "account": 514, "floatAccount": null, "explanation": "\u062a\u062a\u062a\u062a\u062a", "type": "sale", "paidValue": "0", "bijak": null, "date": "1398-01-07", "time": "16:03:00", "created_at": "1398-01-07", "updated_at": "1398-01-07", "discountValue": "0", "discountPercent": 0, "taxValue": "0", "taxPercent": 0}}, {"model": "factors.factor", "pk": 25, "fields": {"financial_year": 1, "code": 1, "sanad": 32, "account": 514, "floatAccount": null, "explanation": "\u0628\u0627\u0628\u062a \u0644\u063a\u0648 \u0631\u0632\u0631\u0648", "type": "backFromSale", "paidValue": "0", "bijak": null, "date": "1398-01-07", "time": "16:03:00", "created_at": "1398-01-07", "updated_at": "1398-01-07", "discountValue": "0", "discountPercent": 0, "taxValue": "0", "taxPercent": 0}}, {"model": "factors.factor", "pk": 26, "fields": {"financial_year": 1, "code": 10, "sanad": 33, "account": 514, "floatAccount": null, "explanation": "", "type": "sale", "paidValue": "0", "bijak": null, "date": "1398-01-04", "time": "10:03:00", "created_at": "1398-01-07", "updated_at": "1398-01-07", "discountValue": "0", "discountPercent": 0, "taxValue": "0", "taxPercent": 0}}, {"model": "factors.factor", "pk": 27, "fields": {"financial_year": 1, "code": 11, "sanad": 34, "account": 505, "floatAccount": null, "explanation": "", "type": "sale", "paidValue": "0", "bijak": null, "date": "1398-01-09", "time": "20:03:00", "created_at": "1398-01-09", "updated_at": "1398-01-09", "discountValue": "0", "discountPercent": 0, "taxValue": "0", "taxPercent": 0}}, {"model": "factors.factor", "pk": 28, "fields": {"financial_year": 1, "code": 12, "sanad": 35, "account": 515, "floatAccount": null, "explanation": "", "type": "sale", "paidValue": "13200000", "bijak": null, "date": "1398-01-09", "time": "20:03:00", "created_at": "1398-01-11", "updated_at": "1398-01-09", "discountValue": "1100000", "discountPercent": 0, "taxValue": "0", "taxPercent": 0}}, {"model": "factors.factor", "pk": 29, "fields": {"financial_year": 1, "code": 13, "sanad": 37, "account": 515, "floatAccount": null, "explanation": "", "type": "sale", "paidValue": "260000", "bijak": null, "date": "1398-01-09", "time": "21:03:00", "created_at": "1398-01-11", "updated_at": "1398-01-09", "discountValue": "0", "discountPercent": 0, "taxValue": "0", "taxPercent": 0}}, {"model": "factors.factor", "pk": 30, "fields": {"financial_year": 1, "code": 14, "sanad": 43, "account": 515, "floatAccount": null, "explanation": "", "type": "sale", "paidValue": "0", "bijak": null, "date": "1398-01-04", "time": "13:03:00", "created_at": "1398-01-11", "updated_at": "1398-01-11", "discountValue": "0", "discountPercent": 0, "taxValue": "0", "taxPercent": 0}}, {"model": "factors.factor", "pk": 31, "fields": {"financial_year": 1, "code": 15, "sanad": 44, "account": 515, "floatAccount": null, "explanation": "", "type": "sale", "paidValue": "400000000", "bijak": null, "date": "1398-01-04", "time": "13:03:00", "created_at": "1398-01-11", "updated_at": "1398-01-11", "discountValue": "0", "discountPercent": 0, "taxValue": "0", "taxPercent": 0}}, {"model": "factors.factor", "pk": 32, "fields": {"financial_year": 1, "code": 16, "sanad": 46, "account": 506, "floatAccount": null, "explanation": "", "type": "sale", "paidValue": "0", "bijak": null, "date": "1398-01-11", "time": "21:03:00", "created_at": "1398-01-11", "updated_at": "1398-01-11", "discountValue": "0", "discountPercent": 0, "taxValue": "0", "taxPercent": 0}}, {"model": "factors.factor", "pk": 33, "fields": {"financial_year": 1, "code": 17, "sanad": 47, "account": 514, "floatAccount": null, "explanation": "", "type": "sale", "paidValue": "18000000", "bijak": null, "date": "1398-01-11", "time": "21:03:00", "created_at": "1398-01-11", "updated_at": "1398-01-11", "discountValue": "0", "discountPercent": 0, "taxValue": "0", "taxPercent": 0}}, {"model": "factors.factor", "pk": 34, "fields": {"financial_year": 1, "code": 18, "sanad": 52, "account": 495, "floatAccount": null, "explanation": "", "type": "sale", "paidValue": "3170000", "bijak": null, "date": "1398-01-11", "time": "21:03:00", "created_at": "1398-01-11", "updated_at": "1398-01-11", "discountValue": "0", "discountPercent": 0, "taxValue": "0", "taxPercent": 0}}, {"model": "factors.factor", "pk": 35, "fields": {"financial_year": 1, "code": 19, "sanad": 55, "account": 502, "floatAccount": null, "explanation": "", "type": "sale", "paidValue": "0", "bijak": null, "date": "1398-01-12", "time": "10:04:00", "created_at": "1398-01-12", "updated_at": "1398-01-12", "discountValue": "0", "discountPercent": 0, "taxValue": "0", "taxPercent": 0}}, {"model": "factors.factor", "pk": 36, "fields": {"financial_year": 1, "code": 20, "sanad": 56, "account": 494, "floatAccount": null, "explanation": "", "type": "sale", "paidValue": "2912000", "bijak": null, "date": "1398-01-12", "time": "11:04:00", "created_at": "1398-01-12", "updated_at": "1398-01-12", "discountValue": "0", "discountPercent": 0, "taxValue": "0", "taxPercent": 0}}, {"model": "factors.factor", "pk": 37, "fields": {"financial_year": 1, "code": 21, "sanad": 57, "account": 513, "floatAccount": null, "explanation": "", "type": "sale", "paidValue": "240000", "bijak": null, "date": "1398-01-12", "time": "12:04:00", "created_at": "1398-01-12", "updated_at": "1398-01-12", "discountValue": "0", "discountPercent": 0, "taxValue": "0", "taxPercent": 0}}, {"model": "factors.factor", "pk": 38, "fields": {"financial_year": 1, "code": 22, "sanad": 61, "account": 510, "floatAccount": null, "explanation": "", "type": "sale", "paidValue": "0", "bijak": null, "date": "1398-01-12", "time": "12:04:00", "created_at": "1398-01-12", "updated_at": "1398-01-12", "discountValue": "0", "discountPercent": 5, "taxValue": "0", "taxPercent": 0}}, {"model": "factors.factor", "pk": 39, "fields": {"financial_year": 1, "code": 23, "sanad": 62, "account": 510, "floatAccount": null, "explanation": "", "type": "sale", "paidValue": "0", "bijak": null, "date": "1398-01-12", "time": "12:04:00", "created_at": "1398-01-12", "updated_at": "1398-01-12", "discountValue": "0", "discountPercent": 5, "taxValue": "0", "taxPercent": 0}}, {"model": "factors.factor", "pk": 40, "fields": {"financial_year": 1, "code": 24, "sanad": 63, "account": 509, "floatAccount": null, "explanation": "", "type": "sale", "paidValue": "11200000", "bijak": null, "date": "1398-01-12", "time": "12:04:00", "created_at": "1398-01-12", "updated_at": "1398-01-12", "discountValue": "0", "discountPercent": 5, "taxValue": "0", "taxPercent": 0}}, {"model": "factors.factor", "pk": 41, "fields": {"financial_year": 1, "code": 25, "sanad": 65, "account": 503, "floatAccount": null, "explanation": "", "type": "sale", "paidValue": "14800000", "bijak": null, "date": "1398-01-12", "time": "13:04:00", "created_at": "1398-01-12", "updated_at": "1398-01-12", "discountValue": "0", "discountPercent": 0, "taxValue": "0", "taxPercent": 0}}, {"model": "factors.factor", "pk": 42, "fields": {"financial_year": 1, "code": 26, "sanad": 68, "account": 503, "floatAccount": null, "explanation": "", "type": "sale", "paidValue": "0", "bijak": null, "date": "1398-01-12", "time": "13:04:00", "created_at": "1398-01-12", "updated_at": "1398-01-12", "discountValue": "0", "discountPercent": 0, "taxValue": "0", "taxPercent": 0}}, {"model": "factors.factor", "pk": 43, "fields": {"financial_year": 1, "code": 27, "sanad": 69, "account": 503, "floatAccount": null, "explanation": "", "type": "sale", "paidValue": "0", "bijak": null, "date": "1398-01-12", "time": "13:04:00", "created_at": "1398-01-12", "updated_at": "1398-01-12", "discountValue": "600000", "discountPercent": 0, "taxValue": "0", "taxPercent": 0}}, {"model": "factors.factor", "pk": 44, "fields": {"financial_year": 1, "code": 28, "sanad": 70, "account": 512, "floatAccount": null, "explanation": "", "type": "sale", "paidValue": "0", "bijak": null, "date": "1398-01-12", "time": "13:04:00", "created_at": "1398-01-12", "updated_at": "1398-01-12", "discountValue": "150000", "discountPercent": 0, "taxValue": "0", "taxPercent": 0}}, {"model": "factors.factor", "pk": 45, "fields": {"financial_year": 1, "code": 29, "sanad": 71, "account": 513, "floatAccount": null, "explanation": "", "type": "sale", "paidValue": "0", "bijak": null, "date": "1398-01-12", "time": "13:04:00", "created_at": "1398-01-12", "updated_at": "1398-01-12", "discountValue": "579000", "discountPercent": 0, "taxValue": "0", "taxPercent": 0}}, {"model": "factors.factor", "pk": 46, "fields": {"financial_year": 1, "code": 30, "sanad": 72, "account": 504, "floatAccount": null, "explanation": "", "type": "sale", "paidValue": "0", "bijak": null, "date": "1398-01-12", "time": "13:04:00", "created_at": "1398-01-12", "updated_at": "1398-01-12", "discountValue": "0", "discountPercent": 7, "taxValue": "0", "taxPercent": 0}}, {"model": "factors.factor", "pk": 47, "fields": {"financial_year": 1, "code": 31, "sanad": 73, "account": 492, "floatAccount": null, "explanation": "", "type": "sale", "paidValue": "19010", "bijak": null, "date": "1398-01-12", "time": "13:04:00", "created_at": "1398-01-12", "updated_at": "1398-01-12", "discountValue": "0", "discountPercent": 0, "taxValue": "0", "taxPercent": 0}}, {"model": "factors.factor", "pk": 48, "fields": {"financial_year": 1, "code": 32, "sanad": 74, "account": 495, "floatAccount": null, "explanation": "", "type": "sale", "paidValue": "0", "bijak": null, "date": "1398-01-12", "time": "13:04:00", "created_at": "1398-01-12", "updated_at": "1398-01-12", "discountValue": "0", "discountPercent": 0, "taxValue": "0", "taxPercent": 0}}, {"model": "factors.factor", "pk": 49, "fields": {"financial_year": 1, "code": 33, "sanad": 75, "account": 514, "floatAccount": null, "explanation": "", "type": "sale", "paidValue": "0", "bijak": null, "date": "1398-01-12", "time": "13:04:00", "created_at": "1398-01-12", "updated_at": "1398-01-12", "discountValue": "0", "discountPercent": 0, "taxValue": "0", "taxPercent": 0}}, {"model": "factors.factor", "pk": 50, "fields": {"financial_year": 1, "code": 34, "sanad": 76, "account": 513, "floatAccount": null, "explanation": "", "type": "sale", "paidValue": "0", "bijak": null, "date": "1398-01-12", "time": "13:04:00", "created_at": "1398-01-12", "updated_at": "1398-01-12", "discountValue": "40000", "discountPercent": 0, "taxValue": "0", "taxPercent": 0}}, {"model": "factors.factor", "pk": 52, "fields": {"financial_year": 1, "code": 35, "sanad": 78, "account": 512, "floatAccount": null, "explanation": "", "type": "sale", "paidValue": "0", "bijak": null, "date": "1398-01-12", "time": "13:04:00", "created_at": "1398-01-12", "updated_at": "1398-01-12", "discountValue": "40000", "discountPercent": 0, "taxValue": "0", "taxPercent": 0}}, {"model": "factors.factor", "pk": 53, "fields": {"financial_year": 1, "code": 36, "sanad": 79, "account": 512, "floatAccount": null, "explanation": "", "type": "sale", "paidValue": "0", "bijak": null, "date": "1398-01-12", "time": "13:04:00", "created_at": "1398-01-12", "updated_at": "1398-01-12", "discountValue": "0", "discountPercent": 6, "taxValue": "0", "taxPercent": 0}}, {"model": "factors.factor", "pk": 54, "fields": {"financial_year": 1, "code": 37, "sanad": 80, "account": 513, "floatAccount": null, "explanation": "", "type": "sale", "paidValue": "0", "bijak": null, "date": "1398-01-12", "time": "13:04:00", "created_at": "1398-01-12", "updated_at": "1398-01-12", "discountValue": "60000", "discountPercent": 0, "taxValue": "0", "taxPercent": 0}}, {"model": "factors.factor", "pk": 55, "fields": {"financial_year": 1, "code": 38, "sanad": 81, "account": 513, "floatAccount": null, "explanation": "", "type": "sale", "paidValue": "0", "bijak": null, "date": "1398-01-12", "time": "13:04:00", "created_at": "1398-01-12", "updated_at": "1398-01-12", "discountValue": "0", "discountPercent": 0, "taxValue": "0", "taxPercent": 0}}, {"model": "factors.factor", "pk": 56, "fields": {"financial_year": 1, "code": 39, "sanad": 82, "account": 512, "floatAccount": null, "explanation": "", "type": "sale", "paidValue": "0", "bijak": null, "date": "1398-01-12", "time": "13:04:00", "created_at": "1398-01-12", "updated_at": "1398-01-12", "discountValue": "0", "discountPercent": 9, "taxValue": "0", "taxPercent": 0}}, {"model": "factors.factor", "pk": 57, "fields": {"financial_year": 1, "code": 40, "sanad": 83, "account": 503, "floatAccount": null, "explanation": "", "type": "sale", "paidValue": "0", "bijak": null, "date": "1398-01-12", "time": "13:04:00", "created_at": "1398-01-12", "updated_at": "1398-01-12", "discountValue": "0", "discountPercent": 0, "taxValue": "0", "taxPercent": 0}}, {"model": "factors.factor", "pk": 58, "fields": {"financial_year": 1, "code": 41, "sanad": 84, "account": 514, "floatAccount": null, "explanation": "", "type": "sale", "paidValue": "0", "bijak": null, "date": "1398-01-12", "time": "13:04:00", "created_at": "1398-01-12", "updated_at": "1398-01-12", "discountValue": "0", "discountPercent": 10, "taxValue": "0", "taxPercent": 0}}, {"model": "factors.factor", "pk": 59, "fields": {"financial_year": 1, "code": 42, "sanad": 85, "account": 504, "floatAccount": null, "explanation": "", "type": "sale", "paidValue": "0", "bijak": null, "date": "1398-01-12", "time": "13:04:00", "created_at": "1398-01-12", "updated_at": "1398-01-12", "discountValue": "0", "discountPercent": 0, "taxValue": "0", "taxPercent": 0}}, {"model": "factors.factor", "pk": 60, "fields": {"financial_year": 1, "code": 43, "sanad": 86, "account": 510, "floatAccount": null, "explanation": "", "type": "sale", "paidValue": "0", "bijak": null, "date": "1398-01-12", "time": "13:04:00", "created_at": "1398-01-12", "updated_at": "1398-01-12", "discountValue": "0", "discountPercent": 0, "taxValue": "0", "taxPercent": 0}}, {"model": "factors.factor", "pk": 61, "fields": {"financial_year": 1, "code": 44, "sanad": 87, "account": 495, "floatAccount": null, "explanation": "", "type": "sale", "paidValue": "34573435", "bijak": null, "date": "1398-01-12", "time": "13:04:00", "created_at": "1398-01-12", "updated_at": "1398-01-12", "discountValue": "434565", "discountPercent": 0, "taxValue": "0", "taxPercent": 0}}, {"model": "factors.factor", "pk": 62, "fields": {"financial_year": 1, "code": 45, "sanad": 88, "account": 511, "floatAccount": null, "explanation": "", "type": "sale", "paidValue": "23999990", "bijak": null, "date": "1398-01-12", "time": "13:04:00", "created_at": "1398-01-12", "updated_at": "1398-01-12", "discountValue": "0", "discountPercent": 0, "taxValue": "0", "taxPercent": 0}}, {"model": "factors.factor", "pk": 64, "fields": {"financial_year": 1, "code": 46, "sanad": 95, "account": 504, "floatAccount": null, "explanation": "", "type": "sale", "paidValue": "4500000", "bijak": null, "date": "1398-01-12", "time": "21:04:00", "created_at": "1398-01-12", "updated_at": "1398-01-12", "discountValue": "0", "discountPercent": 8, "taxValue": "0", "taxPercent": 0}}, {"model": "factors.factor", "pk": 65, "fields": {"financial_year": 1, "code": 47, "sanad": 104, "account": 502, "floatAccount": null, "explanation": "", "type": "sale", "paidValue": "6400000", "bijak": null, "date": "1398-01-12", "time": "21:04:00", "created_at": "1398-01-12", "updated_at": "1398-01-12", "discountValue": "0", "discountPercent": 0, "taxValue": "0", "taxPercent": 0}}, {"model": "factors.factor", "pk": 66, "fields": {"financial_year": 1, "code": 48, "sanad": 106, "account": 503, "floatAccount": null, "explanation": "", "type": "sale", "paidValue": "8832000", "bijak": null, "date": "1398-01-13", "time": "11:04:00", "created_at": "1398-01-13", "updated_at": "1398-01-13", "discountValue": "0", "discountPercent": 8, "taxValue": "0", "taxPercent": 0}}, {"model": "factors.factor", "pk": 67, "fields": {"financial_year": 1, "code": 1, "sanad": 161, "account": 495, "floatAccount": null, "explanation": "", "type": "buy", "paidValue": "0", "bijak": null, "date": "1398-01-17", "time": "14:04:00", "created_at": "1398-01-17", "updated_at": "1398-01-17", "discountValue": "0", "discountPercent": 0, "taxValue": "0", "taxPercent": 0}}, {"model": "factors.factor", "pk": 69, "fields": {"financial_year": 1, "code": 0, "sanad": 169, "account": 522, "floatAccount": null, "explanation": "", "type": "fpi", "paidValue": "0", "bijak": null, "date": "1398-01-17", "time": "16:04:00", "created_at": "1398-01-20", "updated_at": "1398-01-17", "discountValue": "0", "discountPercent": 0, "taxValue": "0", "taxPercent": 0}}, {"model": "factors.factor", "pk": 70, "fields": {"financial_year": 1, "code": 2, "sanad": 167, "account": 492, "floatAccount": null, "explanation": "", "type": "buy", "paidValue": "0", "bijak": null, "date": "1398-01-18", "time": "18:04:00", "created_at": "1398-01-18", "updated_at": "1398-01-18", "discountValue": "0", "discountPercent": 0, "taxValue": "0", "taxPercent": 0}}, {"model": "factors.factor", "pk": 71, "fields": {"financial_year": 1, "code": 49, "sanad": 170, "account": 503, "floatAccount": null, "explanation": "", "type": "sale", "paidValue": "0", "bijak": null, "date": "1398-01-13", "time": "11:04:00", "created_at": "1398-01-20", "updated_at": "1398-01-20", "discountValue": "0", "discountPercent": 0, "taxValue": "0", "taxPercent": 0}}, {"model": "factors.factor", "pk": 72, "fields": {"financial_year": 1, "code": 3, "sanad": 171, "account": 503, "floatAccount": null, "explanation": "", "type": "buy", "paidValue": "0", "bijak": null, "date": "1398-01-20", "time": "16:04:00", "created_at": "1398-01-20", "updated_at": "1398-01-20", "discountValue": "0", "discountPercent": 0, "taxValue": "0", "taxPercent": 0}}, {"model": "factors.factor", "pk": 73, "fields": {"financial_year": 1, "code": 50, "sanad": 172, "account": 503, "floatAccount": null, "explanation": "", "type": "sale", "paidValue": "0", "bijak": null, "date": "1398-01-13", "time": "11:04:00", "created_at": "1398-01-20", "updated_at": "1398-01-20", "discountValue": "0", "discountPercent": 0, "taxValue": "0", "taxPercent": 0}}, {"model": "factors.factorpayment", "pk": 2, "fields": {"financial_year": 1, "factor": 18, "transaction": 2, "value": "3000000"}}, {"model": "factors.factorpayment", "pk": 3, "fields": {"financial_year": 1, "factor": 28, "transaction": 8, "value": "13200000"}}, {"model": "factors.factorpayment", "pk": 4, "fields": {"financial_year": 1, "factor": 15, "transaction": 9, "value": "2000000"}}, {"model": "factors.factorpayment", "pk": 5, "fields": {"financial_year": 1, "factor": 16, "transaction": 9, "value": "3060000"}}, {"model": "factors.factorpayment", "pk": 6, "fields": {"financial_year": 1, "factor": 17, "transaction": 9, "value": "200000"}}, {"model": "factors.factorpayment", "pk": 7, "fields": {"financial_year": 1, "factor": 29, "transaction": 10, "value": "260000"}}, {"model": "factors.factorpayment", "pk": 8, "fields": {"financial_year": 1, "factor": 31, "transaction": 11, "value": "400000000"}}, {"model": "factors.factorpayment", "pk": 9, "fields": {"financial_year": 1, "factor": 33, "transaction": 12, "value": "18000000"}}, {"model": "factors.factorpayment", "pk": 10, "fields": {"financial_year": 1, "factor": 34, "transaction": 14, "value": "3150000"}}, {"model": "factors.factorpayment", "pk": 11, "fields": {"financial_year": 1, "factor": 34, "transaction": 15, "value": "20000"}}, {"model": "factors.factorpayment", "pk": 12, "fields": {"financial_year": 1, "factor": 37, "transaction": 16, "value": "240000"}}, {"model": "factors.factorpayment", "pk": 13, "fields": {"financial_year": 1, "factor": 36, "transaction": 17, "value": "1500000"}}, {"model": "factors.factorpayment", "pk": 14, "fields": {"financial_year": 1, "factor": 36, "transaction": 18, "value": "1412000"}}, {"model": "factors.factorpayment", "pk": 15, "fields": {"financial_year": 1, "factor": 40, "transaction": 19, "value": "11200000"}}, {"model": "factors.factorpayment", "pk": 16, "fields": {"financial_year": 1, "factor": 41, "transaction": 21, "value": "14800000"}}, {"model": "factors.factorpayment", "pk": 17, "fields": {"financial_year": 1, "factor": 61, "transaction": 23, "value": "34573435"}}, {"model": "factors.factorpayment", "pk": 18, "fields": {"financial_year": 1, "factor": 62, "transaction": 24, "value": "23999990"}}, {"model": "factors.factorpayment", "pk": 19, "fields": {"financial_year": 1, "factor": 22, "transaction": 25, "value": "1000000"}}, {"model": "factors.factorpayment", "pk": 20, "fields": {"financial_year": 1, "factor": 64, "transaction": 27, "value": "4200000"}}, {"model": "factors.factorpayment", "pk": 21, "fields": {"financial_year": 1, "factor": 64, "transaction": 28, "value": "300000"}}, {"model": "factors.factorpayment", "pk": 22, "fields": {"financial_year": 1, "factor": 47, "transaction": 32, "value": "19010"}}, {"model": "factors.factorpayment", "pk": 23, "fields": {"financial_year": 1, "factor": 22, "transaction": 33, "value": "5000000"}}, {"model": "factors.factorpayment", "pk": 24, "fields": {"financial_year": 1, "factor": 65, "transaction": 35, "value": "6400000"}}, {"model": "factors.factorpayment", "pk": 25, "fields": {"financial_year": 1, "factor": 66, "transaction": 36, "value": "8832000"}}, {"model": "factors.factoritem", "pk": 18, "fields": {"financial_year": 1, "factor": 15, "ware": 1, "warehouse": 1, "count": 1, "fee": "2000000", "discountValue": "0", "discountPercent": 0, "explanation": ""}}, {"model": "factors.factoritem", "pk": 19, "fields": {"financial_year": 1, "factor": 16, "ware": 1, "warehouse": 1, "count": 1, "fee": "2000000", "discountValue": "0", "discountPercent": 0, "explanation": ""}}, {"model": "factors.factoritem", "pk": 20, "fields": {"financial_year": 1, "factor": 16, "ware": 27, "warehouse": 3, "count": 3, "fee": "20000", "discountValue": "0", "discountPercent": 0, "explanation": ""}}, {"model": "factors.factoritem", "pk": 21, "fields": {"financial_year": 1, "factor": 16, "ware": 11, "warehouse": 3, "count": 5, "fee": "200000", "discountValue": "0", "discountPercent": 0, "explanation": ""}}, {"model": "factors.factoritem", "pk": 22, "fields": {"financial_year": 1, "factor": 17, "ware": 11, "warehouse": 3, "count": 1, "fee": "200000", "discountValue": "0", "discountPercent": 0, "explanation": ""}}, {"model": "factors.factoritem", "pk": 23, "fields": {"financial_year": 1, "factor": 18, "ware": 1, "warehouse": 1, "count": 1, "fee": "2000000", "discountValue": "0", "discountPercent": 0, "explanation": ""}}, {"model": "factors.factoritem", "pk": 24, "fields": {"financial_year": 1, "factor": 18, "ware": 11, "warehouse": 3, "count": 5, "fee": "200000", "discountValue": "0", "discountPercent": 0, "explanation": ""}}, {"model": "factors.factoritem", "pk": 25, "fields": {"financial_year": 1, "factor": 19, "ware": 1, "warehouse": 1, "count": 2, "fee": "1600000", "discountValue": "0", "discountPercent": 0, "explanation": ""}}, {"model": "factors.factoritem", "pk": 27, "fields": {"financial_year": 1, "factor": 20, "ware": 28, "warehouse": 3, "count": 1, "fee": "25000", "discountValue": "0", "discountPercent": 0, "explanation": ""}}, {"model": "factors.factoritem", "pk": 28, "fields": {"financial_year": 1, "factor": 21, "ware": 28, "warehouse": 3, "count": 5, "fee": "25000", "discountValue": "0", "discountPercent": 0, "explanation": "\u0642\u0647\u0648\u0647"}}, {"model": "factors.factoritem", "pk": 29, "fields": {"financial_year": 1, "factor": 22, "ware": 1, "warehouse": 1, "count": 3, "fee": "2000000", "discountValue": "0", "discountPercent": 0, "explanation": ""}}, {"model": "factors.factoritem", "pk": 30, "fields": {"financial_year": 1, "factor": 23, "ware": 1, "warehouse": 1, "count": 5, "fee": "2000000", "discountValue": "1000000", "discountPercent": 0, "explanation": "\u062a"}}, {"model": "factors.factoritem", "pk": 32, "fields": {"financial_year": 1, "factor": 25, "ware": 33, "warehouse": 1, "count": 5, "fee": "2000000", "discountValue": "1000", "discountPercent": 0, "explanation": "\u0628\u0627\u0628\u062a \u0644\u063a\u0648 \u0631\u0632\u0631\u0648"}}, {"model": "factors.factoritem", "pk": 33, "fields": {"financial_year": 1, "factor": 26, "ware": 27, "warehouse": 3, "count": 5, "fee": "20000", "discountValue": "0", "discountPercent": 0, "explanation": ""}}, {"model": "factors.factoritem", "pk": 48, "fields": {"financial_year": 1, "factor": 27, "ware": 2, "warehouse": 1, "count": 2, "fee": "1600000", "discountValue": "0", "discountPercent": 0, "explanation": ""}}, {"model": "factors.factoritem", "pk": 49, "fields": {"financial_year": 1, "factor": 28, "ware": 6, "warehouse": 1, "count": 1, "fee": "3200000", "discountValue": "0", "discountPercent": 0, "explanation": ""}}, {"model": "factors.factoritem", "pk": 50, "fields": {"financial_year": 1, "factor": 28, "ware": 3, "warehouse": 1, "count": 2, "fee": "3000000", "discountValue": "0", "discountPercent": 0, "explanation": ""}}, {"model": "factors.factoritem", "pk": 52, "fields": {"financial_year": 1, "factor": 28, "ware": 35, "warehouse": 1, "count": 2, "fee": "700000", "discountValue": "0", "discountPercent": 0, "explanation": ""}}, {"model": "factors.factoritem", "pk": 53, "fields": {"financial_year": 1, "factor": 28, "ware": 3, "warehouse": 1, "count": 1, "fee": "3000000", "discountValue": "0", "discountPercent": 0, "explanation": ""}}, {"model": "factors.factoritem", "pk": 54, "fields": {"financial_year": 1, "factor": 28, "ware": 35, "warehouse": 1, "count": 1, "fee": "700000", "discountValue": "0", "discountPercent": 0, "explanation": ""}}, {"model": "factors.factoritem", "pk": 55, "fields": {"financial_year": 1, "factor": 29, "ware": 27, "warehouse": 3, "count": 13, "fee": "20000", "discountValue": "0", "discountPercent": 0, "explanation": ""}}, {"model": "factors.factoritem", "pk": 56, "fields": {"financial_year": 1, "factor": 30, "ware": 1, "warehouse": 1, "count": 10, "fee": "2000000", "discountValue": "0", "discountPercent": 0, "explanation": ""}}, {"model": "factors.factoritem", "pk": 57, "fields": {"financial_year": 1, "factor": 31, "ware": 33, "warehouse": 1, "count": 223, "fee": "2000000", "discountValue": "10000", "discountPercent": 0, "explanation": ""}}, {"model": "factors.factoritem", "pk": 58, "fields": {"financial_year": 1, "factor": 32, "ware": 4, "warehouse": 1, "count": 3, "fee": "2400000", "discountValue": "0", "discountPercent": 0, "explanation": ""}}, {"model": "factors.factoritem", "pk": 59, "fields": {"financial_year": 1, "factor": 33, "ware": 5, "warehouse": 1, "count": 5, "fee": "4000000", "discountValue": "0", "discountPercent": 0, "explanation": ""}}, {"model": "factors.factoritem", "pk": 60, "fields": {"financial_year": 1, "factor": 34, "ware": 2, "warehouse": 1, "count": 2, "fee": "1600000", "discountValue": "20000", "discountPercent": 0, "explanation": ""}}, {"model": "factors.factoritem", "pk": 61, "fields": {"financial_year": 1, "factor": 35, "ware": 1, "warehouse": 1, "count": 1, "fee": "2000000", "discountValue": "0", "discountPercent": 0, "explanation": ""}}, {"model": "factors.factoritem", "pk": 62, "fields": {"financial_year": 1, "factor": 36, "ware": 2, "warehouse": 1, "count": 2, "fee": "1600000", "discountValue": "0", "discountPercent": 9, "explanation": ""}}, {"model": "factors.factoritem", "pk": 63, "fields": {"financial_year": 1, "factor": 37, "ware": 34, "warehouse": 1, "count": 1, "fee": "500000", "discountValue": "0", "discountPercent": 10, "explanation": ""}}, {"model": "factors.factoritem", "pk": 64, "fields": {"financial_year": 1, "factor": 40, "ware": 3, "warehouse": 1, "count": 4, "fee": "3000000", "discountValue": "0", "discountPercent": 0, "explanation": ""}}, {"model": "factors.factoritem", "pk": 65, "fields": {"financial_year": 1, "factor": 41, "ware": 3, "warehouse": 1, "count": 5, "fee": "3000000", "discountValue": "40000", "discountPercent": 0, "explanation": ""}}, {"model": "factors.factoritem", "pk": 66, "fields": {"financial_year": 1, "factor": 44, "ware": 3, "warehouse": 1, "count": 5, "fee": "3000000", "discountValue": "0", "discountPercent": 0, "explanation": ""}}, {"model": "factors.factoritem", "pk": 67, "fields": {"financial_year": 1, "factor": 45, "ware": 2, "warehouse": 1, "count": 4, "fee": "1600000", "discountValue": "0", "discountPercent": 0, "explanation": ""}}, {"model": "factors.factoritem", "pk": 68, "fields": {"financial_year": 1, "factor": 47, "ware": 1, "warehouse": 1, "count": 1, "fee": "2000000", "discountValue": "0", "discountPercent": 0, "explanation": ""}}, {"model": "factors.factoritem", "pk": 69, "fields": {"financial_year": 1, "factor": 48, "ware": 2, "warehouse": 1, "count": 1, "fee": "1600000", "discountValue": "0", "discountPercent": 0, "explanation": ""}}, {"model": "factors.factoritem", "pk": 70, "fields": {"financial_year": 1, "factor": 49, "ware": 4, "warehouse": 1, "count": 4, "fee": "2400000", "discountValue": "0", "discountPercent": 0, "explanation": ""}}, {"model": "factors.factoritem", "pk": 71, "fields": {"financial_year": 1, "factor": 50, "ware": 3, "warehouse": 1, "count": 3, "fee": "3000000", "discountValue": "0", "discountPercent": 0, "explanation": ""}}, {"model": "factors.factoritem", "pk": 72, "fields": {"financial_year": 1, "factor": 46, "ware": 1, "warehouse": 1, "count": 1, "fee": "2000000", "discountValue": "0", "discountPercent": 0, "explanation": ""}}, {"model": "factors.factoritem", "pk": 73, "fields": {"financial_year": 1, "factor": 53, "ware": 3, "warehouse": 1, "count": 6, "fee": "3000000", "discountValue": "0", "discountPercent": 0, "explanation": ""}}, {"model": "factors.factoritem", "pk": 74, "fields": {"financial_year": 1, "factor": 55, "ware": 33, "warehouse": 1, "count": 8, "fee": "2000000", "discountValue": "0", "discountPercent": 0, "explanation": ""}}, {"model": "factors.factoritem", "pk": 75, "fields": {"financial_year": 1, "factor": 56, "ware": 5, "warehouse": 1, "count": 7, "fee": "4000000", "discountValue": "0", "discountPercent": 0, "explanation": ""}}, {"model": "factors.factoritem", "pk": 76, "fields": {"financial_year": 1, "factor": 57, "ware": 2, "warehouse": 1, "count": 7, "fee": "1600000", "discountValue": "666666", "discountPercent": 0, "explanation": ""}}, {"model": "factors.factoritem", "pk": 77, "fields": {"financial_year": 1, "factor": 58, "ware": 5, "warehouse": 1, "count": 8, "fee": "4000000", "discountValue": "0", "discountPercent": 0, "explanation": ""}}, {"model": "factors.factoritem", "pk": 78, "fields": {"financial_year": 1, "factor": 59, "ware": 4, "warehouse": 1, "count": 10, "fee": "2400000", "discountValue": "0", "discountPercent": 0, "explanation": ""}}, {"model": "factors.factoritem", "pk": 79, "fields": {"financial_year": 1, "factor": 60, "ware": 5, "warehouse": 1, "count": 7, "fee": "4000000", "discountValue": "0", "discountPercent": 9, "explanation": ""}}, {"model": "factors.factoritem", "pk": 80, "fields": {"financial_year": 1, "factor": 61, "ware": 5, "warehouse": 1, "count": 3, "fee": "4000000", "discountValue": "0", "discountPercent": 0, "explanation": ""}}, {"model": "factors.factoritem", "pk": 81, "fields": {"financial_year": 1, "factor": 61, "ware": 4, "warehouse": 1, "count": 12, "fee": "2400000", "discountValue": "0", "discountPercent": 9, "explanation": ""}}, {"model": "factors.factoritem", "pk": 82, "fields": {"financial_year": 1, "factor": 62, "ware": 4, "warehouse": 1, "count": 10, "fee": "2400000", "discountValue": "10", "discountPercent": 0, "explanation": ""}}, {"model": "factors.factoritem", "pk": 84, "fields": {"financial_year": 1, "factor": 64, "ware": 3, "warehouse": 1, "count": 3, "fee": "3000000", "discountValue": "0", "discountPercent": 0, "explanation": ""}}, {"model": "factors.factoritem", "pk": 85, "fields": {"financial_year": 1, "factor": 65, "ware": 2, "warehouse": 1, "count": 4, "fee": "1600000", "discountValue": "0", "discountPercent": 0, "explanation": ""}}, {"model": "factors.factoritem", "pk": 86, "fields": {"financial_year": 1, "factor": 66, "ware": 2, "warehouse": 1, "count": 6, "fee": "1600000", "discountValue": "0", "discountPercent": 0, "explanation": ""}}, {"model": "factors.factoritem", "pk": 87, "fields": {"financial_year": 1, "factor": 67, "ware": 33, "warehouse": 1, "count": 123, "fee": "2000000", "discountValue": "0", "discountPercent": 0, "explanation": ""}}, {"model": "factors.factoritem", "pk": 89, "fields": {"financial_year": 1, "factor": 69, "ware": 2, "warehouse": 1, "count": 2, "fee": "1600000", "discountValue": "0", "discountPercent": 0, "explanation": ""}}, {"model": "factors.factoritem", "pk": 90, "fields": {"financial_year": 1, "factor": 70, "ware": 2, "warehouse": 1, "count": 1, "fee": "1600000", "discountValue": "0", "discountPercent": 0, "explanation": ""}}, {"model": "factors.factoritem", "pk": 91, "fields": {"financial_year": 1, "factor": 69, "ware": 34, "warehouse": 1, "count": 1000000, "fee": "500000", "discountValue": "0", "discountPercent": 0, "explanation": ""}}, {"model": "factors.factoritem", "pk": 92, "fields": {"financial_year": 1, "factor": 71, "ware": 34, "warehouse": 1, "count": 1, "fee": "12093334", "discountValue": "0", "discountPercent": 0, "explanation": ""}}, {"model": "factors.factoritem", "pk": 93, "fields": {"financial_year": 1, "factor": 72, "ware": 33, "warehouse": 1, "count": 1, "fee": "220186668", "discountValue": "0", "discountPercent": 0, "explanation": ""}}, {"model": "factors.factoritem", "pk": 94, "fields": {"financial_year": 1, "factor": 73, "ware": 34, "warehouse": 1, "count": 12, "fee": "500000", "discountValue": "0", "discountPercent": 0, "explanation": ""}}, {"model": "reports.exportverifier", "pk": 1, "fields": {"financial_year": 1, "name": null, "post": "\u0645\u062a\u0635\u062f\u06cc \u067e\u0630\u06cc\u0631\u0634", "form": "FS"}}, {"model": "auth.permission", "pk": 1, "fields": {"name": "Can add log entry", "content_type": 1, "codename": "add_logentry"}}, {"model": "auth.permission", "pk": 2, "fields": {"name": "Can change log entry", "content_type": 1, "codename": "change_logentry"}}, {"model": "auth.permission", "pk": 3, "fields": {"name": "Can delete log entry", "content_type": 1, "codename": "delete_logentry"}}, {"model": "auth.permission", "pk": 4, "fields": {"name": "Can add permission", "content_type": 2, "codename": "add_permission"}}, {"model": "auth.permission", "pk": 5, "fields": {"name": "Can change permission", "content_type": 2, "codename": "change_permission"}}, {"model": "auth.permission", "pk": 6, "fields": {"name": "Can delete permission", "content_type": 2, "codename": "delete_permission"}}, {"model": "auth.permission", "pk": 7, "fields": {"name": "Can add group", "content_type": 3, "codename": "add_group"}}, {"model": "auth.permission", "pk": 8, "fields": {"name": "Can change group", "content_type": 3, "codename": "change_group"}}, {"model": "auth.permission", "pk": 9, "fields": {"name": "Can delete group", "content_type": 3, "codename": "delete_group"}}, {"model": "auth.permission", "pk": 10, "fields": {"name": "Can add content type", "content_type": 4, "codename": "add_contenttype"}}, {"model": "auth.permission", "pk": 11, "fields": {"name": "Can change content type", "content_type": 4, "codename": "change_contenttype"}}, {"model": "auth.permission", "pk": 12, "fields": {"name": "Can delete content type", "content_type": 4, "codename": "delete_contenttype"}}, {"model": "auth.permission", "pk": 13, "fields": {"name": "Can add session", "content_type": 5, "codename": "add_session"}}, {"model": "auth.permission", "pk": 14, "fields": {"name": "Can change session", "content_type": 5, "codename": "change_session"}}, {"model": "auth.permission", "pk": 15, "fields": {"name": "Can delete session", "content_type": 5, "codename": "delete_session"}}, {"model": "auth.permission", "pk": 16, "fields": {"name": "Can add company", "content_type": 6, "codename": "add_company"}}, {"model": "auth.permission", "pk": 17, "fields": {"name": "Can change company", "content_type": 6, "codename": "change_company"}}, {"model": "auth.permission", "pk": 18, "fields": {"name": "Can delete company", "content_type": 6, "codename": "delete_company"}}, {"model": "auth.permission", "pk": 19, "fields": {"name": "Can add financial year", "content_type": 7, "codename": "add_financialyear"}}, {"model": "auth.permission", "pk": 20, "fields": {"name": "Can change financial year", "content_type": 7, "codename": "change_financialyear"}}, {"model": "auth.permission", "pk": 21, "fields": {"name": "Can delete financial year", "content_type": 7, "codename": "delete_financialyear"}}, {"model": "auth.permission", "pk": 22, "fields": {"name": "\u062a\u0639\u0631\u06cc\u0641 \u062d\u0633\u0627\u0628", "content_type": 8, "codename": "create_account"}}, {"model": "auth.permission", "pk": 23, "fields": {"name": "\u0645\u0634\u0627\u0647\u062f\u0647 \u062d\u0633\u0627\u0628", "content_type": 8, "codename": "retrieve_account"}}, {"model": "auth.permission", "pk": 24, "fields": {"name": "\u0648\u06cc\u0631\u0627\u06cc\u0634 \u062d\u0633\u0627\u0628", "content_type": 8, "codename": "update_account"}}, {"model": "auth.permission", "pk": 25, "fields": {"name": "\u062d\u0630\u0641 \u062d\u0633\u0627\u0628", "content_type": 8, "codename": "delete_account"}}, {"model": "auth.permission", "pk": 26, "fields": {"name": "\u062a\u0639\u0631\u06cc\u0641 \u062d\u0633\u0627\u0628 \u062e\u0631\u06cc\u062f\u0627\u0631", "content_type": 17, "codename": "create_buyer"}}, {"model": "auth.permission", "pk": 27, "fields": {"name": "\u0645\u0634\u0627\u0647\u062f\u0647 \u062d\u0633\u0627\u0628 \u062e\u0631\u06cc\u062f\u0627\u0631", "content_type": 17, "codename": "retrieve_buyer"}}, {"model": "auth.permission", "pk": 28, "fields": {"name": "\u0648\u06cc\u0631\u0627\u06cc\u0634 \u062d\u0633\u0627\u0628 \u062e\u0631\u06cc\u062f\u0627\u0631", "content_type": 17, "codename": "update_buyer"}}, {"model": "auth.permission", "pk": 29, "fields": {"name": "\u062d\u0630\u0641 \u062d\u0633\u0627\u0628 \u062e\u0631\u06cc\u062f\u0627\u0631", "content_type": 17, "codename": "delete_buyer"}}, {"model": "auth.permission", "pk": 30, "fields": {"name": "Can add ware", "content_type": 19, "codename": "add_ware"}}, {"model": "auth.permission", "pk": 31, "fields": {"name": "Can change ware", "content_type": 19, "codename": "change_ware"}}, {"model": "auth.permission", "pk": 32, "fields": {"name": "Can delete ware", "content_type": 19, "codename": "delete_ware"}}, {"model": "auth.permission", "pk": 33, "fields": {"name": "Can add warehouse inventory", "content_type": 21, "codename": "add_warehouseinventory"}}, {"model": "auth.permission", "pk": 34, "fields": {"name": "Can change warehouse inventory", "content_type": 21, "codename": "change_warehouseinventory"}}, {"model": "auth.permission", "pk": 35, "fields": {"name": "Can delete warehouse inventory", "content_type": 21, "codename": "delete_warehouseinventory"}}, {"model": "auth.permission", "pk": 36, "fields": {"name": "Can add sanad", "content_type": 23, "codename": "add_sanad"}}, {"model": "auth.permission", "pk": 37, "fields": {"name": "Can change sanad", "content_type": 23, "codename": "change_sanad"}}, {"model": "auth.permission", "pk": 38, "fields": {"name": "Can delete sanad", "content_type": 23, "codename": "delete_sanad"}}, {"model": "auth.permission", "pk": 39, "fields": {"name": "Can add sanad item", "content_type": 24, "codename": "add_sanaditem"}}, {"model": "auth.permission", "pk": 40, "fields": {"name": "Can change sanad item", "content_type": 24, "codename": "change_sanaditem"}}, {"model": "auth.permission", "pk": 41, "fields": {"name": "Can delete sanad item", "content_type": 24, "codename": "delete_sanaditem"}}, {"model": "auth.permission", "pk": 42, "fields": {"name": "Can add transaction", "content_type": 25, "codename": "add_transaction"}}, {"model": "auth.permission", "pk": 43, "fields": {"name": "Can change transaction", "content_type": 25, "codename": "change_transaction"}}, {"model": "auth.permission", "pk": 44, "fields": {"name": "Can delete transaction", "content_type": 25, "codename": "delete_transaction"}}, {"model": "auth.permission", "pk": 45, "fields": {"name": "Can add transaction item", "content_type": 26, "codename": "add_transactionitem"}}, {"model": "auth.permission", "pk": 46, "fields": {"name": "Can change transaction item", "content_type": 26, "codename": "change_transactionitem"}}, {"model": "auth.permission", "pk": 47, "fields": {"name": "Can delete transaction item", "content_type": 26, "codename": "delete_transactionitem"}}, {"model": "auth.permission", "pk": 48, "fields": {"name": "Can add expense", "content_type": 30, "codename": "add_expense"}}, {"model": "auth.permission", "pk": 49, "fields": {"name": "Can change expense", "content_type": 30, "codename": "change_expense"}}, {"model": "auth.permission", "pk": 50, "fields": {"name": "Can delete expense", "content_type": 30, "codename": "delete_expense"}}, {"model": "auth.permission", "pk": 51, "fields": {"name": "Can add factor", "content_type": 31, "codename": "add_factor"}}, {"model": "auth.permission", "pk": 52, "fields": {"name": "Can change factor", "content_type": 31, "codename": "change_factor"}}, {"model": "auth.permission", "pk": 53, "fields": {"name": "Can delete factor", "content_type": 31, "codename": "delete_factor"}}, {"model": "auth.permission", "pk": 54, "fields": {"name": "Can add factor expense", "content_type": 32, "codename": "add_factorexpense"}}, {"model": "auth.permission", "pk": 55, "fields": {"name": "Can change factor expense", "content_type": 32, "codename": "change_factorexpense"}}, {"model": "auth.permission", "pk": 56, "fields": {"name": "Can delete factor expense", "content_type": 32, "codename": "delete_factorexpense"}}, {"model": "auth.permission", "pk": 57, "fields": {"name": "Can add factor item", "content_type": 33, "codename": "add_factoritem"}}, {"model": "auth.permission", "pk": 58, "fields": {"name": "Can change factor item", "content_type": 33, "codename": "change_factoritem"}}, {"model": "auth.permission", "pk": 59, "fields": {"name": "Can delete factor item", "content_type": 33, "codename": "delete_factoritem"}}, {"model": "auth.permission", "pk": 60, "fields": {"name": "Can add factor payment", "content_type": 34, "codename": "add_factorpayment"}}, {"model": "auth.permission", "pk": 61, "fields": {"name": "Can change factor payment", "content_type": 34, "codename": "change_factorpayment"}}, {"model": "auth.permission", "pk": 62, "fields": {"name": "Can delete factor payment", "content_type": 34, "codename": "delete_factorpayment"}}, {"model": "auth.permission", "pk": 63, "fields": {"name": "Can add receipt", "content_type": 35, "codename": "add_receipt"}}, {"model": "auth.permission", "pk": 64, "fields": {"name": "Can change receipt", "content_type": 35, "codename": "change_receipt"}}, {"model": "auth.permission", "pk": 65, "fields": {"name": "Can delete receipt", "content_type": 35, "codename": "delete_receipt"}}, {"model": "auth.permission", "pk": 66, "fields": {"name": "Can add receipt item", "content_type": 36, "codename": "add_receiptitem"}}, {"model": "auth.permission", "pk": 67, "fields": {"name": "Can change receipt item", "content_type": 36, "codename": "change_receiptitem"}}, {"model": "auth.permission", "pk": 68, "fields": {"name": "Can delete receipt item", "content_type": 36, "codename": "delete_receiptitem"}}, {"model": "auth.permission", "pk": 69, "fields": {"name": "Can add user", "content_type": 38, "codename": "add_user"}}, {"model": "auth.permission", "pk": 70, "fields": {"name": "Can change user", "content_type": 38, "codename": "change_user"}}, {"model": "auth.permission", "pk": 71, "fields": {"name": "Can delete user", "content_type": 38, "codename": "delete_user"}}, {"model": "auth.permission", "pk": 72, "fields": {"name": "Can add access", "content_type": 39, "codename": "add_access"}}, {"model": "auth.permission", "pk": 73, "fields": {"name": "Can change access", "content_type": 39, "codename": "change_access"}}, {"model": "auth.permission", "pk": 74, "fields": {"name": "Can delete access", "content_type": 39, "codename": "delete_access"}}, {"model": "auth.permission", "pk": 75, "fields": {"name": "Can view log entry", "content_type": 1, "codename": "view_logentry"}}, {"model": "auth.permission", "pk": 76, "fields": {"name": "Can view permission", "content_type": 2, "codename": "view_permission"}}, {"model": "auth.permission", "pk": 77, "fields": {"name": "Can view group", "content_type": 3, "codename": "view_group"}}, {"model": "auth.permission", "pk": 78, "fields": {"name": "Can view content type", "content_type": 4, "codename": "view_contenttype"}}, {"model": "auth.permission", "pk": 79, "fields": {"name": "Can view session", "content_type": 5, "codename": "view_session"}}, {"model": "auth.permission", "pk": 80, "fields": {"name": "Can view company", "content_type": 6, "codename": "view_company"}}, {"model": "auth.permission", "pk": 81, "fields": {"name": "Can view financial year", "content_type": 7, "codename": "view_financialyear"}}, {"model": "auth.permission", "pk": 82, "fields": {"name": "Can view user", "content_type": 38, "codename": "view_user"}}, {"model": "auth.permission", "pk": 83, "fields": {"name": "Can view access", "content_type": 39, "codename": "view_access"}}, {"model": "users.user", "pk": 1, "fields": {"password": "pbkdf2_sha256$100000$2o6BZerkT7jQ$RM9Iz7SB3S/K0q+2YpXcrTnbauPP0BmfXISWpfEbZTs=", "last_login": "2019-04-05T06:05:39.202Z", "is_superuser": true, "username": "admin", "first_name": "", "last_name": "", "email": "", "is_staff": true, "is_active": true, "date_joined": "2019-03-18T07:45:57.870Z", "active_company": 1, "active_financial_year": 1, "groups": [], "user_permissions": []}}, {"model": "users.user", "pk": 2, "fields": {"password": "pbkdf2_sha256$100000$KClO1NQEzNN2$Icg9Q7Md2IaswZd1S6Br0fjjfNsm5Fv20J60FR8bvc4=", "last_login": null, "is_superuser": true, "username": "report", "first_name": "", "last_name": "", "email": "", "is_staff": true, "is_active": true, "date_joined": "2019-03-18T07:46:41.530Z", "active_company": null, "active_financial_year": null, "groups": [], "user_permissions": []}}, {"model": "users.user", "pk": 3, "fields": {"password": "pbkdf2_sha256$100000$NsYlpdrWb7qU$mVa/Cd3lY2IEj6JigL2VjBHJNU9YfA5pUyc59Lrzx9E=", "last_login": null, "is_superuser": true, "username": "manager", "first_name": "", "last_name": "", "email": "", "is_staff": true, "is_active": true, "date_joined": "2019-03-18T07:47:57.810Z", "active_company": null, "active_financial_year": null, "groups": [], "user_permissions": []}}, {"model": "users.user", "pk": 4, "fields": {"password": "pbkdf2_sha256$100000$kBOZQEeHBDmk$SNtK6E1p5iXv0A7xY2r/Ufxpqzb3FyqiifPuWW1xaKI=", "last_login": null, "is_superuser": true, "username": "manager1", "first_name": "", "last_name": "", "email": "", "is_staff": true, "is_active": true, "date_joined": "2019-03-18T10:23:52.374Z", "active_company": null, "active_financial_year": null, "groups": [], "user_permissions": []}}, {"model": "users.user", "pk": 5, "fields": {"password": "pbkdf2_sha256$100000$jcxHtaJncJO8$ROo8FNTemUb7AnlLWRVEV7hPZafVGNKK6QySk5f+GcY=", "last_login": null, "is_superuser": true, "username": "manager2", "first_name": "", "last_name": "", "email": "", "is_staff": true, "is_active": true, "date_joined": "2019-03-18T10:24:04.695Z", "active_company": null, "active_financial_year": null, "groups": [], "user_permissions": []}}, {"model": "admin.logentry", "pk": 1, "fields": {"action_time": "2019-03-19T16:35:35.531Z", "user": 1, "content_type": 6, "object_id": "1", "object_repr": "Company object (1)", "action_flag": 2, "change_message": "[{\"changed\": {\"fields\": [\"name\"]}}]"}}, {"model": "admin.logentry", "pk": 2, "fields": {"action_time": "2019-04-05T06:08:43.063Z", "user": 1, "content_type": 12, "object_id": "13", "object_repr": "\u0633\u0648\u062f \u0648 \u0632\u06cc\u0627\u0646 \u062c\u0627\u0631\u06cc", "action_flag": 1, "change_message": "[{\"added\": {}}]"}}, {"model": "admin.logentry", "pk": 3, "fields": {"action_time": "2019-04-05T06:09:39.744Z", "user": 1, "content_type": 12, "object_id": "14", "object_repr": "\u0633\u0648\u062f \u0648 \u0632\u06cc\u0627\u0646 \u0627\u0646\u0628\u0627\u0634\u062a\u0647", "action_flag": 1, "change_message": "[{\"added\": {}}]"}}, {"model": "admin.logentry", "pk": 4, "fields": {"action_time": "2019-04-05T06:09:58.500Z", "user": 1, "content_type": 12, "object_id": "13", "object_repr": "\u0633\u0648\u062f \u0648 \u0632\u06cc\u0627\u0646 \u062c\u0627\u0631\u06cc", "action_flag": 2, "change_message": "[{\"changed\": {\"fields\": [\"programingName\"]}}]"}}, {"model": "admin.logentry", "pk": 5, "fields": {"action_time": "2019-04-05T06:11:24.588Z", "user": 1, "content_type": 12, "object_id": "15", "object_repr": "\u0627\u062e\u062a\u062a\u0627\u0645\u06cc\u0647", "action_flag": 1, "change_message": "[{\"added\": {}}]"}}, {"model": "admin.logentry", "pk": 6, "fields": {"action_time": "2019-04-05T08:00:00.426Z", "user": 1, "content_type": 23, "object_id": "114", "object_repr": "114 - \u0628\u0627\u0628\u062a \u0628\u0633\u062a\u0646 \u062d\u0633\u0627\u0628 \u0647\u0627\u06cc \u062f\u0627\u0626\u0645\u06cc", "action_flag": 3, "change_message": ""}}, {"model": "admin.logentry", "pk": 7, "fields": {"action_time": "2019-04-05T08:00:00.538Z", "user": 1, "content_type": 23, "object_id": "113", "object_repr": "113 - \u0628\u0627\u0628\u062a \u0628\u0633\u062a\u0646 \u062d\u0633\u0627\u0628 \u0647\u0627\u06cc \u062f\u0627\u0626\u0645\u06cc", "action_flag": 3, "change_message": ""}}, {"model": "admin.logentry", "pk": 8, "fields": {"action_time": "2019-04-05T08:00:00.637Z", "user": 1, "content_type": 23, "object_id": "112", "object_repr": "112 - \u0628\u0627\u0628\u062a \u0628\u0633\u062a\u0646 \u062d\u0633\u0627\u0628 \u0647\u0627\u06cc \u062f\u0627\u0626\u0645\u06cc", "action_flag": 3, "change_message": ""}}, {"model": "admin.logentry", "pk": 9, "fields": {"action_time": "2019-04-05T08:00:00.737Z", "user": 1, "content_type": 23, "object_id": "111", "object_repr": "111 - \u0628\u0627\u0628\u062a \u0628\u0633\u062a\u0646 \u062d\u0633\u0627\u0628 \u0647\u0627\u06cc \u0645\u0648\u0642\u062a", "action_flag": 3, "change_message": ""}}, {"model": "admin.logentry", "pk": 10, "fields": {"action_time": "2019-04-05T08:00:00.845Z", "user": 1, "content_type": 23, "object_id": "110", "object_repr": "110 - \u0628\u0627\u0628\u062a \u0628\u0633\u062a\u0646 \u062d\u0633\u0627\u0628 \u0647\u0627\u06cc \u0645\u0648\u0642\u062a", "action_flag": 3, "change_message": ""}}, {"model": "admin.logentry", "pk": 11, "fields": {"action_time": "2019-04-05T08:00:00.946Z", "user": 1, "content_type": 23, "object_id": "109", "object_repr": "109 - \u0628\u0627\u0628\u062a \u0628\u0633\u062a\u0646 \u062d\u0633\u0627\u0628 \u0647\u0627\u06cc \u0645\u0648\u0642\u062a", "action_flag": 3, "change_message": ""}}, {"model": "admin.logentry", "pk": 12, "fields": {"action_time": "2019-04-05T08:00:01.045Z", "user": 1, "content_type": 23, "object_id": "108", "object_repr": "108 - \u0628\u0627\u0628\u062a \u0628\u0633\u062a\u0646 \u062d\u0633\u0627\u0628 \u0647\u0627\u06cc \u0645\u0648\u0642\u062a", "action_flag": 3, "change_message": ""}}, {"model": "admin.logentry", "pk": 13, "fields": {"action_time": "2019-04-05T08:02:38.651Z", "user": 1, "content_type": 23, "object_id": "115", "object_repr": "108 - \u0628\u0627\u0628\u062a \u0628\u0633\u062a\u0646 \u062d\u0633\u0627\u0628 \u0647\u0627\u06cc \u0645\u0648\u0642\u062a", "action_flag": 3, "change_message": ""}}, {"model": "admin.logentry", "pk": 14, "fields": {"action_time": "2019-04-05T08:05:14.649Z", "user": 1, "content_type": 23, "object_id": "116", "object_repr": "108 - \u0628\u0627\u0628\u062a \u0628\u0633\u062a\u0646 \u062d\u0633\u0627\u0628 \u0647\u0627\u06cc \u0645\u0648\u0642\u062a", "action_flag": 3, "change_message": ""}}, {"model": "admin.logentry", "pk": 15, "fields": {"action_time": "2019-04-05T08:06:50.745Z", "user": 1, "content_type": 23, "object_id": "117", "object_repr": "108 - \u0628\u0627\u0628\u062a \u0628\u0633\u062a\u0646 \u062d\u0633\u0627\u0628 \u0647\u0627\u06cc \u0645\u0648\u0642\u062a", "action_flag": 3, "change_message": ""}}, {"model": "admin.logentry", "pk": 16, "fields": {"action_time": "2019-04-05T08:13:36.803Z", "user": 1, "content_type": 23, "object_id": "120", "object_repr": "110 - \u0628\u0627\u0628\u062a \u0628\u0633\u062a\u0646 \u062d\u0633\u0627\u0628 \u0647\u0627\u06cc \u0645\u0648\u0642\u062a", "action_flag": 3, "change_message": ""}}, {"model": "admin.logentry", "pk": 17, "fields": {"action_time": "2019-04-05T08:13:36.945Z", "user": 1, "content_type": 23, "object_id": "119", "object_repr": "109 - \u0628\u0627\u0628\u062a \u0628\u0633\u062a\u0646 \u062d\u0633\u0627\u0628 \u0647\u0627\u06cc \u0645\u0648\u0642\u062a", "action_flag": 3, "change_message": ""}}, {"model": "admin.logentry", "pk": 18, "fields": {"action_time": "2019-04-05T08:13:37.036Z", "user": 1, "content_type": 23, "object_id": "118", "object_repr": "108 - \u0628\u0627\u0628\u062a \u0628\u0633\u062a\u0646 \u062d\u0633\u0627\u0628 \u0647\u0627\u06cc \u0645\u0648\u0642\u062a", "action_flag": 3, "change_message": ""}}, {"model": "admin.logentry", "pk": 19, "fields": {"action_time": "2019-04-05T08:14:28.136Z", "user": 1, "content_type": 23, "object_id": "121", "object_repr": "108 - \u0628\u0627\u0628\u062a \u0628\u0633\u062a\u0646 \u062d\u0633\u0627\u0628 \u0647\u0627\u06cc \u0645\u0648\u0642\u062a", "action_flag": 3, "change_message": ""}}, {"model": "admin.logentry", "pk": 20, "fields": {"action_time": "2019-04-05T08:16:17.310Z", "user": 1, "content_type": 23, "object_id": "122", "object_repr": "108 - \u0628\u0627\u0628\u062a \u0628\u0633\u062a\u0646 \u062d\u0633\u0627\u0628 \u0647\u0627\u06cc \u0645\u0648\u0642\u062a", "action_flag": 3, "change_message": ""}}, {"model": "admin.logentry", "pk": 21, "fields": {"action_time": "2019-04-05T08:16:57.729Z", "user": 1, "content_type": 23, "object_id": "128", "object_repr": "113 - \u0628\u0627\u0628\u062a \u0628\u0633\u062a\u0646 \u062d\u0633\u0627\u0628 \u0647\u0627\u06cc \u062f\u0627\u0626\u0645\u06cc", "action_flag": 3, "change_message": ""}}, {"model": "admin.logentry", "pk": 22, "fields": {"action_time": "2019-04-05T08:16:57.848Z", "user": 1, "content_type": 23, "object_id": "127", "object_repr": "112 - \u0628\u0627\u0628\u062a \u0628\u0633\u062a\u0646 \u062d\u0633\u0627\u0628 \u0647\u0627\u06cc \u062f\u0627\u0626\u0645\u06cc", "action_flag": 3, "change_message": ""}}, {"model": "admin.logentry", "pk": 23, "fields": {"action_time": "2019-04-05T08:16:57.948Z", "user": 1, "content_type": 23, "object_id": "126", "object_repr": "111 - \u0628\u0627\u0628\u062a \u0628\u0633\u062a\u0646 \u062d\u0633\u0627\u0628 \u0647\u0627\u06cc \u062f\u0627\u0626\u0645\u06cc", "action_flag": 3, "change_message": ""}}, {"model": "admin.logentry", "pk": 24, "fields": {"action_time": "2019-04-05T08:16:58.049Z", "user": 1, "content_type": 23, "object_id": "125", "object_repr": "110 - \u0628\u0627\u0628\u062a \u0628\u0633\u062a\u0646 \u062d\u0633\u0627\u0628 \u0633\u0648\u062f \u0648 \u0632\u06cc\u0627\u0646 \u062c\u0627\u0631\u06cc", "action_flag": 3, "change_message": ""}}, {"model": "admin.logentry", "pk": 25, "fields": {"action_time": "2019-04-05T08:16:58.165Z", "user": 1, "content_type": 23, "object_id": "124", "object_repr": "109 - \u0628\u0627\u0628\u062a \u0628\u0633\u062a\u0646 \u062d\u0633\u0627\u0628 \u0647\u0627\u06cc \u0645\u0648\u0642\u062a", "action_flag": 3, "change_message": ""}}, {"model": "admin.logentry", "pk": 26, "fields": {"action_time": "2019-04-05T08:16:58.265Z", "user": 1, "content_type": 23, "object_id": "123", "object_repr": "108 - \u0628\u0627\u0628\u062a \u0628\u0633\u062a\u0646 \u062d\u0633\u0627\u0628 \u0647\u0627\u06cc \u0645\u0648\u0642\u062a", "action_flag": 3, "change_message": ""}}, {"model": "admin.logentry", "pk": 27, "fields": {"action_time": "2019-04-05T13:21:40.455Z", "user": 1, "content_type": 23, "object_id": "133", "object_repr": "112 - \u0628\u0627\u0628\u062a \u0628\u0633\u062a\u0646 \u062d\u0633\u0627\u0628 \u0647\u0627\u06cc \u062f\u0627\u0626\u0645\u06cc", "action_flag": 3, "change_message": ""}}, {"model": "admin.logentry", "pk": 28, "fields": {"action_time": "2019-04-05T13:21:40.603Z", "user": 1, "content_type": 23, "object_id": "132", "object_repr": "111 - \u0628\u0627\u0628\u062a \u0628\u0633\u062a\u0646 \u062d\u0633\u0627\u0628 \u0647\u0627\u06cc \u062f\u0627\u0626\u0645\u06cc", "action_flag": 3, "change_message": ""}}, {"model": "admin.logentry", "pk": 29, "fields": {"action_time": "2019-04-05T13:21:40.712Z", "user": 1, "content_type": 23, "object_id": "131", "object_repr": "110 - \u0628\u0627\u0628\u062a \u0628\u0633\u062a\u0646 \u062d\u0633\u0627\u0628 \u0647\u0627\u06cc \u062f\u0627\u0626\u0645\u06cc", "action_flag": 3, "change_message": ""}}, {"model": "admin.logentry", "pk": 30, "fields": {"action_time": "2019-04-05T13:21:40.817Z", "user": 1, "content_type": 23, "object_id": "130", "object_repr": "109 - \u0628\u0627\u0628\u062a \u0628\u0633\u062a\u0646 \u062d\u0633\u0627\u0628 \u0633\u0648\u062f \u0648 \u0632\u06cc\u0627\u0646 \u062c\u0627\u0631\u06cc", "action_flag": 3, "change_message": ""}}, {"model": "admin.logentry", "pk": 31, "fields": {"action_time": "2019-04-05T13:21:40.926Z", "user": 1, "content_type": 23, "object_id": "129", "object_repr": "108 - \u0628\u0627\u0628\u062a \u0628\u0633\u062a\u0646 \u062d\u0633\u0627\u0628 \u0647\u0627\u06cc \u0645\u0648\u0642\u062a", "action_flag": 3, "change_message": ""}}, {"model": "admin.logentry", "pk": 32, "fields": {"action_time": "2019-04-05T13:23:55.200Z", "user": 1, "content_type": 23, "object_id": "139", "object_repr": "113 - \u0628\u0627\u0628\u062a \u0628\u0633\u062a\u0646 \u062d\u0633\u0627\u0628 \u0647\u0627", "action_flag": 3, "change_message": ""}}, {"model": "admin.logentry", "pk": 33, "fields": {"action_time": "2019-04-05T13:23:55.350Z", "user": 1, "content_type": 23, "object_id": "138", "object_repr": "112 - \u0628\u0627\u0628\u062a \u0628\u0633\u062a\u0646 \u062d\u0633\u0627\u0628 \u0647\u0627\u06cc \u062f\u0627\u0626\u0645\u06cc", "action_flag": 3, "change_message": ""}}, {"model": "admin.logentry", "pk": 34, "fields": {"action_time": "2019-04-05T13:23:55.475Z", "user": 1, "content_type": 23, "object_id": "137", "object_repr": "111 - \u0628\u0627\u0628\u062a \u0628\u0633\u062a\u0646 \u062d\u0633\u0627\u0628 \u0647\u0627\u06cc \u062f\u0627\u0626\u0645\u06cc", "action_flag": 3, "change_message": ""}}, {"model": "admin.logentry", "pk": 35, "fields": {"action_time": "2019-04-05T13:23:55.575Z", "user": 1, "content_type": 23, "object_id": "136", "object_repr": "110 - \u0628\u0627\u0628\u062a \u0628\u0633\u062a\u0646 \u062d\u0633\u0627\u0628 \u0647\u0627\u06cc \u062f\u0627\u0626\u0645\u06cc", "action_flag": 3, "change_message": ""}}, {"model": "admin.logentry", "pk": 36, "fields": {"action_time": "2019-04-05T13:23:55.676Z", "user": 1, "content_type": 23, "object_id": "135", "object_repr": "109 - \u0628\u0627\u0628\u062a \u0628\u0633\u062a\u0646 \u062d\u0633\u0627\u0628 \u0633\u0648\u062f \u0648 \u0632\u06cc\u0627\u0646 \u062c\u0627\u0631\u06cc", "action_flag": 3, "change_message": ""}}, {"model": "admin.logentry", "pk": 37, "fields": {"action_time": "2019-04-05T13:23:55.776Z", "user": 1, "content_type": 23, "object_id": "134", "object_repr": "108 - \u0628\u0627\u0628\u062a \u0628\u0633\u062a\u0646 \u062d\u0633\u0627\u0628 \u0647\u0627\u06cc \u0645\u0648\u0642\u062a", "action_flag": 3, "change_message": ""}}, {"model": "admin.logentry", "pk": 38, "fields": {"action_time": "2019-04-05T13:52:18.716Z", "user": 1, "content_type": 23, "object_id": "151", "object_repr": "114 - \u0628\u0627\u0628\u062a \u0628\u0633\u062a\u0646 \u062d\u0633\u0627\u0628 \u0647\u0627\u06cc \u062f\u0627\u0626\u0645\u06cc", "action_flag": 3, "change_message": ""}}, {"model": "admin.logentry", "pk": 39, "fields": {"action_time": "2019-04-05T13:52:18.851Z", "user": 1, "content_type": 23, "object_id": "150", "object_repr": "113 - \u0628\u0627\u0628\u062a \u0628\u0633\u062a\u0646 \u062d\u0633\u0627\u0628 \u0647\u0627\u06cc \u062f\u0627\u0626\u0645\u06cc", "action_flag": 3, "change_message": ""}}, {"model": "admin.logentry", "pk": 40, "fields": {"action_time": "2019-04-05T13:52:18.954Z", "user": 1, "content_type": 23, "object_id": "149", "object_repr": "112 - \u0628\u0627\u0628\u062a \u0628\u0633\u062a\u0646 \u062d\u0633\u0627\u0628 \u0647\u0627\u06cc \u062f\u0627\u0626\u0645\u06cc", "action_flag": 3, "change_message": ""}}, {"model": "admin.logentry", "pk": 41, "fields": {"action_time": "2019-04-05T13:52:19.063Z", "user": 1, "content_type": 23, "object_id": "148", "object_repr": "111 - \u0628\u0627\u0628\u062a \u0628\u0633\u062a\u0646 \u062d\u0633\u0627\u0628 \u0633\u0648\u062f \u0648 \u0632\u06cc\u0627\u0646 \u062c\u0627\u0631\u06cc", "action_flag": 3, "change_message": ""}}, {"model": "admin.logentry", "pk": 42, "fields": {"action_time": "2019-04-05T13:52:19.169Z", "user": 1, "content_type": 23, "object_id": "147", "object_repr": "110 - \u0628\u0627\u0628\u062a \u0628\u0633\u062a\u0646 \u062d\u0633\u0627\u0628 \u0647\u0627\u06cc \u0645\u0648\u0642\u062a", "action_flag": 3, "change_message": ""}}, {"model": "admin.logentry", "pk": 43, "fields": {"action_time": "2019-04-05T13:52:19.278Z", "user": 1, "content_type": 23, "object_id": "141", "object_repr": "109 - \u0628\u0627\u0628\u062a \u0628\u0633\u062a\u0646 \u062d\u0633\u0627\u0628 \u0633\u0648\u062f \u0648 \u0632\u06cc\u0627\u0646 \u062c\u0627\u0631\u06cc", "action_flag": 3, "change_message": ""}}, {"model": "admin.logentry", "pk": 44, "fields": {"action_time": "2019-04-05T13:52:19.378Z", "user": 1, "content_type": 23, "object_id": "140", "object_repr": "108 - \u0628\u0627\u0628\u062a \u0628\u0633\u062a\u0646 \u062d\u0633\u0627\u0628 \u0647\u0627\u06cc \u0645\u0648\u0642\u062a", "action_flag": 3, "change_message": ""}}, {"model": "admin.logentry", "pk": 45, "fields": {"action_time": "2019-04-06T09:15:49.164Z", "user": 1, "content_type": 23, "object_id": "160", "object_repr": "114 - \u0628\u0627\u0628\u062a \u0627\u0641\u062a\u062a\u0627\u062d \u062d\u0633\u0627\u0628", "action_flag": 3, "change_message": ""}}, {"model": "admin.logentry", "pk": 46, "fields": {"action_time": "2019-04-06T09:15:49.279Z", "user": 1, "content_type": 23, "object_id": "159", "object_repr": "113 - \u0628\u0627\u0628\u062a \u0627\u0641\u062a\u062a\u0627\u062d \u062d\u0633\u0627\u0628", "action_flag": 3, "change_message": ""}}, {"model": "admin.logentry", "pk": 47, "fields": {"action_time": "2019-04-06T09:15:49.420Z", "user": 1, "content_type": 23, "object_id": "156", "object_repr": "112 - \u0628\u0627\u0628\u062a \u0628\u0633\u062a\u0646 \u062d\u0633\u0627\u0628 \u0647\u0627\u06cc \u062f\u0627\u0626\u0645\u06cc", "action_flag": 3, "change_message": ""}}, {"model": "admin.logentry", "pk": 48, "fields": {"action_time": "2019-04-06T09:15:49.548Z", "user": 1, "content_type": 23, "object_id": "155", "object_repr": "111 - \u0628\u0627\u0628\u062a \u0628\u0633\u062a\u0646 \u062d\u0633\u0627\u0628 \u0647\u0627\u06cc \u062f\u0627\u0626\u0645\u06cc", "action_flag": 3, "change_message": ""}}, {"model": "admin.logentry", "pk": 49, "fields": {"action_time": "2019-04-06T09:15:49.704Z", "user": 1, "content_type": 23, "object_id": "154", "object_repr": "110 - \u0628\u0627\u0628\u062a \u0628\u0633\u062a\u0646 \u062d\u0633\u0627\u0628 \u0647\u0627\u06cc \u062f\u0627\u0626\u0645\u06cc", "action_flag": 3, "change_message": ""}}, {"model": "admin.logentry", "pk": 50, "fields": {"action_time": "2019-04-06T09:15:49.863Z", "user": 1, "content_type": 23, "object_id": "153", "object_repr": "109 - \u0628\u0627\u0628\u062a \u0628\u0633\u062a\u0646 \u062d\u0633\u0627\u0628 \u0633\u0648\u062f \u0648 \u0632\u06cc\u0627\u0646 \u062c\u0627\u0631\u06cc", "action_flag": 3, "change_message": ""}}, {"model": "admin.logentry", "pk": 51, "fields": {"action_time": "2019-04-06T09:15:50.014Z", "user": 1, "content_type": 23, "object_id": "152", "object_repr": "108 - \u0628\u0627\u0628\u062a \u0628\u0633\u062a\u0646 \u062d\u0633\u0627\u0628 \u0647\u0627\u06cc \u0645\u0648\u0642\u062a", "action_flag": 3, "change_message": ""}}, {"model": "admin.logentry", "pk": 52, "fields": {"action_time": "2019-04-06T11:43:53.664Z", "user": 1, "content_type": 31, "object_id": "68", "object_repr": "Factor object (68)", "action_flag": 3, "change_message": ""}}, {"model": "admin.logentry", "pk": 53, "fields": {"action_time": "2019-04-09T05:32:52.610Z", "user": 1, "content_type": 14, "object_id": "1", "object_repr": "1 - \u06af\u0631\u0648\u0647", "action_flag": 1, "change_message": "[{\"added\": {}}]"}}, {"model": "admin.logentry", "pk": 54, "fields": {"action_time": "2019-04-09T05:33:13.147Z", "user": 1, "content_type": 14, "object_id": "2", "object_repr": "2 - \u06af\u0631\u0648\u0647 2", "action_flag": 1, "change_message": "[{\"added\": {}}]"}}, {"model": "admin.logentry", "pk": 55, "fields": {"action_time": "2019-04-09T12:27:50.366Z", "user": 1, "content_type": 7, "object_id": "1", "object_repr": "FinancialYear object (1)", "action_flag": 2, "change_message": "[{\"changed\": {\"fields\": [\"accounts\", \"persons\", \"float_accounts\", \"float_account_groups\"]}}]"}}, {"model": "admin.logentry", "pk": 56, "fields": {"action_time": "2019-04-10T01:41:55.674Z", "user": 1, "content_type": 7, "object_id": "1", "object_repr": "FinancialYear object (1)", "action_flag": 2, "change_message": "[{\"changed\": {\"fields\": [\"banks\", \"default_accounts\"]}}]"}}, {"model": "admin.logentry", "pk": 57, "fields": {"action_time": "2019-04-10T10:23:45.718Z", "user": 1, "content_type": 7, "object_id": "1", "object_repr": "FinancialYear object (1)", "action_flag": 2, "change_message": "[{\"changed\": {\"fields\": [\"wares\", \"warehouses\", \"ware_levels\", \"unit\"]}}]"}}, {"model": "admin.logentry", "pk": 58, "fields": {"action_time": "2019-04-11T05:04:07.308Z", "user": 1, "content_type": 13, "object_id": "2", "object_repr": "\u0631\u0636\u0627", "action_flag": 2, "change_message": "[{\"added\": {\"name\": \"float account relation\", \"object\": \"FloatAccountRelation object (1)\"}}, {\"added\": {\"name\": \"float account relation\", \"object\": \"FloatAccountRelation object (2)\"}}]"}}, {"model": "admin.logentry", "pk": 59, "fields": {"action_time": "2019-04-11T05:10:05.048Z", "user": 1, "content_type": 13, "object_id": "2", "object_repr": "\u0631\u0636\u0627", "action_flag": 2, "change_message": "[{\"deleted\": {\"name\": \"float account relation\", \"object\": \"FloatAccountRelation object (None)\"}}]"}}, {"model": "admin.logentry", "pk": 60, "fields": {"action_time": "2019-04-11T09:16:27.288Z", "user": 1, "content_type": 7, "object_id": "1", "object_repr": "FinancialYear object (1)", "action_flag": 2, "change_message": "[{\"changed\": {\"fields\": [\"float_account_relations\"]}}]"}}, {"model": "admin.logentry", "pk": 61, "fields": {"action_time": "2019-04-12T06:55:40.325Z", "user": 1, "content_type": 13, "object_id": "11", "object_repr": "adsf", "action_flag": 3, "change_message": ""}}, {"model": "admin.logentry", "pk": 62, "fields": {"action_time": "2019-04-12T06:55:40.455Z", "user": 1, "content_type": 13, "object_id": "10", "object_repr": "asdf", "action_flag": 3, "change_message": ""}}, {"model": "admin.logentry", "pk": 63, "fields": {"action_time": "2019-04-12T06:55:40.612Z", "user": 1, "content_type": 13, "object_id": "9", "object_repr": "\u0645\u0645\u062f \u062f\u0648 \u06af\u0631\u0648\u0647\u0647", "action_flag": 3, "change_message": ""}}, {"model": "admin.logentry", "pk": 64, "fields": {"action_time": "2019-04-12T06:55:40.833Z", "user": 1, "content_type": 13, "object_id": "8", "object_repr": "asdf", "action_flag": 3, "change_message": ""}}, {"model": "admin.logentry", "pk": 65, "fields": {"action_time": "2019-04-12T06:55:40.997Z", "user": 1, "content_type": 13, "object_id": "7", "object_repr": "adsf", "action_flag": 3, "change_message": ""}}, {"model": "admin.logentry", "pk": 66, "fields": {"action_time": "2019-04-12T06:55:41.145Z", "user": 1, "content_type": 13, "object_id": "6", "object_repr": "adf", "action_flag": 3, "change_message": ""}}, {"model": "admin.logentry", "pk": 67, "fields": {"action_time": "2019-04-12T06:55:41.345Z", "user": 1, "content_type": 13, "object_id": "5", "object_repr": "adf", "action_flag": 3, "change_message": ""}}, {"model": "admin.logentry", "pk": 68, "fields": {"action_time": "2019-04-12T06:55:41.521Z", "user": 1, "content_type": 13, "object_id": "4", "object_repr": "\u0642\u0644\u06cc", "action_flag": 3, "change_message": ""}}, {"model": "admin.logentry", "pk": 69, "fields": {"action_time": "2019-04-12T06:55:41.667Z", "user": 1, "content_type": 13, "object_id": "3", "object_repr": "\u0627\u06a9\u0628\u0631", "action_flag": 3, "change_message": ""}}, {"model": "admin.logentry", "pk": 70, "fields": {"action_time": "2019-04-12T06:55:41.786Z", "user": 1, "content_type": 13, "object_id": "2", "object_repr": "\u0631\u0636\u0627", "action_flag": 3, "change_message": ""}}, {"model": "admin.logentry", "pk": 71, "fields": {"action_time": "2019-04-12T06:55:41.901Z", "user": 1, "content_type": 13, "object_id": "1", "object_repr": "\u0645\u0645\u062f", "action_flag": 3, "change_message": ""}}, {"model": "admin.logentry", "pk": 72, "fields": {"action_time": "2019-04-12T06:56:08.102Z", "user": 1, "content_type": 8, "object_id": "568", "object_repr": "101020002 - 123ad", "action_flag": 3, "change_message": ""}}, {"model": "admin.logentry", "pk": 73, "fields": {"action_time": "2019-04-12T06:56:08.414Z", "user": 1, "content_type": 8, "object_id": "969", "object_repr": "101020003 - aaa", "action_flag": 3, "change_message": ""}}, {"model": "admin.logentry", "pk": 74, "fields": {"action_time": "2019-04-12T06:56:08.521Z", "user": 1, "content_type": 8, "object_id": "968", "object_repr": "101020003 - aaa", "action_flag": 3, "change_message": ""}}, {"model": "admin.logentry", "pk": 75, "fields": {"action_time": "2019-04-12T06:56:08.622Z", "user": 1, "content_type": 8, "object_id": "967", "object_repr": "101020003 - aaa", "action_flag": 3, "change_message": ""}}, {"model": "admin.logentry", "pk": 76, "fields": {"action_time": "2019-04-12T06:56:08.731Z", "user": 1, "content_type": 8, "object_id": "966", "object_repr": "101020003 - aaa", "action_flag": 3, "change_message": ""}}, {"model": "admin.logentry", "pk": 77, "fields": {"action_time": "2019-04-12T06:56:08.839Z", "user": 1, "content_type": 8, "object_id": "965", "object_repr": "101020003 - aaa", "action_flag": 3, "change_message": ""}}, {"model": "admin.logentry", "pk": 78, "fields": {"action_time": "2019-04-12T06:56:08.956Z", "user": 1, "content_type": 8, "object_id": "964", "object_repr": "101020003 - aaa", "action_flag": 3, "change_message": ""}}, {"model": "admin.logentry", "pk": 79, "fields": {"action_time": "2019-04-12T06:56:09.075Z", "user": 1, "content_type": 8, "object_id": "963", "object_repr": "101020003 - aaa", "action_flag": 3, "change_message": ""}}, {"model": "admin.logentry", "pk": 80, "fields": {"action_time": "2019-04-12T06:56:09.189Z", "user": 1, "content_type": 8, "object_id": "971", "object_repr": "101030002 - aaa", "action_flag": 3, "change_message": ""}}, {"model": "admin.logentry", "pk": 81, "fields": {"action_time": "2019-04-12T06:56:26.542Z", "user": 1, "content_type": 14, "object_id": "2", "object_repr": "2 - \u06af\u0631\u0648\u0647 2", "action_flag": 3, "change_message": ""}}, {"model": "admin.logentry", "pk": 82, "fields": {"action_time": "2019-04-12T06:56:26.664Z", "user": 1, "content_type": 14, "object_id": "1", "object_repr": "1 - \u06af\u0631\u0648\u0647", "action_flag": 3, "change_message": ""}}, {"model": "admin.logentry", "pk": 83, "fields": {"action_time": "2019-04-12T06:57:13.324Z", "user": 1, "content_type": 7, "object_id": "2", "object_repr": "FinancialYear object (2)", "action_flag": 3, "change_message": ""}}, {"model": "admin.logentry", "pk": 84, "fields": {"action_time": "2019-04-12T06:57:25.446Z", "user": 1, "content_type": 7, "object_id": "1", "object_repr": "FinancialYear object (1)", "action_flag": 2, "change_message": "[]"}}]
